"000:00:00.000","Info","2021-07-22 01:04:59","Service 'qwer_mid_detect_vid_2' : Execution start"
"000:00:00.000","Info","Subject Identification","37 38"
"000:00:00.000","Info","Apparatus","Zantiks Unit"
"000:00:00.000","Info","Unit ID","992BEA"
"000:00:30.705","Info","Arena",1,"Enter_Zone",1
"000:00:30.705","Info","Arena",2,"Enter_Zone",2
"000:00:31.537","Info","Arena",2,"Exit_Zone",2
"000:00:31.537","Info","Arena",2,"Enter_Zone",4
"000:00:32.337","Info","Arena",2,"Exit_Zone",4
"000:00:32.337","Info","Arena",2,"Enter_Zone",1
"000:00:35.002","Info","Arena",2,"Exit_Zone",1
"000:00:35.002","Info","Arena",2,"Enter_Zone",4
"000:00:35.405","Info","Arena",2,"Exit_Zone",4
"000:00:35.405","Info","Arena",2,"Enter_Zone",2
"000:00:36.801","Info","Arena",1,"Exit_Zone",1
"000:00:36.801","Info","Arena",1,"Enter_Zone",4
"000:00:36.835","Info","Arena",1,"Exit_Zone",4
"000:00:36.835","Info","Arena",1,"Enter_Zone",1
"000:00:37.536","Info","Arena",1,"Exit_Zone",1
"000:00:37.536","Info","Arena",1,"Enter_Zone",4
"000:00:37.668","Info","Arena",1,"Exit_Zone",4
"000:00:37.668","Info","Arena",1,"Enter_Zone",2
"000:00:38.072","Info","Arena",2,"Exit_Zone",2
"000:00:38.072","Info","Arena",2,"Enter_Zone",4
"000:00:38.936","Info","Arena",2,"Exit_Zone",4
"000:00:38.936","Info","Arena",2,"Enter_Zone",3
"000:00:45.070","Info","Arena",1,"Exit_Zone",2
"000:00:45.070","Info","Arena",1,"Enter_Zone",4
"000:00:45.238","Info","Arena",1,"Exit_Zone",4
"000:00:45.238","Info","Arena",1,"Enter_Zone",1
"000:00:45.699","Info","Arena",2,"Exit_Zone",3
"000:00:45.699","Info","Arena",2,"Enter_Zone",4
"000:00:45.800","Info","Arena",1,"Exit_Zone",1
"000:00:45.800","Info","Arena",1,"Enter_Zone",4
"000:00:45.903","Info","Arena",2,"Exit_Zone",4
"000:00:45.903","Info","Arena",2,"Enter_Zone",1
"000:00:46.366","Info","Arena",1,"Exit_Zone",4
"000:00:46.366","Info","Arena",1,"Enter_Zone",1
"000:00:46.570","Info","Arena",1,"Exit_Zone",1
"000:00:46.570","Info","Arena",1,"Enter_Zone",4
"000:00:46.966","Info","Arena",1,"Exit_Zone",4
"000:00:46.966","Info","Arena",1,"Enter_Zone",3
"000:00:48.366","Info","Arena",1,"Exit_Zone",3
"000:00:48.366","Info","Arena",1,"Enter_Zone",4
"000:00:48.933","Info","Arena",1,"Exit_Zone",4
"000:00:48.933","Info","Arena",1,"Enter_Zone",1
"000:00:49.832","Info","Arena",2,"Exit_Zone",1
"000:00:49.832","Info","Arena",2,"Enter_Zone",4
"000:00:50.199","Info","Arena",2,"Exit_Zone",4
"000:00:50.199","Info","Arena",2,"Enter_Zone",1
"000:00:52.235","Info","Arena",2,"Exit_Zone",1
"000:00:52.235","Info","Arena",2,"Enter_Zone",4
"000:00:52.465","Info","Arena",2,"Exit_Zone",4
"000:00:52.465","Info","Arena",2,"Enter_Zone",3
"000:00:53.737","Info","Arena",1,"Exit_Zone",1
"000:00:53.737","Info","Arena",1,"Enter_Zone",4
"000:00:54.402","Info","Arena",1,"Exit_Zone",4
"000:00:54.402","Info","Arena",1,"Enter_Zone",2
"000:00:56.831","Info","Arena",2,"Exit_Zone",3
"000:00:56.831","Info","Arena",2,"Enter_Zone",4
"000:00:57.132","Info","Arena",2,"Exit_Zone",4
"000:00:57.132","Info","Arena",2,"Enter_Zone",2
"000:01:00.163","Info","Arena",1,"Exit_Zone",2
"000:01:00.163","Info","Arena",1,"Enter_Zone",4
"000:01:00.597","Info","Arena",1,"Exit_Zone",4
"000:01:00.597","Info","Arena",1,"Enter_Zone",3
"000:01:03.096","Info","Arena",1,"Exit_Zone",3
"000:01:03.096","Info","Arena",1,"Enter_Zone",4
"000:01:03.363","Info","Arena",1,"Exit_Zone",4
"000:01:03.363","Info","Arena",1,"Enter_Zone",3
"000:01:05.662","Info","Arena",1,"Exit_Zone",3
"000:01:05.662","Info","Arena",1,"Enter_Zone",4
"000:01:05.899","Info","Arena",1,"Exit_Zone",4
"000:01:05.899","Info","Arena",1,"Enter_Zone",2
"000:01:05.996","Info","Arena",1,"Exit_Zone",2
"000:01:05.996","Info","Arena",1,"Enter_Zone",4
"000:01:06.131","Info","Arena",1,"Exit_Zone",4
"000:01:06.131","Info","Arena",1,"Enter_Zone",2
"000:01:08.795","Info","Arena",1,"Exit_Zone",2
"000:01:08.795","Info","Arena",1,"Enter_Zone",4
"000:01:09.295","Info","Arena",1,"Exit_Zone",4
"000:01:09.295","Info","Arena",1,"Enter_Zone",1
"000:01:11.763","Info","Arena",2,"Exit_Zone",2
"000:01:11.763","Info","Arena",2,"Enter_Zone",4
"000:01:12.294","Info","Arena",2,"Exit_Zone",4
"000:01:12.294","Info","Arena",2,"Enter_Zone",2
"000:01:15.564","Info","Arena",2,"Exit_Zone",2
"000:01:15.564","Info","Arena",2,"Enter_Zone",4
"000:01:16.128","Info","Arena",1,"Exit_Zone",1
"000:01:16.128","Info","Arena",1,"Enter_Zone",4
"000:01:16.328","Info","Arena",1,"Exit_Zone",4
"000:01:16.328","Info","Arena",1,"Enter_Zone",2
"000:01:16.694","Info","Arena",2,"Exit_Zone",4
"000:01:16.694","Info","Arena",2,"Enter_Zone",2
"000:01:17.660","Info","Arena",2,"Exit_Zone",2
"000:01:17.660","Info","Arena",2,"Enter_Zone",4
"000:01:18.564","Info","Arena",2,"Exit_Zone",4
"000:01:18.564","Info","Arena",2,"Enter_Zone",1
"000:01:18.660","Info","Arena",1,"Exit_Zone",2
"000:01:18.660","Info","Arena",1,"Enter_Zone",4
"000:01:18.960","Info","Arena",1,"Exit_Zone",4
"000:01:18.960","Info","Arena",1,"Enter_Zone",1
"000:01:24.327","Info","Arena",2,"Exit_Zone",1
"000:01:24.327","Info","Arena",2,"Enter_Zone",4
"000:01:25.092","Info","Arena",2,"Exit_Zone",4
"000:01:25.092","Info","Arena",2,"Enter_Zone",3
"000:01:30.624","Info","Arena",1,"Exit_Zone",1
"000:01:30.624","Info","Arena",1,"Enter_Zone",4
"000:01:31.024","Info","Arena",1,"Exit_Zone",4
"000:01:31.024","Info","Arena",1,"Enter_Zone",2
"000:01:31.824","Info","Arena",2,"Exit_Zone",3
"000:01:31.824","Info","Arena",2,"Enter_Zone",4
"000:01:32.061","Info","Arena",1,"Exit_Zone",2
"000:01:32.061","Info","Arena",1,"Enter_Zone",4
"000:01:32.490","Info","Arena",1,"Exit_Zone",4
"000:01:32.490","Info","Arena",1,"Enter_Zone",3
"000:01:32.561","Info","Arena",2,"Exit_Zone",4
"000:01:32.561","Info","Arena",2,"Enter_Zone",2
"000:01:33.457","Info","Arena",2,"Exit_Zone",2
"000:01:33.457","Info","Arena",2,"Enter_Zone",4
"000:01:33.490","Info","Arena",2,"Exit_Zone",4
"000:01:33.490","Info","Arena",2,"Enter_Zone",2
"000:01:36.256","Info","Arena",1,"Exit_Zone",3
"000:01:36.256","Info","Arena",1,"Enter_Zone",4
"000:01:36.456","Info","Arena",1,"Exit_Zone",4
"000:01:36.456","Info","Arena",1,"Enter_Zone",1
"000:01:36.456","Info","Arena",2,"Exit_Zone",2
"000:01:36.456","Info","Arena",2,"Enter_Zone",4
"000:01:37.023","Info","Arena",2,"Exit_Zone",4
"000:01:37.023","Info","Arena",2,"Enter_Zone",3
"000:01:50.820","Info","Arena",2,"Exit_Zone",3
"000:01:50.820","Info","Arena",2,"Enter_Zone",4
"000:01:51.486","Info","Arena",2,"Exit_Zone",4
"000:01:51.486","Info","Arena",2,"Enter_Zone",1
"000:01:52.820","Info","Arena",2,"Exit_Zone",1
"000:01:52.820","Info","Arena",2,"Enter_Zone",4
"000:01:53.086","Info","Arena",1,"Exit_Zone",1
"000:01:53.086","Info","Arena",1,"Enter_Zone",4
"000:01:53.753","Info","Arena",1,"Exit_Zone",4
"000:01:53.753","Info","Arena",1,"Enter_Zone",2
"000:01:54.223","Info","Arena",2,"Exit_Zone",4
"000:01:54.223","Info","Arena",2,"Enter_Zone",3
"000:01:55.920","Info","Arena",1,"Exit_Zone",2
"000:01:55.920","Info","Arena",1,"Enter_Zone",4
"000:01:56.224","Info","Arena",1,"Exit_Zone",4
"000:01:56.224","Info","Arena",1,"Enter_Zone",3
"000:01:57.920","Info","Arena",2,"Exit_Zone",3
"000:01:57.920","Info","Arena",2,"Enter_Zone",4
"000:01:59.285","Info","Arena",2,"Exit_Zone",4
"000:01:59.285","Info","Arena",2,"Enter_Zone",1
"000:02:01.651","Info","Arena",2,"Exit_Zone",1
"000:02:01.651","Info","Arena",2,"Enter_Zone",4
"000:02:02.284","Info","Arena",2,"Exit_Zone",4
"000:02:02.284","Info","Arena",2,"Enter_Zone",2
"000:02:03.151","Info","Arena",1,"Exit_Zone",3
"000:02:03.151","Info","Arena",1,"Enter_Zone",4
"000:02:03.319","Info","Arena",1,"Exit_Zone",4
"000:02:03.319","Info","Arena",1,"Enter_Zone",3
"000:02:05.887","Info","Arena",2,"Exit_Zone",2
"000:02:05.887","Info","Arena",2,"Enter_Zone",4
"000:02:06.284","Info","Arena",2,"Exit_Zone",4
"000:02:06.284","Info","Arena",2,"Enter_Zone",2
"000:02:07.983","Info","Arena",1,"Exit_Zone",3
"000:02:07.983","Info","Arena",1,"Enter_Zone",4
"000:02:08.283","Info","Arena",1,"Exit_Zone",4
"000:02:08.283","Info","Arena",1,"Enter_Zone",3
"000:02:09.250","Info","Arena",2,"Exit_Zone",2
"000:02:09.250","Info","Arena",2,"Enter_Zone",4
"000:02:10.016","Info","Arena",2,"Exit_Zone",4
"000:02:10.016","Info","Arena",2,"Enter_Zone",1
"000:02:10.117","Info","Arena",1,"Exit_Zone",3
"000:02:10.117","Info","Arena",1,"Enter_Zone",4
"000:02:10.449","Info","Arena",1,"Exit_Zone",4
"000:02:10.449","Info","Arena",1,"Enter_Zone",3
"000:02:14.886","Info","Arena",2,"Exit_Zone",1
"000:02:14.886","Info","Arena",2,"Enter_Zone",4
"000:02:15.448","Info","Arena",2,"Exit_Zone",4
"000:02:15.448","Info","Arena",2,"Enter_Zone",3
"000:02:20.015","Info","Arena",1,"Exit_Zone",3
"000:02:20.015","Info","Arena",1,"Enter_Zone",4
"000:02:20.814","Info","Arena",1,"Exit_Zone",4
"000:02:20.814","Info","Arena",1,"Enter_Zone",1
"000:02:22.814","Info","Arena",1,"Exit_Zone",1
"000:02:22.814","Info","Arena",1,"Enter_Zone",4
"000:02:23.480","Info","Arena",1,"Exit_Zone",4
"000:02:23.480","Info","Arena",1,"Enter_Zone",3
"000:02:31.412","Info","Arena",2,"Exit_Zone",3
"000:02:31.412","Info","Arena",2,"Enter_Zone",4
"000:02:32.049","Info","Arena",2,"Exit_Zone",4
"000:02:32.049","Info","Arena",2,"Enter_Zone",2
"000:02:33.178","Info","Arena",2,"Exit_Zone",2
"000:02:33.178","Info","Arena",2,"Enter_Zone",4
"000:02:34.474","Info","Arena",2,"Exit_Zone",4
"000:02:34.474","Info","Arena",2,"Enter_Zone",2
"000:02:41.277","Info","Arena",1,"Exit_Zone",3
"000:02:41.277","Info","Arena",1,"Enter_Zone",4
"000:02:41.547","Info","Arena",1,"Exit_Zone",4
"000:02:41.547","Info","Arena",1,"Enter_Zone",3
"000:02:41.911","Info","Arena",2,"Exit_Zone",2
"000:02:41.911","Info","Arena",2,"Enter_Zone",4
"000:02:42.410","Info","Arena",2,"Exit_Zone",4
"000:02:42.410","Info","Arena",2,"Enter_Zone",3
"000:02:42.477","Info","Arena",1,"Exit_Zone",3
"000:02:42.477","Info","Arena",1,"Enter_Zone",4
"000:02:43.077","Info","Arena",1,"Exit_Zone",4
"000:02:43.077","Info","Arena",1,"Enter_Zone",1
"000:02:46.310","Info","Arena",1,"Exit_Zone",1
"000:02:46.310","Info","Arena",1,"Enter_Zone",4
"000:02:47.142","Info","Arena",1,"Exit_Zone",4
"000:02:47.142","Info","Arena",1,"Enter_Zone",3
"000:02:50.575","Info","Arena",1,"Exit_Zone",3
"000:02:50.575","Info","Arena",1,"Enter_Zone",4
"000:02:51.009","Info","Arena",1,"Exit_Zone",4
"000:02:51.009","Info","Arena",1,"Enter_Zone",1
"000:02:51.212","Info","Arena",2,"Exit_Zone",3
"000:02:51.212","Info","Arena",2,"Enter_Zone",4
"000:02:53.441","Info","Arena",1,"Exit_Zone",1
"000:02:53.441","Info","Arena",1,"Enter_Zone",4
"000:02:53.641","Info","Arena",2,"Exit_Zone",4
"000:02:53.641","Info","Arena",2,"Enter_Zone",3
"000:02:53.975","Info","Arena",1,"Exit_Zone",4
"000:02:53.975","Info","Arena",1,"Enter_Zone",3
"000:03:00.377","Info","Arena",1,"Exit_Zone",3
"000:03:00.377","Info","Arena",1,"Enter_Zone",4
"000:03:00.907","Info","Arena",1,"Exit_Zone",4
"000:03:00.907","Info","Arena",1,"Enter_Zone",1
"000:03:03.107","Info","Arena",1,"Exit_Zone",1
"000:03:03.107","Info","Arena",1,"Enter_Zone",4
"000:03:03.606","Info","Arena",1,"Exit_Zone",4
"000:03:03.606","Info","Arena",1,"Enter_Zone",3
"000:03:06.710","Info","Arena",2,"Exit_Zone",3
"000:03:06.710","Info","Arena",2,"Enter_Zone",4
"000:03:07.172","Info","Arena",2,"Exit_Zone",4
"000:03:07.172","Info","Arena",2,"Enter_Zone",1
"000:03:09.271","Info","Arena",2,"Exit_Zone",1
"000:03:09.271","Info","Arena",2,"Enter_Zone",4
"000:03:09.338","Info","Arena",2,"Exit_Zone",4
"000:03:09.338","Info","Arena",2,"Enter_Zone",1
"000:03:09.439","Info","Arena",2,"Exit_Zone",1
"000:03:09.439","Info","Arena",2,"Enter_Zone",4
"000:03:11.004","Info","Arena",2,"Exit_Zone",4
"000:03:11.004","Info","Arena",2,"Enter_Zone",2
"000:03:13.271","Info","Arena",2,"Exit_Zone",2
"000:03:13.271","Info","Arena",2,"Enter_Zone",4
"000:03:13.737","Info","Arena",2,"Exit_Zone",4
"000:03:13.737","Info","Arena",2,"Enter_Zone",1
"000:03:14.337","Info","Arena",1,"Exit_Zone",3
"000:03:14.337","Info","Arena",1,"Enter_Zone",4
"000:03:14.708","Info","Arena",1,"Exit_Zone",4
"000:03:14.708","Info","Arena",1,"Enter_Zone",1
"000:03:14.737","Info","Arena",2,"Exit_Zone",1
"000:03:14.737","Info","Arena",2,"Enter_Zone",4
"000:03:15.737","Info","Arena",2,"Exit_Zone",4
"000:03:15.737","Info","Arena",2,"Enter_Zone",1
"000:03:16.237","Info","Arena",2,"Exit_Zone",1
"000:03:16.237","Info","Arena",2,"Enter_Zone",4
"000:03:16.837","Info","Arena",2,"Exit_Zone",4
"000:03:16.837","Info","Arena",2,"Enter_Zone",3
"000:03:17.137","Info","Arena",1,"Exit_Zone",1
"000:03:17.137","Info","Arena",1,"Enter_Zone",4
"000:03:17.170","Info","Arena",1,"Exit_Zone",4
"000:03:17.170","Info","Arena",1,"Enter_Zone",1
"000:03:17.270","Info","Arena",1,"Exit_Zone",1
"000:03:17.270","Info","Arena",1,"Enter_Zone",4
"000:03:18.770","Info","Arena",1,"Exit_Zone",4
"000:03:18.770","Info","Arena",1,"Enter_Zone",3
"000:03:23.903","Info","Arena",1,"Exit_Zone",3
"000:03:23.903","Info","Arena",1,"Enter_Zone",4
"000:03:24.039","Info","Arena",2,"Exit_Zone",3
"000:03:24.039","Info","Arena",2,"Enter_Zone",4
"000:03:24.769","Info","Arena",1,"Exit_Zone",4
"000:03:24.769","Info","Arena",1,"Enter_Zone",3
"000:03:24.769","Info","Arena",2,"Exit_Zone",4
"000:03:24.769","Info","Arena",2,"Enter_Zone",1
"000:03:24.802","Info","Arena",2,"Exit_Zone",1
"000:03:24.802","Info","Arena",2,"Enter_Zone",4
"000:03:24.835","Info","Arena",2,"Exit_Zone",4
"000:03:24.835","Info","Arena",2,"Enter_Zone",1
"000:03:24.872","Info","Arena",2,"Exit_Zone",1
"000:03:24.872","Info","Arena",2,"Enter_Zone",4
"000:03:25.168","Info","Arena",2,"Exit_Zone",4
"000:03:25.168","Info","Arena",2,"Enter_Zone",3
"000:03:30.967","Info","Arena",1,"Exit_Zone",3
"000:03:30.967","Info","Arena",1,"Enter_Zone",4
"000:03:31.467","Info","Arena",2,"Exit_Zone",3
"000:03:31.467","Info","Arena",2,"Enter_Zone",4
"000:03:31.501","Info","Arena",1,"Exit_Zone",4
"000:03:31.501","Info","Arena",1,"Enter_Zone",1
"000:03:33.037","Info","Arena",2,"Exit_Zone",4
"000:03:33.037","Info","Arena",2,"Enter_Zone",1
"000:03:33.204","Info","Arena",2,"Exit_Zone",1
"000:03:33.204","Info","Arena",2,"Enter_Zone",4
"000:03:34.233","Info","Arena",1,"Exit_Zone",1
"000:03:34.233","Info","Arena",1,"Enter_Zone",4
"000:03:34.266","Info","Arena",2,"Exit_Zone",4
"000:03:34.266","Info","Arena",2,"Enter_Zone",2
"000:03:34.871","Info","Arena",1,"Exit_Zone",4
"000:03:34.871","Info","Arena",1,"Enter_Zone",2
"000:03:35.101","Info","Arena",2,"Exit_Zone",2
"000:03:35.101","Info","Arena",2,"Enter_Zone",4
"000:03:35.666","Info","Arena",2,"Exit_Zone",4
"000:03:35.666","Info","Arena",2,"Enter_Zone",3
"000:03:40.799","Info","Arena",2,"Exit_Zone",3
"000:03:40.799","Info","Arena",2,"Enter_Zone",4
"000:03:41.598","Info","Arena",2,"Exit_Zone",4
"000:03:41.598","Info","Arena",2,"Enter_Zone",2
"000:03:42.265","Info","Arena",1,"Exit_Zone",2
"000:03:42.265","Info","Arena",1,"Enter_Zone",4
"000:03:42.331","Info","Arena",2,"Exit_Zone",2
"000:03:42.331","Info","Arena",2,"Enter_Zone",4
"000:03:42.703","Info","Arena",2,"Exit_Zone",4
"000:03:42.703","Info","Arena",2,"Enter_Zone",3
"000:03:42.831","Info","Arena",1,"Exit_Zone",4
"000:03:42.831","Info","Arena",1,"Enter_Zone",3
"000:03:42.900","Info","Arena",2,"Exit_Zone",3
"000:03:42.900","Info","Arena",2,"Enter_Zone",4
"000:03:43.831","Info","Arena",2,"Exit_Zone",4
"000:03:43.831","Info","Arena",2,"Enter_Zone",2
"000:03:44.299","Info","Arena",2,"Exit_Zone",2
"000:03:44.299","Info","Arena",2,"Enter_Zone",4
"000:03:45.131","Info","Arena",2,"Exit_Zone",4
"000:03:45.131","Info","Arena",2,"Enter_Zone",2
"000:03:45.933","Info","Arena",2,"Exit_Zone",2
"000:03:45.933","Info","Arena",2,"Enter_Zone",4
"000:03:46.931","Info","Arena",2,"Exit_Zone",4
"000:03:46.931","Info","Arena",2,"Enter_Zone",3
"000:03:48.867","Info","Arena",2,"Exit_Zone",3
"000:03:48.867","Info","Arena",2,"Enter_Zone",4
"000:03:50.098","Info","Arena",2,"Exit_Zone",4
"000:03:50.098","Info","Arena",2,"Enter_Zone",1
"000:03:50.463","Info","Arena",1,"Exit_Zone",3
"000:03:50.463","Info","Arena",1,"Enter_Zone",4
"000:03:50.797","Info","Arena",1,"Exit_Zone",4
"000:03:50.797","Info","Arena",1,"Enter_Zone",2
"000:03:55.367","Info","Arena",1,"Exit_Zone",2
"000:03:55.367","Info","Arena",1,"Enter_Zone",4
"000:03:56.129","Info","Arena",1,"Exit_Zone",4
"000:03:56.129","Info","Arena",1,"Enter_Zone",3
"000:03:56.162","Info","Arena",1,"Exit_Zone",3
"000:03:56.162","Info","Arena",1,"Enter_Zone",4
"000:03:56.201","Info","Arena",1,"Exit_Zone",4
"000:03:56.201","Info","Arena",1,"Enter_Zone",3
"000:03:57.462","Info","Arena",2,"Exit_Zone",1
"000:03:57.462","Info","Arena",2,"Enter_Zone",4
"000:03:57.828","Info","Arena",2,"Exit_Zone",4
"000:03:57.828","Info","Arena",2,"Enter_Zone",3
"000:04:00.928","Info","Arena",2,"Exit_Zone",3
"000:04:00.928","Info","Arena",2,"Enter_Zone",4
"000:04:01.428","Info","Arena",2,"Exit_Zone",4
"000:04:01.428","Info","Arena",2,"Enter_Zone",1
"000:04:05.700","Info","Arena",2,"Exit_Zone",1
"000:04:05.700","Info","Arena",2,"Enter_Zone",4
"000:04:06.127","Info","Arena",2,"Exit_Zone",4
"000:04:06.127","Info","Arena",2,"Enter_Zone",1
"000:04:06.393","Info","Arena",1,"Exit_Zone",3
"000:04:06.393","Info","Arena",1,"Enter_Zone",4
"000:04:06.864","Info","Arena",1,"Exit_Zone",4
"000:04:06.864","Info","Arena",1,"Enter_Zone",1
"000:04:09.030","Info","Arena",2,"Exit_Zone",1
"000:04:09.030","Info","Arena",2,"Enter_Zone",4
"000:04:09.494","Info","Arena",2,"Exit_Zone",4
"000:04:09.494","Info","Arena",2,"Enter_Zone",3
"000:04:09.530","Info","Arena",1,"Exit_Zone",1
"000:04:09.530","Info","Arena",1,"Enter_Zone",4
"000:04:10.095","Info","Arena",1,"Exit_Zone",4
"000:04:10.095","Info","Arena",1,"Enter_Zone",3
"000:04:12.759","Info","Arena",2,"Exit_Zone",3
"000:04:12.759","Info","Arena",2,"Enter_Zone",4
"000:04:13.059","Info","Arena",2,"Exit_Zone",4
"000:04:13.059","Info","Arena",2,"Enter_Zone",1
"000:04:14.862","Info","Arena",2,"Exit_Zone",1
"000:04:14.862","Info","Arena",2,"Enter_Zone",4
"000:04:15.258","Info","Arena",2,"Exit_Zone",4
"000:04:15.258","Info","Arena",2,"Enter_Zone",3
"000:04:20.029","Info","Arena",1,"Exit_Zone",3
"000:04:20.029","Info","Arena",1,"Enter_Zone",4
"000:04:21.224","Info","Arena",1,"Exit_Zone",4
"000:04:21.224","Info","Arena",1,"Enter_Zone",1
"000:04:22.457","Info","Arena",1,"Exit_Zone",1
"000:04:22.457","Info","Arena",1,"Enter_Zone",4
"000:04:23.057","Info","Arena",1,"Exit_Zone",4
"000:04:23.057","Info","Arena",1,"Enter_Zone",3
"000:04:24.291","Info","Arena",2,"Exit_Zone",3
"000:04:24.291","Info","Arena",2,"Enter_Zone",4
"000:04:25.656","Info","Arena",2,"Exit_Zone",4
"000:04:25.656","Info","Arena",2,"Enter_Zone",2
"000:04:25.756","Info","Arena",1,"Exit_Zone",3
"000:04:25.756","Info","Arena",1,"Enter_Zone",4
"000:04:26.360","Info","Arena",1,"Exit_Zone",4
"000:04:26.360","Info","Arena",1,"Enter_Zone",3
"000:04:28.291","Info","Arena",2,"Exit_Zone",2
"000:04:28.291","Info","Arena",2,"Enter_Zone",4
"000:04:28.789","Info","Arena",2,"Exit_Zone",4
"000:04:28.789","Info","Arena",2,"Enter_Zone",2
"000:04:31.555","Info","Arena",1,"Exit_Zone",3
"000:04:31.555","Info","Arena",1,"Enter_Zone",4
"000:04:32.322","Info","Arena",1,"Exit_Zone",4
"000:04:32.322","Info","Arena",1,"Enter_Zone",1
"000:04:33.388","Info","Arena",1,"Exit_Zone",1
"000:04:33.388","Info","Arena",1,"Enter_Zone",4
"000:04:33.890","Info","Arena",1,"Exit_Zone",4
"000:04:33.890","Info","Arena",1,"Enter_Zone",3
"000:04:40.888","Info","Arena",2,"Exit_Zone",2
"000:04:40.888","Info","Arena",2,"Enter_Zone",4
"000:04:41.254","Info","Arena",2,"Exit_Zone",4
"000:04:41.254","Info","Arena",2,"Enter_Zone",1
"000:04:41.357","Info","Arena",1,"Exit_Zone",3
"000:04:41.357","Info","Arena",1,"Enter_Zone",4
"000:04:41.920","Info","Arena",1,"Exit_Zone",4
"000:04:41.920","Info","Arena",1,"Enter_Zone",1
"000:04:42.088","Info","Arena",2,"Exit_Zone",1
"000:04:42.088","Info","Arena",2,"Enter_Zone",4
"000:04:42.887","Info","Arena",2,"Exit_Zone",4
"000:04:42.887","Info","Arena",2,"Enter_Zone",2
"000:04:45.360","Info","Arena",2,"Exit_Zone",2
"000:04:45.360","Info","Arena",2,"Enter_Zone",4
"000:04:45.919","Info","Arena",2,"Exit_Zone",4
"000:04:45.919","Info","Arena",2,"Enter_Zone",1
"000:04:47.419","Info","Arena",1,"Exit_Zone",1
"000:04:47.419","Info","Arena",1,"Enter_Zone",4
"000:04:48.419","Info","Arena",1,"Exit_Zone",4
"000:04:48.419","Info","Arena",1,"Enter_Zone",3
"000:04:49.086","Info","Arena",2,"Exit_Zone",1
"000:04:49.086","Info","Arena",2,"Enter_Zone",4
"000:04:49.690","Info","Arena",2,"Exit_Zone",4
"000:04:49.690","Info","Arena",2,"Enter_Zone",3
"000:04:53.251","Info","Arena",2,"Exit_Zone",3
"000:04:53.251","Info","Arena",2,"Enter_Zone",4
"000:04:54.086","Info","Arena",2,"Exit_Zone",4
"000:04:54.086","Info","Arena",2,"Enter_Zone",3
"000:05:03.853","Info","Arena",1,"Exit_Zone",3
"000:05:03.853","Info","Arena",1,"Enter_Zone",4
"000:05:04.519","Info","Arena",2,"Exit_Zone",3
"000:05:04.519","Info","Arena",2,"Enter_Zone",4
"000:05:04.549","Info","Arena",1,"Exit_Zone",4
"000:05:04.549","Info","Arena",1,"Enter_Zone",1
"000:05:05.116","Info","Arena",2,"Exit_Zone",4
"000:05:05.116","Info","Arena",2,"Enter_Zone",2
"000:05:05.615","Info","Arena",2,"Exit_Zone",2
"000:05:05.615","Info","Arena",2,"Enter_Zone",4
"000:05:05.982","Info","Arena",2,"Exit_Zone",4
"000:05:05.982","Info","Arena",2,"Enter_Zone",3
"000:05:07.482","Info","Arena",1,"Exit_Zone",1
"000:05:07.482","Info","Arena",1,"Enter_Zone",4
"000:05:08.115","Info","Arena",1,"Exit_Zone",4
"000:05:08.115","Info","Arena",1,"Enter_Zone",3
"000:05:09.714","Info","Arena",2,"Exit_Zone",3
"000:05:09.714","Info","Arena",2,"Enter_Zone",4
"000:05:10.414","Info","Arena",2,"Exit_Zone",4
"000:05:10.414","Info","Arena",2,"Enter_Zone",2
"000:05:12.047","Info","Arena",2,"Exit_Zone",2
"000:05:12.047","Info","Arena",2,"Enter_Zone",4
"000:05:12.447","Info","Arena",2,"Exit_Zone",4
"000:05:12.447","Info","Arena",2,"Enter_Zone",3
"000:05:12.547","Info","Arena",2,"Exit_Zone",3
"000:05:12.547","Info","Arena",2,"Enter_Zone",4
"000:05:13.747","Info","Arena",2,"Exit_Zone",4
"000:05:13.747","Info","Arena",2,"Enter_Zone",2
"000:05:15.814","Info","Arena",2,"Exit_Zone",2
"000:05:15.814","Info","Arena",2,"Enter_Zone",4
"000:05:16.350","Info","Arena",2,"Exit_Zone",4
"000:05:16.350","Info","Arena",2,"Enter_Zone",1
"000:05:19.646","Info","Arena",1,"Exit_Zone",3
"000:05:19.646","Info","Arena",1,"Enter_Zone",4
"000:05:20.580","Info","Arena",1,"Exit_Zone",4
"000:05:20.580","Info","Arena",1,"Enter_Zone",1
"000:05:21.246","Info","Arena",2,"Exit_Zone",1
"000:05:21.246","Info","Arena",2,"Enter_Zone",4
"000:05:22.378","Info","Arena",2,"Exit_Zone",4
"000:05:22.378","Info","Arena",2,"Enter_Zone",3
"000:05:22.850","Info","Arena",2,"Exit_Zone",3
"000:05:22.850","Info","Arena",2,"Enter_Zone",4
"000:05:23.945","Info","Arena",2,"Exit_Zone",4
"000:05:23.945","Info","Arena",2,"Enter_Zone",2
"000:05:24.182","Info","Arena",2,"Exit_Zone",2
"000:05:24.182","Info","Arena",2,"Enter_Zone",4
"000:05:24.279","Info","Arena",2,"Exit_Zone",4
"000:05:24.279","Info","Arena",2,"Enter_Zone",2
"000:05:24.311","Info","Arena",2,"Exit_Zone",2
"000:05:24.311","Info","Arena",2,"Enter_Zone",4
"000:05:24.480","Info","Arena",2,"Exit_Zone",4
"000:05:24.480","Info","Arena",2,"Enter_Zone",2
"000:05:26.311","Info","Arena",2,"Exit_Zone",2
"000:05:26.311","Info","Arena",2,"Enter_Zone",4
"000:05:26.711","Info","Arena",2,"Exit_Zone",4
"000:05:26.711","Info","Arena",2,"Enter_Zone",2
"000:05:27.711","Info","Arena",1,"Exit_Zone",1
"000:05:27.711","Info","Arena",1,"Enter_Zone",4
"000:05:28.544","Info","Arena",1,"Exit_Zone",4
"000:05:28.544","Info","Arena",1,"Enter_Zone",3
"000:05:33.877","Info","Arena",2,"Exit_Zone",2
"000:05:33.877","Info","Arena",2,"Enter_Zone",4
"000:05:34.478","Info","Arena",2,"Exit_Zone",4
"000:05:34.478","Info","Arena",2,"Enter_Zone",2
"000:05:34.543","Info","Arena",2,"Exit_Zone",2
"000:05:34.543","Info","Arena",2,"Enter_Zone",4
"000:05:35.277","Info","Arena",2,"Exit_Zone",4
"000:05:35.277","Info","Arena",2,"Enter_Zone",3
"000:05:35.377","Info","Arena",2,"Exit_Zone",3
"000:05:35.377","Info","Arena",2,"Enter_Zone",4
"000:05:36.542","Info","Arena",2,"Exit_Zone",4
"000:05:36.542","Info","Arena",2,"Enter_Zone",1
"000:05:36.681","Info","Arena",2,"Exit_Zone",1
"000:05:36.681","Info","Arena",2,"Enter_Zone",4
"000:05:37.013","Info","Arena",2,"Exit_Zone",4
"000:05:37.013","Info","Arena",2,"Enter_Zone",1
"000:05:37.910","Info","Arena",2,"Exit_Zone",1
"000:05:37.910","Info","Arena",2,"Enter_Zone",4
"000:05:38.644","Info","Arena",1,"Exit_Zone",3
"000:05:38.644","Info","Arena",1,"Enter_Zone",4
"000:05:39.308","Info","Arena",2,"Exit_Zone",4
"000:05:39.308","Info","Arena",2,"Enter_Zone",3
"000:05:39.847","Info","Arena",1,"Exit_Zone",4
"000:05:39.847","Info","Arena",1,"Enter_Zone",2
"000:05:47.240","Info","Arena",1,"Exit_Zone",2
"000:05:47.240","Info","Arena",1,"Enter_Zone",4
"000:05:47.907","Info","Arena",1,"Exit_Zone",4
"000:05:47.907","Info","Arena",1,"Enter_Zone",3
"000:05:53.510","Info","Arena",1,"Exit_Zone",3
"000:05:53.510","Info","Arena",1,"Enter_Zone",4
"000:05:54.206","Info","Arena",1,"Exit_Zone",4
"000:05:54.206","Info","Arena",1,"Enter_Zone",1
"000:05:57.638","Info","Arena",1,"Exit_Zone",1
"000:05:57.638","Info","Arena",1,"Enter_Zone",4
"000:05:58.805","Info","Arena",1,"Exit_Zone",4
"000:05:58.805","Info","Arena",1,"Enter_Zone",2
"000:06:03.675","Info","Arena",1,"Exit_Zone",2
"000:06:03.675","Info","Arena",1,"Enter_Zone",4
"000:06:04.403","Info","Arena",1,"Exit_Zone",4
"000:06:04.403","Info","Arena",1,"Enter_Zone",3
"000:06:08.536","Info","Arena",1,"Exit_Zone",3
"000:06:08.536","Info","Arena",1,"Enter_Zone",4
"000:06:08.870","Info","Arena",1,"Exit_Zone",4
"000:06:08.870","Info","Arena",1,"Enter_Zone",2
"000:06:09.402","Info","Arena",2,"Exit_Zone",3
"000:06:09.402","Info","Arena",2,"Enter_Zone",4
"000:06:09.470","Info","Arena",2,"Exit_Zone",4
"000:06:09.470","Info","Arena",2,"Enter_Zone",3
"000:06:09.506","Info","Arena",2,"Exit_Zone",3
"000:06:09.506","Info","Arena",2,"Enter_Zone",4
"000:06:10.936","Info","Arena",2,"Exit_Zone",4
"000:06:10.936","Info","Arena",2,"Enter_Zone",3
"000:06:12.802","Info","Arena",1,"Exit_Zone",2
"000:06:12.802","Info","Arena",1,"Enter_Zone",4
"000:06:13.673","Info","Arena",1,"Exit_Zone",4
"000:06:13.673","Info","Arena",1,"Enter_Zone",3
"000:06:20.534","Info","Arena",2,"Exit_Zone",3
"000:06:20.534","Info","Arena",2,"Enter_Zone",4
"000:06:20.868","Info","Arena",2,"Exit_Zone",4
"000:06:20.868","Info","Arena",2,"Enter_Zone",1
"000:06:22.337","Info","Arena",2,"Exit_Zone",1
"000:06:22.337","Info","Arena",2,"Enter_Zone",4
"000:06:23.004","Info","Arena",2,"Exit_Zone",4
"000:06:23.004","Info","Arena",2,"Enter_Zone",2
"000:06:30.002","Info","Arena",2,"Exit_Zone",2
"000:06:30.002","Info","Arena",2,"Enter_Zone",4
"000:06:30.432","Info","Arena",2,"Exit_Zone",4
"000:06:30.432","Info","Arena",2,"Enter_Zone",2
"000:06:32.837","Info","Arena",1,"Exit_Zone",3
"000:06:32.837","Info","Arena",1,"Enter_Zone",4
"000:06:33.298","Info","Arena",1,"Exit_Zone",4
"000:06:33.298","Info","Arena",1,"Enter_Zone",2
"000:06:37.597","Info","Arena",1,"Exit_Zone",2
"000:06:37.597","Info","Arena",1,"Enter_Zone",4
"000:06:38.334","Info","Arena",1,"Exit_Zone",4
"000:06:38.334","Info","Arena",1,"Enter_Zone",3
"000:06:41.530","Info","Arena",2,"Exit_Zone",2
"000:06:41.530","Info","Arena",2,"Enter_Zone",4
"000:06:41.696","Info","Arena",2,"Exit_Zone",4
"000:06:41.696","Info","Arena",2,"Enter_Zone",2
"000:06:52.228","Info","Arena",1,"Exit_Zone",3
"000:06:52.228","Info","Arena",1,"Enter_Zone",4
"000:06:52.427","Info","Arena",1,"Exit_Zone",4
"000:06:52.427","Info","Arena",1,"Enter_Zone",3
"000:06:58.393","Info","Arena",2,"Exit_Zone",2
"000:06:58.393","Info","Arena",2,"Enter_Zone",4
"000:06:59.359","Info","Arena",2,"Exit_Zone",4
"000:06:59.359","Info","Arena",2,"Enter_Zone",2
"000:06:59.760","Info","Arena",2,"Exit_Zone",2
"000:06:59.760","Info","Arena",2,"Enter_Zone",4
"000:07:00.261","Info","Arena",2,"Exit_Zone",4
"000:07:00.261","Info","Arena",2,"Enter_Zone",3
"000:07:04.758","Info","Arena",2,"Exit_Zone",3
"000:07:04.758","Info","Arena",2,"Enter_Zone",4
"000:07:05.025","Info","Arena",2,"Exit_Zone",4
"000:07:05.025","Info","Arena",2,"Enter_Zone",1
"000:07:20.857","Info","Arena",2,"Exit_Zone",1
"000:07:20.857","Info","Arena",2,"Enter_Zone",4
"000:07:21.622","Info","Arena",2,"Exit_Zone",4
"000:07:21.622","Info","Arena",2,"Enter_Zone",3
"000:07:23.056","Info","Arena",1,"Exit_Zone",3
"000:07:23.056","Info","Arena",1,"Enter_Zone",4
"000:07:23.458","Info","Arena",1,"Exit_Zone",4
"000:07:23.458","Info","Arena",1,"Enter_Zone",1
"000:07:25.492","Info","Arena",1,"Exit_Zone",1
"000:07:25.492","Info","Arena",1,"Enter_Zone",4
"000:07:26.021","Info","Arena",1,"Exit_Zone",4
"000:07:26.021","Info","Arena",1,"Enter_Zone",3
"000:07:29.220","Info","Arena",1,"Exit_Zone",3
"000:07:29.220","Info","Arena",1,"Enter_Zone",4
"000:07:29.553","Info","Arena",1,"Exit_Zone",4
"000:07:29.553","Info","Arena",1,"Enter_Zone",2
"000:07:30.787","Info","Arena",1,"Exit_Zone",2
"000:07:30.787","Info","Arena",1,"Enter_Zone",4
"000:07:31.186","Info","Arena",1,"Exit_Zone",4
"000:07:31.186","Info","Arena",1,"Enter_Zone",3
"000:07:37.156","Info","Arena",2,"Exit_Zone",3
"000:07:37.156","Info","Arena",2,"Enter_Zone",4
"000:07:38.952","Info","Arena",2,"Exit_Zone",4
"000:07:38.952","Info","Arena",2,"Enter_Zone",2
"000:07:40.488","Info","Arena",2,"Exit_Zone",2
"000:07:40.488","Info","Arena",2,"Enter_Zone",4
"000:07:40.951","Info","Arena",2,"Exit_Zone",4
"000:07:40.951","Info","Arena",2,"Enter_Zone",3
"000:07:46.117","Info","Arena",2,"Exit_Zone",3
"000:07:46.117","Info","Arena",2,"Enter_Zone",4
"000:07:47.119","Info","Arena",2,"Exit_Zone",4
"000:07:47.119","Info","Arena",2,"Enter_Zone",2
"000:07:48.154","Info","Arena",2,"Exit_Zone",2
"000:07:48.154","Info","Arena",2,"Enter_Zone",4
"000:07:48.883","Info","Arena",2,"Exit_Zone",4
"000:07:48.883","Info","Arena",2,"Enter_Zone",3
"000:07:57.615","Info","Arena",2,"Exit_Zone",3
"000:07:57.615","Info","Arena",2,"Enter_Zone",4
"000:07:58.818","Info","Arena",2,"Exit_Zone",4
"000:07:58.818","Info","Arena",2,"Enter_Zone",2
"000:08:08.581","Info","Arena",2,"Exit_Zone",2
"000:08:08.581","Info","Arena",2,"Enter_Zone",4
"000:08:09.447","Info","Arena",2,"Exit_Zone",4
"000:08:09.447","Info","Arena",2,"Enter_Zone",1
"000:08:33.341","Info","Arena",1,"Exit_Zone",3
"000:08:33.341","Info","Arena",1,"Enter_Zone",4
"000:08:33.842","Info","Arena",1,"Exit_Zone",4
"000:08:33.842","Info","Arena",1,"Enter_Zone",2
"000:08:38.773","Info","Arena",1,"Exit_Zone",2
"000:08:38.773","Info","Arena",1,"Enter_Zone",4
"000:08:39.340","Info","Arena",1,"Exit_Zone",4
"000:08:39.340","Info","Arena",1,"Enter_Zone",3
"000:08:41.773","Info","Arena",2,"Exit_Zone",1
"000:08:41.773","Info","Arena",2,"Enter_Zone",4
"000:08:41.873","Info","Arena",2,"Exit_Zone",4
"000:08:41.873","Info","Arena",2,"Enter_Zone",1
"000:08:49.938","Info","Arena",2,"Exit_Zone",1
"000:08:49.938","Info","Arena",2,"Enter_Zone",4
"000:08:49.975","Info","Arena",2,"Exit_Zone",4
"000:08:49.975","Info","Arena",2,"Enter_Zone",1
"000:08:50.004","Info","Arena",2,"Exit_Zone",1
"000:08:50.004","Info","Arena",2,"Enter_Zone",4
"000:08:51.974","Info","Arena",2,"Exit_Zone",4
"000:08:51.974","Info","Arena",2,"Enter_Zone",1
"000:09:08.035","Info","Arena",2,"Exit_Zone",1
"000:09:08.035","Info","Arena",2,"Enter_Zone",4
"000:09:08.600","Info","Arena",2,"Exit_Zone",4
"000:09:08.600","Info","Arena",2,"Enter_Zone",2
"000:09:09.500","Info","Arena",2,"Exit_Zone",2
"000:09:09.500","Info","Arena",2,"Enter_Zone",4
"000:09:10.500","Info","Arena",2,"Exit_Zone",4
"000:09:10.500","Info","Arena",2,"Enter_Zone",3
"000:09:15.234","Info","Arena",2,"Exit_Zone",3
"000:09:15.234","Info","Arena",2,"Enter_Zone",4
"000:09:15.332","Info","Arena",2,"Exit_Zone",4
"000:09:15.332","Info","Arena",2,"Enter_Zone",2
"000:09:16.303","Info","Arena",1,"Exit_Zone",3
"000:09:16.303","Info","Arena",1,"Enter_Zone",4
"000:09:16.532","Info","Arena",1,"Exit_Zone",4
"000:09:16.532","Info","Arena",1,"Enter_Zone",2
"000:09:18.532","Info","Arena",2,"Exit_Zone",2
"000:09:18.532","Info","Arena",2,"Enter_Zone",4
"000:09:18.865","Info","Arena",2,"Exit_Zone",4
"000:09:18.865","Info","Arena",2,"Enter_Zone",2
"000:09:19.765","Info","Arena",1,"Exit_Zone",2
"000:09:19.765","Info","Arena",1,"Enter_Zone",4
"000:09:20.265","Info","Arena",1,"Exit_Zone",4
"000:09:20.265","Info","Arena",1,"Enter_Zone",3
"000:09:20.399","Info","Arena",2,"Exit_Zone",2
"000:09:20.399","Info","Arena",2,"Enter_Zone",4
"000:09:21.233","Info","Arena",2,"Exit_Zone",4
"000:09:21.233","Info","Arena",2,"Enter_Zone",1
"000:09:25.968","Info","Arena",2,"Exit_Zone",1
"000:09:25.968","Info","Arena",2,"Enter_Zone",4
"000:09:26.730","Info","Arena",2,"Exit_Zone",4
"000:09:26.730","Info","Arena",2,"Enter_Zone",3
"000:09:33.563","Info","Arena",2,"Exit_Zone",3
"000:09:33.563","Info","Arena",2,"Enter_Zone",4
"000:09:34.062","Info","Arena",2,"Exit_Zone",4
"000:09:34.062","Info","Arena",2,"Enter_Zone",1
"000:09:36.799","Info","Arena",2,"Exit_Zone",1
"000:09:36.799","Info","Arena",2,"Enter_Zone",4
"000:09:37.299","Info","Arena",2,"Exit_Zone",4
"000:09:37.299","Info","Arena",2,"Enter_Zone",3
"000:09:49.326","Info","Arena",2,"Exit_Zone",3
"000:09:49.326","Info","Arena",2,"Enter_Zone",4
"000:09:50.427","Info","Arena",1,"Exit_Zone",3
"000:09:50.427","Info","Arena",1,"Enter_Zone",4
"000:09:50.692","Info","Arena",2,"Exit_Zone",4
"000:09:50.692","Info","Arena",2,"Enter_Zone",2
"000:09:50.796","Info","Arena",1,"Exit_Zone",4
"000:09:50.796","Info","Arena",1,"Enter_Zone",1
"000:09:54.191","Info","Arena",2,"Exit_Zone",2
"000:09:54.191","Info","Arena",2,"Enter_Zone",4
"000:09:54.795","Info","Arena",2,"Exit_Zone",4
"000:09:54.795","Info","Arena",2,"Enter_Zone",3
"000:09:54.826","Info","Arena",1,"Exit_Zone",1
"000:09:54.826","Info","Arena",1,"Enter_Zone",4
"000:09:55.391","Info","Arena",1,"Exit_Zone",4
"000:09:55.391","Info","Arena",1,"Enter_Zone",3
"000:09:59.461","Info","Arena",2,"Exit_Zone",3
"000:09:59.461","Info","Arena",2,"Enter_Zone",4
"000:10:01.130","Info","Arena",2,"Exit_Zone",4
"000:10:01.130","Info","Arena",2,"Enter_Zone",2
"000:10:03.824","Info","Arena",1,"Exit_Zone",3
"000:10:03.824","Info","Arena",1,"Enter_Zone",4
"000:10:04.293","Info","Arena",1,"Exit_Zone",4
"000:10:04.293","Info","Arena",1,"Enter_Zone",2
"000:10:06.057","Info","Arena",2,"Exit_Zone",2
"000:10:06.057","Info","Arena",2,"Enter_Zone",4
"000:10:06.523","Info","Arena",1,"Exit_Zone",2
"000:10:06.523","Info","Arena",1,"Enter_Zone",4
"000:10:06.627","Info","Arena",2,"Exit_Zone",4
"000:10:06.627","Info","Arena",2,"Enter_Zone",3
"000:10:07.323","Info","Arena",1,"Exit_Zone",4
"000:10:07.323","Info","Arena",1,"Enter_Zone",3
"000:10:12.626","Info","Arena",2,"Exit_Zone",3
"000:10:12.626","Info","Arena",2,"Enter_Zone",4
"000:10:13.588","Info","Arena",2,"Exit_Zone",4
"000:10:13.588","Info","Arena",2,"Enter_Zone",1
"000:10:18.654","Info","Arena",1,"Exit_Zone",3
"000:10:18.654","Info","Arena",1,"Enter_Zone",4
"000:10:19.720","Info","Arena",1,"Exit_Zone",4
"000:10:19.720","Info","Arena",1,"Enter_Zone",2
"000:10:20.222","Info","Arena",1,"Exit_Zone",2
"000:10:20.222","Info","Arena",1,"Enter_Zone",4
"000:10:20.625","Info","Arena",1,"Exit_Zone",4
"000:10:20.625","Info","Arena",1,"Enter_Zone",3
"000:10:21.320","Info","Arena",2,"Exit_Zone",1
"000:10:21.320","Info","Arena",2,"Enter_Zone",4
"000:10:22.186","Info","Arena",2,"Exit_Zone",4
"000:10:22.186","Info","Arena",2,"Enter_Zone",3
"000:10:27.585","Info","Arena",2,"Exit_Zone",3
"000:10:27.585","Info","Arena",2,"Enter_Zone",4
"000:10:27.985","Info","Arena",2,"Exit_Zone",4
"000:10:27.985","Info","Arena",2,"Enter_Zone",1
"000:10:31.684","Info","Arena",2,"Exit_Zone",1
"000:10:31.684","Info","Arena",2,"Enter_Zone",4
"000:10:31.718","Info","Arena",2,"Exit_Zone",4
"000:10:31.718","Info","Arena",2,"Enter_Zone",1
"000:10:31.788","Info","Arena",2,"Exit_Zone",1
"000:10:31.788","Info","Arena",2,"Enter_Zone",4
"000:10:32.351","Info","Arena",2,"Exit_Zone",4
"000:10:32.351","Info","Arena",2,"Enter_Zone",3
"000:10:44.682","Info","Arena",2,"Exit_Zone",3
"000:10:44.682","Info","Arena",2,"Enter_Zone",4
"000:10:45.416","Info","Arena",2,"Exit_Zone",4
"000:10:45.416","Info","Arena",2,"Enter_Zone",2
"000:10:48.748","Info","Arena",2,"Exit_Zone",2
"000:10:48.748","Info","Arena",2,"Enter_Zone",4
"000:10:49.118","Info","Arena",2,"Exit_Zone",4
"000:10:49.118","Info","Arena",2,"Enter_Zone",3
"000:10:52.380","Info","Arena",2,"Exit_Zone",3
"000:10:52.380","Info","Arena",2,"Enter_Zone",4
"000:10:52.951","Info","Arena",2,"Exit_Zone",4
"000:10:52.951","Info","Arena",2,"Enter_Zone",2
"000:10:56.913","Info","Arena",1,"Exit_Zone",3
"000:10:56.913","Info","Arena",1,"Enter_Zone",4
"000:10:57.413","Info","Arena",1,"Exit_Zone",4
"000:10:57.413","Info","Arena",1,"Enter_Zone",1
"000:10:59.146","Info","Arena",1,"Exit_Zone",1
"000:10:59.146","Info","Arena",1,"Enter_Zone",4
"000:10:59.546","Info","Arena",1,"Exit_Zone",4
"000:10:59.546","Info","Arena",1,"Enter_Zone",3
"000:11:00.545","Info","Arena",2,"Exit_Zone",2
"000:11:00.545","Info","Arena",2,"Enter_Zone",4
"000:11:00.813","Info","Arena",2,"Exit_Zone",4
"000:11:00.813","Info","Arena",2,"Enter_Zone",1
"000:11:08.844","Info","Arena",2,"Exit_Zone",1
"000:11:08.844","Info","Arena",2,"Enter_Zone",4
"000:11:11.177","Info","Arena",2,"Exit_Zone",4
"000:11:11.177","Info","Arena",2,"Enter_Zone",1
"000:11:20.814","Info","Arena",2,"Exit_Zone",1
"000:11:20.814","Info","Arena",2,"Enter_Zone",4
"000:11:21.341","Info","Arena",2,"Exit_Zone",4
"000:11:21.341","Info","Arena",2,"Enter_Zone",3
"000:11:26.040","Info","Arena",2,"Exit_Zone",3
"000:11:26.040","Info","Arena",2,"Enter_Zone",4
"000:11:26.777","Info","Arena",2,"Exit_Zone",4
"000:11:26.777","Info","Arena",2,"Enter_Zone",1
"000:11:32.943","Info","Arena",2,"Exit_Zone",1
"000:11:32.943","Info","Arena",2,"Enter_Zone",4
"000:11:34.206","Info","Arena",2,"Exit_Zone",4
"000:11:34.206","Info","Arena",2,"Enter_Zone",1
"000:11:38.006","Info","Arena",2,"Exit_Zone",1
"000:11:38.006","Info","Arena",2,"Enter_Zone",4
"000:11:38.609","Info","Arena",2,"Exit_Zone",4
"000:11:38.609","Info","Arena",2,"Enter_Zone",2
"000:11:50.004","Info","Arena",2,"Exit_Zone",2
"000:11:50.004","Info","Arena",2,"Enter_Zone",4
"000:11:50.403","Info","Arena",1,"Exit_Zone",3
"000:11:50.403","Info","Arena",1,"Enter_Zone",4
"000:11:50.636","Info","Arena",1,"Exit_Zone",4
"000:11:50.636","Info","Arena",1,"Enter_Zone",3
"000:11:51.368","Info","Arena",2,"Exit_Zone",4
"000:11:51.368","Info","Arena",2,"Enter_Zone",3
"000:11:57.534","Info","Arena",1,"Exit_Zone",3
"000:11:57.534","Info","Arena",1,"Enter_Zone",4
"000:11:58.002","Info","Arena",1,"Exit_Zone",4
"000:11:58.002","Info","Arena",1,"Enter_Zone",2
"000:11:58.437","Info","Arena",2,"Exit_Zone",3
"000:11:58.437","Info","Arena",2,"Enter_Zone",4
"000:11:59.104","Info","Arena",2,"Exit_Zone",4
"000:11:59.104","Info","Arena",2,"Enter_Zone",2
"000:12:00.833","Info","Arena",2,"Exit_Zone",2
"000:12:00.833","Info","Arena",2,"Enter_Zone",4
"000:12:00.867","Info","Arena",1,"Exit_Zone",2
"000:12:00.867","Info","Arena",1,"Enter_Zone",4
"000:12:01.300","Info","Arena",1,"Exit_Zone",4
"000:12:01.300","Info","Arena",1,"Enter_Zone",3
"000:12:01.900","Info","Arena",2,"Exit_Zone",4
"000:12:01.900","Info","Arena",2,"Enter_Zone",1
"000:12:04.800","Info","Arena",2,"Exit_Zone",1
"000:12:04.800","Info","Arena",2,"Enter_Zone",4
"000:12:05.366","Info","Arena",2,"Exit_Zone",4
"000:12:05.366","Info","Arena",2,"Enter_Zone",2
"000:12:09.965","Info","Arena",2,"Exit_Zone",2
"000:12:09.965","Info","Arena",2,"Enter_Zone",4
"000:12:10.831","Info","Arena",2,"Exit_Zone",4
"000:12:10.831","Info","Arena",2,"Enter_Zone",1
"000:12:14.864","Info","Arena",2,"Exit_Zone",1
"000:12:14.864","Info","Arena",2,"Enter_Zone",4
"000:12:15.769","Info","Arena",2,"Exit_Zone",4
"000:12:15.769","Info","Arena",2,"Enter_Zone",2
"000:12:16.530","Info","Arena",2,"Exit_Zone",2
"000:12:16.530","Info","Arena",2,"Enter_Zone",4
"000:12:17.601","Info","Arena",2,"Exit_Zone",4
"000:12:17.601","Info","Arena",2,"Enter_Zone",1
"000:12:22.529","Info","Arena",2,"Exit_Zone",1
"000:12:22.529","Info","Arena",2,"Enter_Zone",4
"000:12:23.433","Info","Arena",2,"Exit_Zone",4
"000:12:23.433","Info","Arena",2,"Enter_Zone",3
"000:12:31.527","Info","Arena",2,"Exit_Zone",3
"000:12:31.527","Info","Arena",2,"Enter_Zone",4
"000:12:32.060","Info","Arena",2,"Exit_Zone",4
"000:12:32.060","Info","Arena",2,"Enter_Zone",2
"000:12:35.293","Info","Arena",2,"Exit_Zone",2
"000:12:35.293","Info","Arena",2,"Enter_Zone",4
"000:12:37.726","Info","Arena",2,"Exit_Zone",4
"000:12:37.726","Info","Arena",2,"Enter_Zone",3
"000:12:39.725","Info","Arena",2,"Exit_Zone",3
"000:12:39.725","Info","Arena",2,"Enter_Zone",4
"000:12:40.026","Info","Arena",2,"Exit_Zone",4
"000:12:40.026","Info","Arena",2,"Enter_Zone",1
"000:12:47.993","Info","Arena",2,"Exit_Zone",1
"000:12:47.993","Info","Arena",2,"Enter_Zone",4
"000:12:48.524","Info","Arena",2,"Exit_Zone",4
"000:12:48.524","Info","Arena",2,"Enter_Zone",3
"000:13:03.425","Info","Arena",2,"Exit_Zone",3
"000:13:03.425","Info","Arena",2,"Enter_Zone",4
"000:13:05.620","Info","Arena",2,"Exit_Zone",4
"000:13:05.620","Info","Arena",2,"Enter_Zone",1
"000:13:09.758","Info","Arena",1,"Exit_Zone",3
"000:13:09.758","Info","Arena",1,"Enter_Zone",4
"000:13:10.653","Info","Arena",1,"Exit_Zone",4
"000:13:10.653","Info","Arena",1,"Enter_Zone",3
"000:13:12.187","Info","Arena",2,"Exit_Zone",1
"000:13:12.187","Info","Arena",2,"Enter_Zone",4
"000:13:13.188","Info","Arena",2,"Exit_Zone",4
"000:13:13.188","Info","Arena",2,"Enter_Zone",3
"000:13:22.317","Info","Arena",2,"Exit_Zone",3
"000:13:22.317","Info","Arena",2,"Enter_Zone",4
"000:13:23.284","Info","Arena",2,"Exit_Zone",4
"000:13:23.284","Info","Arena",2,"Enter_Zone",1
"000:13:26.816","Info","Arena",2,"Exit_Zone",1
"000:13:26.816","Info","Arena",2,"Enter_Zone",4
"000:13:27.253","Info","Arena",1,"Exit_Zone",3
"000:13:27.253","Info","Arena",1,"Enter_Zone",4
"000:13:27.716","Info","Arena",1,"Exit_Zone",4
"000:13:27.716","Info","Arena",1,"Enter_Zone",3
"000:13:28.150","Info","Arena",2,"Exit_Zone",4
"000:13:28.150","Info","Arena",2,"Enter_Zone",3
"000:13:33.950","Info","Arena",2,"Exit_Zone",3
"000:13:33.950","Info","Arena",2,"Enter_Zone",4
"000:13:34.515","Info","Arena",2,"Exit_Zone",4
"000:13:34.515","Info","Arena",2,"Enter_Zone",1
"000:13:35.418","Info","Arena",1,"Exit_Zone",3
"000:13:35.418","Info","Arena",1,"Enter_Zone",4
"000:13:36.514","Info","Arena",1,"Exit_Zone",4
"000:13:36.514","Info","Arena",1,"Enter_Zone",3
"000:13:40.313","Info","Arena",2,"Exit_Zone",1
"000:13:40.313","Info","Arena",2,"Enter_Zone",4
"000:13:41.250","Info","Arena",2,"Exit_Zone",4
"000:13:41.250","Info","Arena",2,"Enter_Zone",3
"000:13:47.046","Info","Arena",2,"Exit_Zone",3
"000:13:47.046","Info","Arena",2,"Enter_Zone",4
"000:13:47.945","Info","Arena",2,"Exit_Zone",4
"000:13:47.945","Info","Arena",2,"Enter_Zone",2
"000:13:48.045","Info","Arena",2,"Exit_Zone",2
"000:13:48.045","Info","Arena",2,"Enter_Zone",4
"000:13:48.084","Info","Arena",2,"Exit_Zone",4
"000:13:48.084","Info","Arena",2,"Enter_Zone",2
"000:13:52.644","Info","Arena",2,"Exit_Zone",2
"000:13:52.644","Info","Arena",2,"Enter_Zone",4
"000:13:53.511","Info","Arena",2,"Exit_Zone",4
"000:13:53.511","Info","Arena",2,"Enter_Zone",3
"000:13:54.582","Info","Arena",1,"Exit_Zone",3
"000:13:54.582","Info","Arena",1,"Enter_Zone",4
"000:13:55.011","Info","Arena",1,"Exit_Zone",4
"000:13:55.011","Info","Arena",1,"Enter_Zone",1
"000:13:56.677","Info","Arena",1,"Exit_Zone",1
"000:13:56.677","Info","Arena",1,"Enter_Zone",4
"000:13:57.277","Info","Arena",1,"Exit_Zone",4
"000:13:57.277","Info","Arena",1,"Enter_Zone",3
"000:13:58.943","Info","Arena",2,"Exit_Zone",3
"000:13:58.943","Info","Arena",2,"Enter_Zone",4
"000:13:59.710","Info","Arena",2,"Exit_Zone",4
"000:13:59.710","Info","Arena",2,"Enter_Zone",2
"000:14:09.641","Info","Arena",2,"Exit_Zone",2
"000:14:09.641","Info","Arena",2,"Enter_Zone",4
"000:14:11.744","Info","Arena",2,"Exit_Zone",4
"000:14:11.744","Info","Arena",2,"Enter_Zone",3
"000:14:12.375","Info","Arena",2,"Exit_Zone",3
"000:14:12.375","Info","Arena",2,"Enter_Zone",4
"000:14:13.175","Info","Arena",2,"Exit_Zone",4
"000:14:13.175","Info","Arena",2,"Enter_Zone",2
"000:14:16.040","Info","Arena",1,"Exit_Zone",3
"000:14:16.040","Info","Arena",1,"Enter_Zone",4
"000:14:16.374","Info","Arena",1,"Exit_Zone",4
"000:14:16.374","Info","Arena",1,"Enter_Zone",2
"000:14:17.874","Info","Arena",1,"Exit_Zone",2
"000:14:17.874","Info","Arena",1,"Enter_Zone",4
"000:14:18.609","Info","Arena",2,"Exit_Zone",2
"000:14:18.609","Info","Arena",2,"Enter_Zone",4
"000:14:18.743","Info","Arena",1,"Exit_Zone",4
"000:14:18.743","Info","Arena",1,"Enter_Zone",3
"000:14:19.243","Info","Arena",2,"Exit_Zone",4
"000:14:19.243","Info","Arena",2,"Enter_Zone",1
"000:14:24.271","Info","Arena",2,"Exit_Zone",1
"000:14:24.271","Info","Arena",2,"Enter_Zone",4
"000:14:25.908","Info","Arena",2,"Exit_Zone",4
"000:14:25.908","Info","Arena",2,"Enter_Zone",2
"000:14:29.104","Info","Arena",2,"Exit_Zone",2
"000:14:29.104","Info","Arena",2,"Enter_Zone",4
"000:14:30.304","Info","Arena",2,"Exit_Zone",4
"000:14:30.304","Info","Arena",2,"Enter_Zone",1
"000:14:32.503","Info","Arena",2,"Exit_Zone",1
"000:14:32.503","Info","Arena",2,"Enter_Zone",4
"000:14:33.241","Info","Arena",2,"Exit_Zone",4
"000:14:33.241","Info","Arena",2,"Enter_Zone",2
"000:14:35.936","Info","Arena",2,"Exit_Zone",2
"000:14:35.936","Info","Arena",2,"Enter_Zone",4
"000:14:37.239","Info","Arena",2,"Exit_Zone",4
"000:14:37.239","Info","Arena",2,"Enter_Zone",1
"000:14:44.701","Info","Arena",2,"Exit_Zone",1
"000:14:44.701","Info","Arena",2,"Enter_Zone",4
"000:14:45.601","Info","Arena",2,"Exit_Zone",4
"000:14:45.601","Info","Arena",2,"Enter_Zone",3
"000:14:58.598","Info","Arena",2,"Exit_Zone",3
"000:14:58.598","Info","Arena",2,"Enter_Zone",4
"000:15:01.166","Info","Arena",2,"Exit_Zone",4
"000:15:01.166","Info","Arena",2,"Enter_Zone",2
"000:15:05.697","Info","Arena",1,"Exit_Zone",3
"000:15:05.697","Info","Arena",1,"Enter_Zone",4
"000:15:06.067","Info","Arena",1,"Exit_Zone",4
"000:15:06.067","Info","Arena",1,"Enter_Zone",1
"000:15:06.430","Info","Arena",2,"Exit_Zone",2
"000:15:06.430","Info","Arena",2,"Enter_Zone",4
"000:15:07.234","Info","Arena",1,"Exit_Zone",1
"000:15:07.234","Info","Arena",1,"Enter_Zone",4
"000:15:07.234","Info","Arena",2,"Exit_Zone",4
"000:15:07.234","Info","Arena",2,"Enter_Zone",3
"000:15:07.663","Info","Arena",1,"Exit_Zone",4
"000:15:07.663","Info","Arena",1,"Enter_Zone",3
"000:15:14.732","Info","Arena",2,"Exit_Zone",3
"000:15:14.732","Info","Arena",2,"Enter_Zone",4
"000:15:15.861","Info","Arena",2,"Exit_Zone",4
"000:15:15.861","Info","Arena",2,"Enter_Zone",2
"000:15:21.193","Info","Arena",2,"Exit_Zone",2
"000:15:21.193","Info","Arena",2,"Enter_Zone",4
"000:15:22.260","Info","Arena",2,"Exit_Zone",4
"000:15:22.260","Info","Arena",2,"Enter_Zone",3
"000:15:29.396","Info","Arena",2,"Exit_Zone",3
"000:15:29.396","Info","Arena",2,"Enter_Zone",4
"000:15:30.396","Info","Arena",2,"Exit_Zone",4
"000:15:30.396","Info","Arena",2,"Enter_Zone",2
"000:15:35.324","Info","Arena",2,"Exit_Zone",2
"000:15:35.324","Info","Arena",2,"Enter_Zone",4
"000:15:36.490","Info","Arena",2,"Exit_Zone",4
"000:15:36.490","Info","Arena",2,"Enter_Zone",1
"000:15:38.323","Info","Arena",2,"Exit_Zone",1
"000:15:38.323","Info","Arena",2,"Enter_Zone",4
"000:15:40.423","Info","Arena",2,"Exit_Zone",4
"000:15:40.423","Info","Arena",2,"Enter_Zone",2
"000:15:40.623","Info","Arena",1,"Exit_Zone",3
"000:15:40.623","Info","Arena",1,"Enter_Zone",4
"000:15:41.060","Info","Arena",1,"Exit_Zone",4
"000:15:41.060","Info","Arena",1,"Enter_Zone",3
"000:15:41.190","Info","Arena",1,"Exit_Zone",3
"000:15:41.190","Info","Arena",1,"Enter_Zone",4
"000:15:42.157","Info","Arena",1,"Exit_Zone",4
"000:15:42.157","Info","Arena",1,"Enter_Zone",2
"000:15:42.989","Info","Arena",1,"Exit_Zone",2
"000:15:42.989","Info","Arena",1,"Enter_Zone",4
"000:15:43.189","Info","Arena",1,"Exit_Zone",4
"000:15:43.189","Info","Arena",1,"Enter_Zone",3
"000:15:44.059","Info","Arena",2,"Exit_Zone",2
"000:15:44.059","Info","Arena",2,"Enter_Zone",4
"000:15:45.089","Info","Arena",2,"Exit_Zone",4
"000:15:45.089","Info","Arena",2,"Enter_Zone",1
"000:15:46.522","Info","Arena",2,"Exit_Zone",1
"000:15:46.522","Info","Arena",2,"Enter_Zone",4
"000:15:47.756","Info","Arena",2,"Exit_Zone",4
"000:15:47.756","Info","Arena",2,"Enter_Zone",3
"000:15:53.587","Info","Arena",2,"Exit_Zone",3
"000:15:53.587","Info","Arena",2,"Enter_Zone",4
"000:15:54.987","Info","Arena",2,"Exit_Zone",4
"000:15:54.987","Info","Arena",2,"Enter_Zone",2
"000:15:59.723","Info","Arena",2,"Exit_Zone",2
"000:15:59.723","Info","Arena",2,"Enter_Zone",4
"000:16:00.586","Info","Arena",2,"Exit_Zone",4
"000:16:00.586","Info","Arena",2,"Enter_Zone",3
"000:16:12.083","Info","Arena",2,"Exit_Zone",3
"000:16:12.083","Info","Arena",2,"Enter_Zone",4
"000:16:12.720","Info","Arena",2,"Exit_Zone",4
"000:16:12.720","Info","Arena",2,"Enter_Zone",1
"000:16:17.083","Info","Arena",2,"Exit_Zone",1
"000:16:17.083","Info","Arena",2,"Enter_Zone",4
"000:16:17.351","Info","Arena",1,"Exit_Zone",3
"000:16:17.351","Info","Arena",1,"Enter_Zone",4
"000:16:17.416","Info","Arena",1,"Exit_Zone",4
"000:16:17.416","Info","Arena",1,"Enter_Zone",3
"000:16:18.182","Info","Arena",2,"Exit_Zone",4
"000:16:18.182","Info","Arena",2,"Enter_Zone",3
"000:16:27.148","Info","Arena",1,"Exit_Zone",3
"000:16:27.148","Info","Arena",1,"Enter_Zone",4
"000:16:27.914","Info","Arena",1,"Exit_Zone",4
"000:16:27.914","Info","Arena",1,"Enter_Zone",3
"000:16:31.050","Info","Arena",2,"Exit_Zone",3
"000:16:31.050","Info","Arena",2,"Enter_Zone",4
"000:16:32.246","Info","Arena",2,"Exit_Zone",4
"000:16:32.246","Info","Arena",2,"Enter_Zone",2
"000:16:41.178","Info","Arena",2,"Exit_Zone",2
"000:16:41.178","Info","Arena",2,"Enter_Zone",4
"000:16:42.381","Info","Arena",2,"Exit_Zone",4
"000:16:42.381","Info","Arena",2,"Enter_Zone",1
"000:16:48.344","Info","Arena",1,"Exit_Zone",3
"000:16:48.344","Info","Arena",1,"Enter_Zone",4
"000:16:48.344","Info","Arena",2,"Exit_Zone",1
"000:16:48.344","Info","Arena",2,"Enter_Zone",4
"000:16:48.744","Info","Arena",1,"Exit_Zone",4
"000:16:48.744","Info","Arena",1,"Enter_Zone",2
"000:16:48.944","Info","Arena",2,"Exit_Zone",4
"000:16:48.944","Info","Arena",2,"Enter_Zone",2
"000:16:50.243","Info","Arena",1,"Exit_Zone",2
"000:16:50.243","Info","Arena",1,"Enter_Zone",4
"000:16:50.576","Info","Arena",1,"Exit_Zone",4
"000:16:50.576","Info","Arena",1,"Enter_Zone",3
"000:16:58.108","Info","Arena",2,"Exit_Zone",2
"000:16:58.108","Info","Arena",2,"Enter_Zone",4
"000:16:59.307","Info","Arena",2,"Exit_Zone",4
"000:16:59.307","Info","Arena",2,"Enter_Zone",3
"000:17:05.806","Info","Arena",2,"Exit_Zone",3
"000:17:05.806","Info","Arena",2,"Enter_Zone",4
"000:17:06.641","Info","Arena",2,"Exit_Zone",4
"000:17:06.641","Info","Arena",2,"Enter_Zone",1
"000:17:11.838","Info","Arena",2,"Exit_Zone",1
"000:17:11.838","Info","Arena",2,"Enter_Zone",4
"000:17:13.042","Info","Arena",2,"Exit_Zone",4
"000:17:13.042","Info","Arena",2,"Enter_Zone",3
"000:17:13.071","Info","Arena",2,"Exit_Zone",3
"000:17:13.071","Info","Arena",2,"Enter_Zone",4
"000:17:13.105","Info","Arena",2,"Exit_Zone",4
"000:17:13.105","Info","Arena",2,"Enter_Zone",3
"000:17:16.939","Info","Arena",2,"Exit_Zone",3
"000:17:16.939","Info","Arena",2,"Enter_Zone",4
"000:17:18.504","Info","Arena",2,"Exit_Zone",4
"000:17:18.504","Info","Arena",2,"Enter_Zone",1
"000:17:18.970","Info","Arena",1,"Exit_Zone",3
"000:17:18.970","Info","Arena",1,"Enter_Zone",4
"000:17:19.170","Info","Arena",1,"Exit_Zone",4
"000:17:19.170","Info","Arena",1,"Enter_Zone",2
"000:17:21.670","Info","Arena",1,"Exit_Zone",2
"000:17:21.670","Info","Arena",1,"Enter_Zone",4
"000:17:23.070","Info","Arena",1,"Exit_Zone",4
"000:17:23.070","Info","Arena",1,"Enter_Zone",3
"000:17:24.503","Info","Arena",2,"Exit_Zone",1
"000:17:24.503","Info","Arena",2,"Enter_Zone",4
"000:17:24.937","Info","Arena",2,"Exit_Zone",4
"000:17:24.937","Info","Arena",2,"Enter_Zone",3
"000:17:38.433","Info","Arena",1,"Exit_Zone",3
"000:17:38.433","Info","Arena",1,"Enter_Zone",4
"000:17:38.834","Info","Arena",1,"Exit_Zone",4
"000:17:38.834","Info","Arena",1,"Enter_Zone",2
"000:17:39.203","Info","Arena",1,"Exit_Zone",2
"000:17:39.203","Info","Arena",1,"Enter_Zone",4
"000:17:39.400","Info","Arena",1,"Exit_Zone",4
"000:17:39.400","Info","Arena",1,"Enter_Zone",3
"000:17:41.832","Info","Arena",2,"Exit_Zone",3
"000:17:41.832","Info","Arena",2,"Enter_Zone",4
"000:17:43.832","Info","Arena",2,"Exit_Zone",4
"000:17:43.832","Info","Arena",2,"Enter_Zone",2
"000:17:46.465","Info","Arena",1,"Exit_Zone",3
"000:17:46.465","Info","Arena",1,"Enter_Zone",4
"000:17:47.133","Info","Arena",1,"Exit_Zone",4
"000:17:47.133","Info","Arena",1,"Enter_Zone",2
"000:17:47.536","Info","Arena",1,"Exit_Zone",2
"000:17:47.536","Info","Arena",1,"Enter_Zone",4
"000:17:47.764","Info","Arena",1,"Exit_Zone",4
"000:17:47.764","Info","Arena",1,"Enter_Zone",3
"000:17:50.166","Info","Arena",2,"Exit_Zone",2
"000:17:50.166","Info","Arena",2,"Enter_Zone",4
"000:17:50.897","Info","Arena",2,"Exit_Zone",4
"000:17:50.897","Info","Arena",2,"Enter_Zone",3
"000:17:55.163","Info","Arena",2,"Exit_Zone",3
"000:17:55.163","Info","Arena",2,"Enter_Zone",4
"000:17:56.230","Info","Arena",2,"Exit_Zone",4
"000:17:56.230","Info","Arena",2,"Enter_Zone",2
"000:18:01.895","Info","Arena",2,"Exit_Zone",2
"000:18:01.895","Info","Arena",2,"Enter_Zone",4
"000:18:02.961","Info","Arena",2,"Exit_Zone",4
"000:18:02.961","Info","Arena",2,"Enter_Zone",3
"000:18:03.495","Info","Arena",2,"Exit_Zone",3
"000:18:03.495","Info","Arena",2,"Enter_Zone",4
"000:18:03.995","Info","Arena",2,"Exit_Zone",4
"000:18:03.995","Info","Arena",2,"Enter_Zone",1
"000:18:09.094","Info","Arena",1,"Exit_Zone",3
"000:18:09.094","Info","Arena",1,"Enter_Zone",4
"000:18:10.260","Info","Arena",2,"Exit_Zone",1
"000:18:10.260","Info","Arena",2,"Enter_Zone",4
"000:18:11.227","Info","Arena",1,"Exit_Zone",4
"000:18:11.227","Info","Arena",1,"Enter_Zone",2
"000:18:11.293","Info","Arena",2,"Exit_Zone",4
"000:18:11.293","Info","Arena",2,"Enter_Zone",3
"000:18:14.259","Info","Arena",1,"Exit_Zone",2
"000:18:14.259","Info","Arena",1,"Enter_Zone",4
"000:18:16.292","Info","Arena",1,"Exit_Zone",4
"000:18:16.292","Info","Arena",1,"Enter_Zone",3
"000:18:28.590","Info","Arena",2,"Exit_Zone",3
"000:18:28.590","Info","Arena",2,"Enter_Zone",4
"000:18:29.456","Info","Arena",2,"Exit_Zone",4
"000:18:29.456","Info","Arena",2,"Enter_Zone",1
"000:18:32.090","Info","Arena",2,"Exit_Zone",1
"000:18:32.090","Info","Arena",2,"Enter_Zone",4
"000:18:33.789","Info","Arena",2,"Exit_Zone",4
"000:18:33.789","Info","Arena",2,"Enter_Zone",3
"000:18:34.422","Info","Arena",2,"Exit_Zone",3
"000:18:34.422","Info","Arena",2,"Enter_Zone",4
"000:18:34.923","Info","Arena",2,"Exit_Zone",4
"000:18:34.923","Info","Arena",2,"Enter_Zone",1
"000:18:37.858","Info","Arena",2,"Exit_Zone",1
"000:18:37.858","Info","Arena",2,"Enter_Zone",4
"000:18:38.788","Info","Arena",2,"Exit_Zone",4
"000:18:38.788","Info","Arena",2,"Enter_Zone",3
"000:18:44.953","Info","Arena",2,"Exit_Zone",3
"000:18:44.953","Info","Arena",2,"Enter_Zone",4
"000:18:46.857","Info","Arena",2,"Exit_Zone",4
"000:18:46.857","Info","Arena",2,"Enter_Zone",3
"000:18:48.219","Info","Arena",2,"Exit_Zone",3
"000:18:48.219","Info","Arena",2,"Enter_Zone",4
"000:18:50.586","Info","Arena",2,"Exit_Zone",4
"000:18:50.586","Info","Arena",2,"Enter_Zone",1
"000:18:55.884","Info","Arena",2,"Exit_Zone",1
"000:18:55.884","Info","Arena",2,"Enter_Zone",4
"000:18:57.284","Info","Arena",2,"Exit_Zone",4
"000:18:57.284","Info","Arena",2,"Enter_Zone",3
"000:18:58.021","Info","Arena",1,"Exit_Zone",3
"000:18:58.021","Info","Arena",1,"Enter_Zone",4
"000:18:58.355","Info","Arena",1,"Exit_Zone",4
"000:18:58.355","Info","Arena",1,"Enter_Zone",3
"000:18:58.551","Info","Arena",1,"Exit_Zone",3
"000:18:58.551","Info","Arena",1,"Enter_Zone",4
"000:19:00.883","Info","Arena",1,"Exit_Zone",4
"000:19:00.883","Info","Arena",1,"Enter_Zone",1
"000:19:01.450","Info","Arena",1,"Exit_Zone",1
"000:19:01.450","Info","Arena",1,"Enter_Zone",4
"000:19:02.783","Info","Arena",1,"Exit_Zone",4
"000:19:02.783","Info","Arena",1,"Enter_Zone",1
"000:19:04.650","Info","Arena",2,"Exit_Zone",3
"000:19:04.650","Info","Arena",2,"Enter_Zone",4
"000:19:05.353","Info","Arena",2,"Exit_Zone",4
"000:19:05.353","Info","Arena",2,"Enter_Zone",2
"000:19:06.749","Info","Arena",1,"Exit_Zone",1
"000:19:06.749","Info","Arena",1,"Enter_Zone",4
"000:19:07.417","Info","Arena",1,"Exit_Zone",4
"000:19:07.417","Info","Arena",1,"Enter_Zone",3
"000:19:13.351","Info","Arena",2,"Exit_Zone",2
"000:19:13.351","Info","Arena",2,"Enter_Zone",4
"000:19:14.814","Info","Arena",2,"Exit_Zone",4
"000:19:14.814","Info","Arena",2,"Enter_Zone",3
"000:19:20.546","Info","Arena",1,"Exit_Zone",3
"000:19:20.546","Info","Arena",1,"Enter_Zone",4
"000:19:21.017","Info","Arena",1,"Exit_Zone",4
"000:19:21.017","Info","Arena",1,"Enter_Zone",2
"000:19:21.314","Info","Arena",1,"Exit_Zone",2
"000:19:21.314","Info","Arena",1,"Enter_Zone",4
"000:19:21.613","Info","Arena",1,"Exit_Zone",4
"000:19:21.613","Info","Arena",1,"Enter_Zone",3
"000:19:21.613","Info","Arena",2,"Exit_Zone",3
"000:19:21.613","Info","Arena",2,"Enter_Zone",4
"000:19:22.479","Info","Arena",2,"Exit_Zone",4
"000:19:22.479","Info","Arena",2,"Enter_Zone",1
"000:19:28.378","Info","Arena",2,"Exit_Zone",1
"000:19:28.378","Info","Arena",2,"Enter_Zone",4
"000:19:29.878","Info","Arena",2,"Exit_Zone",4
"000:19:29.878","Info","Arena",2,"Enter_Zone",3
"000:19:33.810","Info","Arena",1,"Exit_Zone",3
"000:19:33.810","Info","Arena",1,"Enter_Zone",4
"000:19:33.847","Info","Arena",1,"Exit_Zone",4
"000:19:33.847","Info","Arena",1,"Enter_Zone",3
"000:19:36.376","Info","Arena",2,"Exit_Zone",3
"000:19:36.376","Info","Arena",2,"Enter_Zone",4
"000:19:37.515","Info","Arena",2,"Exit_Zone",4
"000:19:37.515","Info","Arena",2,"Enter_Zone",1
"000:19:42.075","Info","Arena",2,"Exit_Zone",1
"000:19:42.075","Info","Arena",2,"Enter_Zone",4
"000:19:43.513","Info","Arena",2,"Exit_Zone",4
"000:19:43.513","Info","Arena",2,"Enter_Zone",3
"000:19:48.974","Info","Arena",1,"Exit_Zone",3
"000:19:48.974","Info","Arena",1,"Enter_Zone",4
"000:19:49.407","Info","Arena",1,"Exit_Zone",4
"000:19:49.407","Info","Arena",1,"Enter_Zone",1
"000:19:50.012","Info","Arena",1,"Exit_Zone",1
"000:19:50.012","Info","Arena",1,"Enter_Zone",4
"000:19:50.374","Info","Arena",1,"Exit_Zone",4
"000:19:50.374","Info","Arena",1,"Enter_Zone",3
"000:19:56.073","Info","Arena",2,"Exit_Zone",3
"000:19:56.073","Info","Arena",2,"Enter_Zone",4
"000:19:57.343","Info","Arena",2,"Exit_Zone",4
"000:19:57.343","Info","Arena",2,"Enter_Zone",1
"000:20:05.175","Info","Arena",2,"Exit_Zone",1
"000:20:05.175","Info","Arena",2,"Enter_Zone",4
"000:20:06.705","Info","Arena",2,"Exit_Zone",4
"000:20:06.705","Info","Arena",2,"Enter_Zone",3
"000:20:22.468","Info","Arena",1,"Exit_Zone",3
"000:20:22.468","Info","Arena",1,"Enter_Zone",4
"000:20:22.867","Info","Arena",1,"Exit_Zone",4
"000:20:22.867","Info","Arena",1,"Enter_Zone",1
"000:20:23.967","Info","Arena",1,"Exit_Zone",1
"000:20:23.967","Info","Arena",1,"Enter_Zone",4
"000:20:24.034","Info","Arena",2,"Exit_Zone",3
"000:20:24.034","Info","Arena",2,"Enter_Zone",4
"000:20:24.434","Info","Arena",1,"Exit_Zone",4
"000:20:24.434","Info","Arena",1,"Enter_Zone",3
"000:20:25.400","Info","Arena",2,"Exit_Zone",4
"000:20:25.400","Info","Arena",2,"Enter_Zone",1
"000:20:31.132","Info","Arena",2,"Exit_Zone",1
"000:20:31.132","Info","Arena",2,"Enter_Zone",4
"000:20:31.901","Info","Arena",2,"Exit_Zone",4
"000:20:31.901","Info","Arena",2,"Enter_Zone",2
"000:20:40.631","Info","Arena",2,"Exit_Zone",2
"000:20:40.631","Info","Arena",2,"Enter_Zone",4
"000:20:43.730","Info","Arena",2,"Exit_Zone",4
"000:20:43.730","Info","Arena",2,"Enter_Zone",1
"000:20:49.696","Info","Arena",2,"Exit_Zone",1
"000:20:49.696","Info","Arena",2,"Enter_Zone",4
"000:20:51.762","Info","Arena",2,"Exit_Zone",4
"000:20:51.762","Info","Arena",2,"Enter_Zone",2
"000:20:58.793","Info","Arena",2,"Exit_Zone",2
"000:20:58.793","Info","Arena",2,"Enter_Zone",4
"000:20:59.860","Info","Arena",2,"Exit_Zone",4
"000:20:59.860","Info","Arena",2,"Enter_Zone",3
"000:21:05.592","Info","Arena",2,"Exit_Zone",3
"000:21:05.592","Info","Arena",2,"Enter_Zone",4
"000:21:06.925","Info","Arena",2,"Exit_Zone",4
"000:21:06.925","Info","Arena",2,"Enter_Zone",1
"000:21:11.558","Info","Arena",2,"Exit_Zone",1
"000:21:11.558","Info","Arena",2,"Enter_Zone",4
"000:21:12.328","Info","Arena",2,"Exit_Zone",4
"000:21:12.328","Info","Arena",2,"Enter_Zone",3
"000:21:18.523","Info","Arena",2,"Exit_Zone",3
"000:21:18.523","Info","Arena",2,"Enter_Zone",4
"000:21:19.123","Info","Arena",1,"Exit_Zone",3
"000:21:19.123","Info","Arena",1,"Enter_Zone",4
"000:21:19.495","Info","Arena",2,"Exit_Zone",4
"000:21:19.495","Info","Arena",2,"Enter_Zone",1
"000:21:19.557","Info","Arena",1,"Exit_Zone",4
"000:21:19.557","Info","Arena",1,"Enter_Zone",1
"000:21:21.122","Info","Arena",1,"Exit_Zone",1
"000:21:21.122","Info","Arena",1,"Enter_Zone",4
"000:21:21.522","Info","Arena",1,"Exit_Zone",4
"000:21:21.522","Info","Arena",1,"Enter_Zone",3
"000:21:25.659","Info","Arena",2,"Exit_Zone",1
"000:21:25.659","Info","Arena",2,"Enter_Zone",4
"000:21:27.721","Info","Arena",2,"Exit_Zone",4
"000:21:27.721","Info","Arena",2,"Enter_Zone",3
"000:21:33.990","Info","Arena",1,"Exit_Zone",3
"000:21:33.990","Info","Arena",1,"Enter_Zone",4
"000:21:34.920","Info","Arena",1,"Exit_Zone",4
"000:21:34.920","Info","Arena",1,"Enter_Zone",3
"000:21:38.052","Info","Arena",2,"Exit_Zone",3
"000:21:38.052","Info","Arena",2,"Enter_Zone",4
"000:21:39.491","Info","Arena",2,"Exit_Zone",4
"000:21:39.491","Info","Arena",2,"Enter_Zone",2
"000:21:44.155","Info","Arena",2,"Exit_Zone",2
"000:21:44.155","Info","Arena",2,"Enter_Zone",4
"000:21:45.618","Info","Arena",2,"Exit_Zone",4
"000:21:45.618","Info","Arena",2,"Enter_Zone",1
"000:21:47.285","Info","Arena",2,"Exit_Zone",1
"000:21:47.285","Info","Arena",2,"Enter_Zone",4
"000:21:47.321","Info","Arena",2,"Exit_Zone",4
"000:21:47.321","Info","Arena",2,"Enter_Zone",1
"000:21:47.351","Info","Arena",2,"Exit_Zone",1
"000:21:47.351","Info","Arena",2,"Enter_Zone",4
"000:21:48.517","Info","Arena",2,"Exit_Zone",4
"000:21:48.517","Info","Arena",2,"Enter_Zone",2
"000:21:53.249","Info","Arena",2,"Exit_Zone",2
"000:21:53.249","Info","Arena",2,"Enter_Zone",4
"000:21:54.116","Info","Arena",2,"Exit_Zone",4
"000:21:54.116","Info","Arena",2,"Enter_Zone",1
"000:22:00.581","Info","Arena",2,"Exit_Zone",1
"000:22:00.581","Info","Arena",2,"Enter_Zone",4
"000:22:00.985","Info","Arena",1,"Exit_Zone",3
"000:22:00.985","Info","Arena",1,"Enter_Zone",4
"000:22:01.948","Info","Arena",1,"Exit_Zone",4
"000:22:01.948","Info","Arena",1,"Enter_Zone",2
"000:22:02.152","Info","Arena",2,"Exit_Zone",4
"000:22:02.152","Info","Arena",2,"Enter_Zone",2
"000:22:02.514","Info","Arena",1,"Exit_Zone",2
"000:22:02.514","Info","Arena",1,"Enter_Zone",4
"000:22:02.781","Info","Arena",1,"Exit_Zone",4
"000:22:02.781","Info","Arena",1,"Enter_Zone",3
"000:22:07.713","Info","Arena",2,"Exit_Zone",2
"000:22:07.713","Info","Arena",2,"Enter_Zone",4
"000:22:08.213","Info","Arena",1,"Exit_Zone",3
"000:22:08.213","Info","Arena",1,"Enter_Zone",4
"000:22:08.746","Info","Arena",2,"Exit_Zone",4
"000:22:08.746","Info","Arena",2,"Enter_Zone",3
"000:22:09.113","Info","Arena",1,"Exit_Zone",4
"000:22:09.113","Info","Arena",1,"Enter_Zone",3
"000:22:20.346","Info","Arena",2,"Exit_Zone",3
"000:22:20.346","Info","Arena",2,"Enter_Zone",4
"000:22:21.044","Info","Arena",2,"Exit_Zone",4
"000:22:21.044","Info","Arena",2,"Enter_Zone",1
"000:22:22.078","Info","Arena",1,"Exit_Zone",3
"000:22:22.078","Info","Arena",1,"Enter_Zone",4
"000:22:22.482","Info","Arena",1,"Exit_Zone",4
"000:22:22.482","Info","Arena",1,"Enter_Zone",2
"000:22:23.377","Info","Arena",1,"Exit_Zone",2
"000:22:23.377","Info","Arena",1,"Enter_Zone",4
"000:22:23.647","Info","Arena",1,"Exit_Zone",4
"000:22:23.647","Info","Arena",1,"Enter_Zone",3
"000:22:25.481","Info","Arena",2,"Exit_Zone",1
"000:22:25.481","Info","Arena",2,"Enter_Zone",4
"000:22:27.376","Info","Arena",2,"Exit_Zone",4
"000:22:27.376","Info","Arena",2,"Enter_Zone",3
"000:22:35.241","Info","Arena",2,"Exit_Zone",3
"000:22:35.241","Info","Arena",2,"Enter_Zone",4
"000:22:35.978","Info","Arena",2,"Exit_Zone",4
"000:22:35.978","Info","Arena",2,"Enter_Zone",1
"000:22:42.506","Info","Arena",2,"Exit_Zone",1
"000:22:42.506","Info","Arena",2,"Enter_Zone",4
"000:22:44.039","Info","Arena",2,"Exit_Zone",4
"000:22:44.039","Info","Arena",2,"Enter_Zone",3
"000:23:01.203","Info","Arena",2,"Exit_Zone",3
"000:23:01.203","Info","Arena",2,"Enter_Zone",4
"000:23:01.903","Info","Arena",2,"Exit_Zone",4
"000:23:01.903","Info","Arena",2,"Enter_Zone",1
"000:23:03.769","Info","Arena",2,"Exit_Zone",1
"000:23:03.769","Info","Arena",2,"Enter_Zone",4
"000:23:04.670","Info","Arena",2,"Exit_Zone",4
"000:23:04.670","Info","Arena",2,"Enter_Zone",3
"000:23:12.269","Info","Arena",2,"Exit_Zone",3
"000:23:12.269","Info","Arena",2,"Enter_Zone",4
"000:23:13.068","Info","Arena",2,"Exit_Zone",4
"000:23:13.068","Info","Arena",2,"Enter_Zone",1
"000:23:19.032","Info","Arena",1,"Exit_Zone",3
"000:23:19.032","Info","Arena",1,"Enter_Zone",4
"000:23:19.333","Info","Arena",1,"Exit_Zone",4
"000:23:19.333","Info","Arena",1,"Enter_Zone",2
"000:23:20.166","Info","Arena",2,"Exit_Zone",1
"000:23:20.166","Info","Arena",2,"Enter_Zone",4
"000:23:20.932","Info","Arena",1,"Exit_Zone",2
"000:23:20.932","Info","Arena",1,"Enter_Zone",4
"000:23:21.267","Info","Arena",1,"Exit_Zone",4
"000:23:21.267","Info","Arena",1,"Enter_Zone",3
"000:23:22.698","Info","Arena",2,"Exit_Zone",4
"000:23:22.698","Info","Arena",2,"Enter_Zone",3
"000:23:29.997","Info","Arena",2,"Exit_Zone",3
"000:23:29.997","Info","Arena",2,"Enter_Zone",4
"000:23:30.830","Info","Arena",2,"Exit_Zone",4
"000:23:30.830","Info","Arena",2,"Enter_Zone",1
"000:23:37.596","Info","Arena",2,"Exit_Zone",1
"000:23:37.596","Info","Arena",2,"Enter_Zone",4
"000:23:38.863","Info","Arena",2,"Exit_Zone",4
"000:23:38.863","Info","Arena",2,"Enter_Zone",3
"000:23:50.297","Info","Arena",2,"Exit_Zone",3
"000:23:50.297","Info","Arena",2,"Enter_Zone",4
"000:23:51.559","Info","Arena",2,"Exit_Zone",4
"000:23:51.559","Info","Arena",2,"Enter_Zone",1
"000:23:58.295","Info","Arena",2,"Exit_Zone",1
"000:23:58.295","Info","Arena",2,"Enter_Zone",4
"000:23:59.295","Info","Arena",2,"Exit_Zone",4
"000:23:59.295","Info","Arena",2,"Enter_Zone",2
"000:24:03.424","Info","Arena",1,"Exit_Zone",3
"000:24:03.424","Info","Arena",1,"Enter_Zone",4
"000:24:03.858","Info","Arena",1,"Exit_Zone",4
"000:24:03.858","Info","Arena",1,"Enter_Zone",3
"000:24:06.323","Info","Arena",2,"Exit_Zone",2
"000:24:06.323","Info","Arena",2,"Enter_Zone",4
"000:24:07.258","Info","Arena",2,"Exit_Zone",4
"000:24:07.258","Info","Arena",2,"Enter_Zone",1
"000:24:10.294","Info","Arena",2,"Exit_Zone",1
"000:24:10.294","Info","Arena",2,"Enter_Zone",4
"000:24:11.722","Info","Arena",2,"Exit_Zone",4
"000:24:11.722","Info","Arena",2,"Enter_Zone",3
"000:24:24.753","Info","Arena",1,"Exit_Zone",3
"000:24:24.753","Info","Arena",1,"Enter_Zone",4
"000:24:24.986","Info","Arena",1,"Exit_Zone",4
"000:24:24.986","Info","Arena",1,"Enter_Zone",3
"000:24:27.289","Info","Arena",2,"Exit_Zone",3
"000:24:27.289","Info","Arena",2,"Enter_Zone",4
"000:24:28.685","Info","Arena",2,"Exit_Zone",4
"000:24:28.685","Info","Arena",2,"Enter_Zone",1
"000:24:35.351","Info","Arena",2,"Exit_Zone",1
"000:24:35.351","Info","Arena",2,"Enter_Zone",4
"000:24:36.751","Info","Arena",2,"Exit_Zone",4
"000:24:36.751","Info","Arena",2,"Enter_Zone",2
"000:24:41.917","Info","Arena",2,"Exit_Zone",2
"000:24:41.917","Info","Arena",2,"Enter_Zone",4
"000:24:42.786","Info","Arena",2,"Exit_Zone",4
"000:24:42.786","Info","Arena",2,"Enter_Zone",1
"000:24:49.715","Info","Arena",2,"Exit_Zone",1
"000:24:49.715","Info","Arena",2,"Enter_Zone",4
"000:24:49.748","Info","Arena",2,"Exit_Zone",4
"000:24:49.748","Info","Arena",2,"Enter_Zone",1
"000:24:49.785","Info","Arena",2,"Exit_Zone",1
"000:24:49.785","Info","Arena",2,"Enter_Zone",4
"000:24:51.717","Info","Arena",2,"Exit_Zone",4
"000:24:51.717","Info","Arena",2,"Enter_Zone",2
"000:24:59.116","Info","Arena",2,"Exit_Zone",2
"000:24:59.116","Info","Arena",2,"Enter_Zone",4
"000:25:00.212","Info","Arena",2,"Exit_Zone",4
"000:25:00.212","Info","Arena",2,"Enter_Zone",1
"000:25:07.046","Info","Arena",2,"Exit_Zone",1
"000:25:07.046","Info","Arena",2,"Enter_Zone",4
"000:25:08.744","Info","Arena",2,"Exit_Zone",4
"000:25:08.744","Info","Arena",2,"Enter_Zone",3
"000:25:17.076","Info","Arena",2,"Exit_Zone",3
"000:25:17.076","Info","Arena",2,"Enter_Zone",4
"000:25:18.447","Info","Arena",2,"Exit_Zone",4
"000:25:18.447","Info","Arena",2,"Enter_Zone",2
"000:25:21.643","Info","Arena",2,"Exit_Zone",2
"000:25:21.643","Info","Arena",2,"Enter_Zone",4
"000:25:22.575","Info","Arena",2,"Exit_Zone",4
"000:25:22.575","Info","Arena",2,"Enter_Zone",1
"000:25:29.207","Info","Arena",2,"Exit_Zone",1
"000:25:29.207","Info","Arena",2,"Enter_Zone",4
"000:25:30.540","Info","Arena",2,"Exit_Zone",4
"000:25:30.540","Info","Arena",2,"Enter_Zone",3
"000:25:37.538","Info","Arena",2,"Exit_Zone",3
"000:25:37.538","Info","Arena",2,"Enter_Zone",4
"000:25:38.839","Info","Arena",2,"Exit_Zone",4
"000:25:38.839","Info","Arena",2,"Enter_Zone",2
"000:25:42.444","Info","Arena",1,"Exit_Zone",3
"000:25:42.444","Info","Arena",1,"Enter_Zone",4
"000:25:43.108","Info","Arena",1,"Exit_Zone",4
"000:25:43.108","Info","Arena",1,"Enter_Zone",2
"000:25:43.838","Info","Arena",2,"Exit_Zone",2
"000:25:43.838","Info","Arena",2,"Enter_Zone",4
"000:25:44.337","Info","Arena",1,"Exit_Zone",2
"000:25:44.337","Info","Arena",1,"Enter_Zone",4
"000:25:44.737","Info","Arena",1,"Exit_Zone",4
"000:25:44.737","Info","Arena",1,"Enter_Zone",3
"000:25:44.804","Info","Arena",2,"Exit_Zone",4
"000:25:44.804","Info","Arena",2,"Enter_Zone",3
"000:25:50.203","Info","Arena",2,"Exit_Zone",3
"000:25:50.203","Info","Arena",2,"Enter_Zone",4
"000:25:52.069","Info","Arena",2,"Exit_Zone",4
"000:25:52.069","Info","Arena",2,"Enter_Zone",1
"000:26:00.271","Info","Arena",2,"Exit_Zone",1
"000:26:00.271","Info","Arena",2,"Enter_Zone",4
"000:26:02.835","Info","Arena",2,"Exit_Zone",4
"000:26:02.835","Info","Arena",2,"Enter_Zone",2
"000:26:03.400","Info","Arena",1,"Exit_Zone",3
"000:26:03.400","Info","Arena",1,"Enter_Zone",4
"000:26:03.700","Info","Arena",1,"Exit_Zone",4
"000:26:03.700","Info","Arena",1,"Enter_Zone",3
"000:26:14.998","Info","Arena",2,"Exit_Zone",2
"000:26:14.998","Info","Arena",2,"Enter_Zone",4
"000:26:17.697","Info","Arena",2,"Exit"000:43:21.234","Info","Arena",2,"Exit_Zone",3
"000:43:21.234","Info","Arena",2,"Enter_Zone",4
"000:43:22.528","Info","Arena",2,"Exit_Zone",4
"000:43:22.528","Info","Arena",2,"Enter_Zone",1
"000:43:29.260","Info","Arena",2,"Exit_Zone",1
"000:43:29.260","Info","Arena",2,"Enter_Zone",4
"000:43:31.526","Info","Arena",2,"Exit_Zone",4
"000:43:31.526","Info","Arena",2,"Enter_Zone",3
"000:43:31.693","Info","Arena",1,"Exit_Zone",3
"000:43:31.693","Info","Arena",1,"Enter_Zone",4
"000:43:31.959","Info","Arena",1,"Exit_Zone",4
"000:43:31.959","Info","Arena",1,"Enter_Zone",3
"000:43:39.026","Info","Arena",2,"Exit_Zone",3
"000:43:39.026","Info","Arena",2,"Enter_Zone",4
"000:43:39.758","Info","Arena",2,"Exit_Zone",4
"000:43:39.758","Info","Arena",2,"Enter_Zone",1
"000:43:46.257","Info","Arena",2,"Exit_Zone",1
"000:43:46.257","Info","Arena",2,"Enter_Zone",4
"000:43:48.894","Info","Arena",2,"Exit_Zone",4
"000:43:48.894","Info","Arena",2,"Enter_Zone",3
"000:43:58.754","Info","Arena",2,"Exit_Zone",3
"000:43:58.754","Info","Arena",2,"Enter_Zone",4
"000:44:00.654","Info","Arena",2,"Exit_Zone",4
"000:44:00.654","Info","Arena",2,"Enter_Zone",1
"000:44:08.119","Info","Arena",2,"Exit_Zone",1
"000:44:08.119","Info","Arena",2,"Enter_Zone",4
"000:44:10.420","Info","Arena",2,"Exit_Zone",4
"000:44:10.420","Info","Arena",2,"Enter_Zone",3
"000:44:22.450","Info","Arena",2,"Exit_Zone",3
"000:44:22.450","Info","Arena",2,"Enter_Zone",4
"000:44:23.317","Info","Arena",2,"Exit_Zone",4
"000:44:23.317","Info","Arena",2,"Enter_Zone",1
"000:44:23.617","Info","Arena",2,"Exit_Zone",1
"000:44:23.617","Info","Arena",2,"Enter_Zone",4
"000:44:23.683","Info","Arena",2,"Exit_Zone",4
"000:44:23.683","Info","Arena",2,"Enter_Zone",1
"000:44:31.748","Info","Arena",2,"Exit_Zone",1
"000:44:31.748","Info","Arena",2,"Enter_Zone",4
"000:44:33.219","Info","Arena",2,"Exit_Zone",4
"000:44:33.219","Info","Arena",2,"Enter_Zone",3
"000:44:36.415","Info","Arena",1,"Exit_Zone",3
"000:44:36.415","Info","Arena",1,"Enter_Zone",4
"000:44:37.218","Info","Arena",1,"Exit_Zone",4
"000:44:37.218","Info","Arena",1,"Enter_Zone",2
"000:44:37.980","Info","Arena",1,"Exit_Zone",2
"000:44:37.980","Info","Arena",1,"Enter_Zone",4
"000:44:38.414","Info","Arena",1,"Exit_Zone",4
"000:44:38.414","Info","Arena",1,"Enter_Zone",3
"000:44:40.814","Info","Arena",2,"Exit_Zone",3
"000:44:40.814","Info","Arena",2,"Enter_Zone",4
"000:44:40.947","Info","Arena",2,"Exit_Zone",4
"000:44:40.947","Info","Arena",2,"Enter_Zone",1
"000:44:49.677","Info","Arena",2,"Exit_Zone",1
"000:44:49.677","Info","Arena",2,"Enter_Zone",4
"000:44:52.548","Info","Arena",2,"Exit_Zone",4
"000:44:52.548","Info","Arena",2,"Enter_Zone",3
"000:45:00.214","Info","Arena",2,"Exit_Zone",3
"000:45:00.214","Info","Arena",2,"Enter_Zone",4
"000:45:02.076","Info","Arena",2,"Exit_Zone",4
"000:45:02.076","Info","Arena",2,"Enter_Zone",1
"000:45:06.545","Info","Arena",2,"Exit_Zone",1
"000:45:06.545","Info","Arena",2,"Enter_Zone",4
"000:45:10.879","Info","Arena",2,"Exit_Zone",4
"000:45:10.879","Info","Arena",2,"Enter_Zone",1
"000:45:11.008","Info","Arena",1,"Exit_Zone",3
"000:45:11.008","Info","Arena",1,"Enter_Zone",4
"000:45:11.608","Info","Arena",1,"Exit_Zone",4
"000:45:11.608","Info","Arena",1,"Enter_Zone",3
"000:45:14.973","Info","Arena",2,"Exit_Zone",1
"000:45:14.973","Info","Arena",2,"Enter_Zone",4
"000:45:17.472","Info","Arena",2,"Exit_Zone",4
"000:45:17.472","Info","Arena",2,"Enter_Zone",3
"000:45:26.374","Info","Arena",2,"Exit_Zone",3
"000:45:26.374","Info","Arena",2,"Enter_Zone",4
"000:45:28.041","Info","Arena",2,"Exit_Zone",4
"000:45:28.041","Info","Arena",2,"Enter_Zone",1
"000:45:33.236","Info","Arena",2,"Exit_Zone",1
"000:45:33.236","Info","Arena",2,"Enter_Zone",4
"000:45:34.169","Info","Arena",2,"Exit_Zone",4
"000:45:34.169","Info","Arena",2,"Enter_Zone",3
"000:45:41.267","Info","Arena",2,"Exit_Zone",3
"000:45:41.267","Info","Arena",2,"Enter_Zone",4
"000:45:42.267","Info","Arena",2,"Exit_Zone",4
"000:45:42.267","Info","Arena",2,"Enter_Zone",1
"000:45:46.066","Info","Arena",1,"Exit_Zone",3
"000:45:46.066","Info","Arena",1,"Enter_Zone",4
"000:45:47.066","Info","Arena",1,"Exit_Zone",4
"000:45:47.066","Info","Arena",1,"Enter_Zone",1
"000:45:47.870","Info","Arena",2,"Exit_Zone",1
"000:45:47.870","Info","Arena",2,"Enter_Zone",4
"000:45:49.600","Info","Arena",2,"Exit_Zone",4
"000:45:49.600","Info","Arena",2,"Enter_Zone",2
"000:45:50.632","Info","Arena",1,"Exit_Zone",1
"000:45:50.632","Info","Arena",1,"Enter_Zone",4
"000:45:51.099","Info","Arena",1,"Exit_Zone",4
"000:45:51.099","Info","Arena",1,"Enter_Zone",3
"000:45:56.464","Info","Arena",2,"Exit_Zone",2
"000:45:56.464","Info","Arena",2,"Enter_Zone",4
"000:45:57.898","Info","Arena",2,"Exit_Zone",4
"000:45:57.898","Info","Arena",2,"Enter_Zone",3
"000:46:07.896","Info","Arena",2,"Exit_Zone",3
"000:46:07.896","Info","Arena",2,"Enter_Zone",4
"000:46:09.398","Info","Arena",2,"Exit_Zone",4
"000:46:09.398","Info","Arena",2,"Enter_Zone",2
"000:46:12.366","Info","Arena",1,"Exit_Zone",3
"000:46:12.366","Info","Arena",1,"Enter_Zone",4
"000:46:12.396","Info","Arena",1,"Exit_Zone",4
"000:46:12.396","Info","Arena",1,"Enter_Zone",3
"000:46:12.461","Info","Arena",1,"Exit_Zone",3
"000:46:12.461","Info","Arena",1,"Enter_Zone",4
"000:46:13.061","Info","Arena",1,"Exit_Zone",4
"000:46:13.061","Info","Arena",1,"Enter_Zone",3
"000:46:18.227","Info","Arena",2,"Exit_Zone",2
"000:46:18.227","Info","Arena",2,"Enter_Zone",4
"000:46:19.893","Info","Arena",2,"Exit_Zone",4
"000:46:19.893","Info","Arena",2,"Enter_Zone",1
"000:46:27.658","Info","Arena",2,"Exit_Zone",1
"000:46:27.658","Info","Arena",2,"Enter_Zone",4
"000:46:29.197","Info","Arena",2,"Exit_Zone",4
"000:46:29.197","Info","Arena",2,"Enter_Zone",2
"000:46:36.257","Info","Arena",2,"Exit_Zone",2
"000:46:36.257","Info","Arena",2,"Enter_Zone",4
"000:46:37.490","Info","Arena",2,"Exit_Zone",4
"000:46:37.490","Info","Arena",2,"Enter_Zone",1
"000:46:43.055","Info","Arena",2,"Exit_Zone",1
"000:46:43.055","Info","Arena",2,"Enter_Zone",4
"000:46:44.088","Info","Arena",2,"Exit_Zone",4
"000:46:44.088","Info","Arena",2,"Enter_Zone",2
"000:46:56.153","Info","Arena",2,"Exit_Zone",2
"000:46:56.153","Info","Arena",2,"Enter_Zone",4
"000:46:56.486","Info","Arena",2,"Exit_Zone",4
"000:46:56.486","Info","Arena",2,"Enter_Zone",2
"000:47:03.952","Info","Arena",2,"Exit_Zone",2
"000:47:03.952","Info","Arena",2,"Enter_Zone",4
"000:47:05.917","Info","Arena",2,"Exit_Zone",4
"000:47:05.917","Info","Arena",2,"Enter_Zone",1
"000:47:10.687","Info","Arena",2,"Exit_Zone",1
"000:47:10.687","Info","Arena",2,"Enter_Zone",4
"000:47:11.520","Info","Arena",2,"Exit_Zone",4
"000:47:11.520","Info","Arena",2,"Enter_Zone",2
"000:47:18.187","Info","Arena",2,"Exit_Zone",2
"000:47:18.187","Info","Arena",2,"Enter_Zone",4
"000:47:19.282","Info","Arena",2,"Exit_Zone",4
"000:47:19.282","Info","Arena",2,"Enter_Zone",1
"000:47:24.947","Info","Arena",2,"Exit_Zone",1
"000:47:24.947","Info","Arena",2,"Enter_Zone",4
"000:47:26.313","Info","Arena",2,"Exit_Zone",4
"000:47:26.313","Info","Arena",2,"Enter_Zone",2
"000:47:32.546","Info","Arena",2,"Exit_Zone",2
"000:47:32.546","Info","Arena",2,"Enter_Zone",4
"000:47:33.645","Info","Arena",2,"Exit_Zone",4
"000:47:33.645","Info","Arena",2,"Enter_Zone",3
"000:47:36.311","Info","Arena",1,"Exit_Zone",3
"000:47:36.311","Info","Arena",1,"Enter_Zone",4
"000:47:37.683","Info","Arena",1,"Exit_Zone",4
"000:47:37.683","Info","Arena",1,"Enter_Zone",3
"000:47:44.243","Info","Arena",2,"Exit_Zone",3
"000:47:44.243","Info","Arena",2,"Enter_Zone",4
"000:47:45.076","Info","Arena",2,"Exit_Zone",4
"000:47:45.076","Info","Arena",2,"Enter_Zone",1
"000:47:49.942","Info","Arena",2,"Exit_Zone",1
"000:47:49.942","Info","Arena",2,"Enter_Zone",4
"000:47:53.679","Info","Arena",2,"Exit_Zone",4
"000:47:53.679","Info","Arena",2,"Enter_Zone",3
"000:48:11.305","Info","Arena",2,"Exit_Zone",3
"000:48:11.305","Info","Arena",2,"Enter_Zone",4
"000:48:12.904","Info","Arena",2,"Exit_Zone",4
"000:48:12.904","Info","Arena",2,"Enter_Zone",1
"000:48:14.509","Info","Arena",1,"Exit_Zone",3
"000:48:14.509","Info","Arena",1,"Enter_Zone",4
"000:48:14.537","Info","Arena",1,"Exit_Zone",4
"000:48:14.537","Info","Arena",1,"Enter_Zone",3
"000:48:14.572","Info","Arena",1,"Exit_Zone",3
"000:48:14.572","Info","Arena",1,"Enter_Zone",4
"000:48:14.938","Info","Arena",1,"Exit_Zone",4
"000:48:14.938","Info","Arena",1,"Enter_Zone",1
"000:48:17.537","Info","Arena",1,"Exit_Zone",1
"000:48:17.537","Info","Arena",1,"Enter_Zone",4
"000:48:18.371","Info","Arena",1,"Exit_Zone",4
"000:48:18.371","Info","Arena",1,"Enter_Zone",3
"000:48:18.405","Info","Arena",1,"Exit_Zone",3
"000:48:18.405","Info","Arena",1,"Enter_Zone",4
"000:48:18.971","Info","Arena",1,"Exit_Zone",4
"000:48:18.971","Info","Arena",1,"Enter_Zone",3
"000:48:21.370","Info","Arena",2,"Exit_Zone",1
"000:48:21.370","Info","Arena",2,"Enter_Zone",4
"000:48:22.840","Info","Arena",2,"Exit_Zone",4
"000:48:22.840","Info","Arena",2,"Enter_Zone",3
"000:48:30.734","Info","Arena",2,"Exit_Zone",3
"000:48:30.734","Info","Arena",2,"Enter_Zone",4
"000:48:31.672","Info","Arena",2,"Exit_Zone",4
"000:48:31.672","Info","Arena",2,"Enter_Zone",1
"000:48:34.934","Info","Arena",2,"Exit_Zone",1
"000:48:34.934","Info","Arena",2,"Enter_Zone",4
"000:48:36.067","Info","Arena",2,"Exit_Zone",4
"000:48:36.067","Info","Arena",2,"Enter_Zone",3
"000:48:59.499","Info","Arena",2,"Exit_Zone",3
"000:48:59.499","Info","Arena",2,"Enter_Zone",4
"000:49:00.562","Info","Arena",2,"Exit_Zone",4
"000:49:00.562","Info","Arena",2,"Enter_Zone",2
"000:49:05.665","Info","Arena",2,"Exit_Zone",2
"000:49:05.665","Info","Arena",2,"Enter_Zone",4
"000:49:06.061","Info","Arena",2,"Exit_Zone",4
"000:49:06.061","Info","Arena",2,"Enter_Zone",3
"000:49:13.226","Info","Arena",2,"Exit_Zone",3
"000:49:13.226","Info","Arena",2,"Enter_Zone",4
"000:49:14.560","Info","Arena",2,"Exit_Zone",4
"000:49:14.560","Info","Arena",2,"Enter_Zone",1
"000:49:18.328","Info","Arena",1,"Exit_Zone",3
"000:49:18.328","Info","Arena",1,"Enter_Zone",4
"000:49:18.559","Info","Arena",1,"Exit_Zone",4
"000:49:18.559","Info","Arena",1,"Enter_Zone",3
"000:49:23.224","Info","Arena",2,"Exit_Zone",1
"000:49:23.224","Info","Arena",2,"Enter_Zone",4
"000:49:24.690","Info","Arena",2,"Exit_Zone",4
"000:49:24.690","Info","Arena",2,"Enter_Zone",1
"000:49:33.659","Info","Arena",2,"Exit_Zone",1
"000:49:33.659","Info","Arena",2,"Enter_Zone",4
"000:49:36.454","Info","Arena",2,"Exit_Zone",4
"000:49:36.454","Info","Arena",2,"Enter_Zone",3
"000:49:36.492","Info","Arena",2,"Exit_Zone",3
"000:49:36.492","Info","Arena",2,"Enter_Zone",4
"000:49:36.521","Info","Arena",2,"Exit_Zone",4
"000:49:36.521","Info","Arena",2,"Enter_Zone",3
"000:49:52.822","Info","Arena",2,"Exit_Zone",3
"000:49:52.822","Info","Arena",2,"Enter_Zone",4
"000:49:54.218","Info","Arena",2,"Exit_Zone",4
"000:49:54.218","Info","Arena",2,"Enter_Zone",1
"000:49:59.352","Info","Arena",2,"Exit_Zone",1
"000:49:59.352","Info","Arena",2,"Enter_Zone",4
"000:50:01.783","Info","Arena",2,"Exit_Zone",4
"000:50:01.783","Info","Arena",2,"Enter_Zone",2
"000:50:03.950","Info","Arena",1,"Exit_Zone",3
"000:50:03.950","Info","Arena",1,"Enter_Zone",4
"000:50:04.950","Info","Arena",1,"Exit_Zone",4
"000:50:04.950","Info","Arena",1,"Enter_Zone",2
"000:50:07.320","Info","Arena",1,"Exit_Zone",2
"000:50:07.320","Info","Arena",1,"Enter_Zone",4
"000:50:07.715","Info","Arena",1,"Exit_Zone",4
"000:50:07.715","Info","Arena",1,"Enter_Zone",3
"000:50:11.949","Info","Arena",2,"Exit_Zone",2
"000:50:11.949","Info","Arena",2,"Enter_Zone",4
"000:50:14.948","Info","Arena",2,"Exit_Zone",4
"000:50:14.948","Info","Arena",2,"Enter_Zone",3
"000:50:14.985","Info","Arena",2,"Exit_Zone",3
"000:50:14.985","Info","Arena",2,"Enter_Zone",4
"000:50:15.013","Info","Arena",2,"Exit_Zone",4
"000:50:15.013","Info","Arena",2,"Enter_Zone",3
"000:50:27.246","Info","Arena",2,"Exit_Zone",3
"000:50:27.246","Info","Arena",2,"Enter_Zone",4
"000:50:29.814","Info","Arena",2,"Exit_Zone",4
"000:50:29.814","Info","Arena",2,"Enter_Zone",1
"000:50:35.148","Info","Arena",2,"Exit_Zone",1
"000:50:35.148","Info","Arena",2,"Enter_Zone",4
"000:50:37.979","Info","Arena",1,"Exit_Zone",3
"000:50:37.979","Info","Arena",1,"Enter_Zone",4
"000:50:38.646","Info","Arena",1,"Exit_Zone",4
"000:50:38.646","Info","Arena",1,"Enter_Zone",2
"000:50:39.176","Info","Arena",2,"Exit_Zone",4
"000:50:39.176","Info","Arena",2,"Enter_Zone",3
"000:50:40.646","Info","Arena",1,"Exit_Zone",2
"000:50:40.646","Info","Arena",1,"Enter_Zone",4
"000:50:41.042","Info","Arena",1,"Exit_Zone",4
"000:50:41.042","Info","Arena",1,"Enter_Zone",1
"000:50:43.608","Info","Arena",1,"Exit_Zone",1
"000:50:43.608","Info","Arena",1,"Enter_Zone",4
"000:50:43.674","Info","Arena",1,"Exit_Zone",4
"000:50:43.674","Info","Arena",1,"Enter_Zone",1
"000:50:43.708","Info","Arena",1,"Exit_Zone",1
"000:50:43.708","Info","Arena",1,"Enter_Zone",4
"000:50:46.041","Info","Arena",1,"Exit_Zone",4
"000:50:46.041","Info","Arena",1,"Enter_Zone",3
"000:51:01.706","Info","Arena",2,"Exit_Zone",3
"000:51:01.706","Info","Arena",2,"Enter_Zone",4
"000:51:02.739","Info","Arena",2,"Exit_Zone",4
"000:51:02.739","Info","Arena",2,"Enter_Zone",2
"000:51:10.669","Info","Arena",2,"Exit_Zone",2
"000:51:10.669","Info","Arena",2,"Enter_Zone",4
"000:51:14.369","Info","Arena",2,"Exit_Zone",4
"000:51:14.369","Info","Arena",2,"Enter_Zone",1
"000:51:21.101","Info","Arena",2,"Exit_Zone",1
"000:51:21.101","Info","Arena",2,"Enter_Zone",4
"000:51:24.767","Info","Arena",2,"Exit_Zone",4
"000:51:24.767","Info","Arena",2,"Enter_Zone",3
"000:51:38.835","Info","Arena",2,"Exit_Zone",3
"000:51:38.835","Info","Arena",2,"Enter_Zone",4
"000:51:40.763","Info","Arena",2,"Exit_Zone",4
"000:51:40.763","Info","Arena",2,"Enter_Zone",1
"000:51:53.929","Info","Arena",2,"Exit_Zone",1
"000:51:53.929","Info","Arena",2,"Enter_Zone",4
"000:51:54.061","Info","Arena",2,"Exit_Zone",4
"000:51:54.061","Info","Arena",2,"Enter_Zone",1
"000:51:54.161","Info","Arena",2,"Exit_Zone",1
"000:51:54.161","Info","Arena",2,"Enter_Zone",4
"000:51:59.660","Info","Arena",2,"Exit_Zone",4
"000:51:59.660","Info","Arena",2,"Enter_Zone",3
"000:52:22.523","Info","Arena",2,"Exit_Zone",3
"000:52:22.523","Info","Arena",2,"Enter_Zone",4
"000:52:26.126","Info","Arena",2,"Exit_Zone",4
"000:52:26.126","Info","Arena",2,"Enter_Zone",2
"000:52:37.789","Info","Arena",1,"Exit_Zone",3
"000:52:37.789","Info","Arena",1,"Enter_Zone",4
"000:52:38.622","Info","Arena",2,"Exit_Zone",2
"000:52:38.622","Info","Arena",2,"Enter_Zone",4
"000:52:39.152","Info","Arena",1,"Exit_Zone",4
"000:52:39.152","Info","Arena",1,"Enter_Zone",1
"000:52:39.752","Info","Arena",1,"Exit_Zone",1
"000:52:39.752","Info","Arena",1,"Enter_Zone",4
"000:52:40.218","Info","Arena",1,"Exit_Zone",4
"000:52:40.218","Info","Arena",1,"Enter_Zone",3
"000:52:40.585","Info","Arena",2,"Exit_Zone",4
"000:52:40.585","Info","Arena",2,"Enter_Zone",1
"000:52:45.584","Info","Arena",2,"Exit_Zone",1
"000:52:45.584","Info","Arena",2,"Enter_Zone",4
"000:52:50.287","Info","Arena",2,"Exit_Zone",4
"000:52:50.287","Info","Arena",2,"Enter_Zone",3
"000:53:09.451","Info","Arena",2,"Exit_Zone",3
"000:53:09.451","Info","Arena",2,"Enter_Zone",4
"000:53:11.679","Info","Arena",2,"Exit_Zone",4
"000:53:11.679","Info","Arena",2,"Enter_Zone",1
"000:53:16.713","Info","Arena",2,"Exit_Zone",1
"000:53:16.713","Info","Arena",2,"Enter_Zone",4
"000:53:22.543","Info","Arena",2,"Exit_Zone",4
"000:53:22.543","Info","Arena",2,"Enter_Zone",3
"000:53:22.576","Info","Arena",2,"Exit_Zone",3
"000:53:22.576","Info","Arena",2,"Enter_Zone",4
"000:53:22.614","Info","Arena",2,"Exit_Zone",4
"000:53:22.614","Info","Arena",2,"Enter_Zone",3
"000:53:22.676","Info","Arena",2,"Exit_Zone",3
"000:53:22.676","Info","Arena",2,"Enter_Zone",4
"000:53:22.743","Info","Arena",2,"Exit_Zone",4
"000:53:22.743","Info","Arena",2,"Enter_Zone",3
"000:53:22.843","Info","Arena",2,"Exit_Zone",3
"000:53:22.843","Info","Arena",2,"Enter_Zone",4
"000:53:22.911","Info","Arena",2,"Exit_Zone",4
"000:53:22.911","Info","Arena",2,"Enter_Zone",3
"000:53:36.840","Info","Arena",2,"Exit_Zone",3
"000:53:36.840","Info","Arena",2,"Enter_Zone",4
"000:53:38.777","Info","Arena",2,"Exit_Zone",4
"000:53:38.777","Info","Arena",2,"Enter_Zone",1
"000:53:44.739","Info","Arena",2,"Exit_Zone",1
"000:53:44.739","Info","Arena",2,"Enter_Zone",4
"000:53:45.612","Info","Arena",2,"Exit_Zone",4
"000:53:45.612","Info","Arena",2,"Enter_Zone",3
"000:53:58.108","Info","Arena",2,"Exit_Zone",3
"000:53:58.108","Info","Arena",2,"Enter_Zone",4
"000:53:59.836","Info","Arena",2,"Exit_Zone",4
"000:53:59.836","Info","Arena",2,"Enter_Zone",1
"000:54:16.799","Info","Arena",2,"Exit_Zone",1
"000:54:16.799","Info","Arena",2,"Enter_Zone",4
"000:54:16.833","Info","Arena",2,"Exit_Zone",4
"000:54:16.833","Info","Arena",2,"Enter_Zone",1
"000:54:16.866","Info","Arena",2,"Exit_Zone",1
"000:54:16.866","Info","Arena",2,"Enter_Zone",4
"000:54:30.196","Info","Arena",2,"Exit_Zone",4
"000:54:30.196","Info","Arena",2,"Enter_Zone",3
"000:54:39.496","Info","Arena",1,"Exit_Zone",3
"000:54:39.496","Info","Arena",1,"Enter_Zone",4
"000:54:40.194","Info","Arena",1,"Exit_Zone",4
"000:54:40.194","Info","Arena",1,"Enter_Zone",1
"000:54:42.461","Info","Arena",1,"Exit_Zone",1
"000:54:42.461","Info","Arena",1,"Enter_Zone",4
"000:54:42.931","Info","Arena",1,"Exit_Zone",4
"000:54:42.931","Info","Arena",1,"Enter_Zone",3
"000:54:43.227","Info","Arena",2,"Exit_Zone",3
"000:54:43.227","Info","Arena",2,"Enter_Zone",4
"000:54:48.263","Info","Arena",2,"Exit_Zone",4
"000:54:48.263","Info","Arena",2,"Enter_Zone",1
"000:55:01.761","Info","Arena",2,"Exit_Zone",1
"000:55:01.761","Info","Arena",2,"Enter_Zone",4
"000:55:01.790","Info","Arena",2,"Exit_Zone",4
"000:55:01.790","Info","Arena",2,"Enter_Zone",1
"000:55:01.957","Info","Arena",2,"Exit_Zone",1
"000:55:01.957","Info","Arena",2,"Enter_Zone",4
"000:55:12.689","Info","Arena",2,"Exit_Zone",4
"000:55:12.689","Info","Arena",2,"Enter_Zone",3
"000:55:23.053","Info","Arena",2,"Exit_Zone",3
"000:55:23.053","Info","Arena",2,"Enter_Zone",4
"000:55:27.852","Info","Arena",2,"Exit_Zone",4
"000:55:27.852","Info","Arena",2,"Enter_Zone",1
"000:55:32.817","Info","Arena",2,"Exit_Zone",1
"000:55:32.817","Info","Arena",2,"Enter_Zone",4
"000:55:37.088","Info","Arena",2,"Exit_Zone",4
"000:55:37.088","Info","Arena",2,"Enter_Zone",3
"000:55:55.780","Info","Arena",2,"Exit_Zone",3
"000:55:55.780","Info","Arena",2,"Enter_Zone",4
"000:55:56.646","Info","Arena",2,"Exit_Zone",4
"000:55:56.646","Info","Arena",2,"Enter_Zone",1
"000:56:00.445","Info","Arena",1,"Exit_Zone",3
"000:56:00.445","Info","Arena",1,"Enter_Zone",4
"000:56:00.979","Info","Arena",1,"Exit_Zone",4
"000:56:00.979","Info","Arena",1,"Enter_Zone",3
"000:56:17.842","Info","Arena",2,"Exit_Zone",1
"000:56:17.842","Info","Arena",2,"Enter_Zone",4
"000:56:19.746","Info","Arena",2,"Exit_Zone",4
"000:56:19.746","Info","Arena",2,"Enter_Zone",3
"000:56:25.774","Info","Arena",1,"Exit_Zone",3
"000:56:25.774","Info","Arena",1,"Enter_Zone",4
"000:56:25.840","Info","Arena",1,"Exit_Zone",4
"000:56:25.840","Info","Arena",1,"Enter_Zone",3
"000:56:40.672","Info","Arena",2,"Exit_Zone",3
"000:56:40.672","Info","Arena",2,"Enter_Zone",4
"000:56:41.004","Info","Arena",2,"Exit_Zone",4
"000:56:41.004","Info","Arena",2,"Enter_Zone",1
"000:56:47.836","Info","Arena",2,"Exit_Zone",1
"000:56:47.836","Info","Arena",2,"Enter_Zone",4
"000:56:50.906","Info","Arena",2,"Exit_Zone",4
"000:56:50.906","Info","Arena",2,"Enter_Zone",3
"000:56:54.102","Info","Arena",1,"Exit_Zone",3
"000:56:54.102","Info","Arena",1,"Enter_Zone",4
"000:56:54.405","Info","Arena",1,"Exit_Zone",4
"000:56:54.405","Info","Arena",1,"Enter_Zone",3
"000:57:02.599","Info","Arena",2,"Exit_Zone",3
"000:57:02.599","Info","Arena",2,"Enter_Zone",4
"000:57:06.366","Info","Arena",2,"Exit_Zone",4
"000:57:06.366","Info","Arena",2,"Enter_Zone",2
"000:57:16.068","Info","Arena",2,"Exit_Zone",2
"000:57:16.068","Info","Arena",2,"Enter_Zone",4
"000:57:18.234","Info","Arena",2,"Exit_Zone",4
"000:57:18.234","Info","Arena",2,"Enter_Zone",1
"000:57:20.664","Info","Arena",1,"Exit_Zone",3
"000:57:20.664","Info","Arena",1,"Enter_Zone",4
"000:57:21.329","Info","Arena",1,"Exit_Zone",4
"000:57:21.329","Info","Arena",1,"Enter_Zone",1
"000:57:23.296","Info","Arena",1,"Exit_Zone",1
"000:57:23.296","Info","Arena",1,"Enter_Zone",4
"000:57:23.732","Info","Arena",1,"Exit_Zone",4
"000:57:23.732","Info","Arena",1,"Enter_Zone",3
"000:57:28.994","Info","Arena",2,"Exit_Zone",1
"000:57:28.994","Info","Arena",2,"Enter_Zone",4
"000:57:30.194","Info","Arena",2,"Exit_Zone",4
"000:57:30.194","Info","Arena",2,"Enter_Zone",3
"000:57:37.260","Info","Arena",2,"Exit_Zone",3
"000:57:37.260","Info","Arena",2,"Enter_Zone",4
"000:57:39.126","Info","Arena",2,"Exit_Zone",4
"000:57:39.126","Info","Arena",2,"Enter_Zone",1
"000:57:45.395","Info","Arena",2,"Exit_Zone",1
"000:57:45.395","Info","Arena",2,"Enter_Zone",4
"000:57:47.658","Info","Arena",2,"Exit_Zone",4
"000:57:47.658","Info","Arena",2,"Enter_Zone",2
"000:57:49.062","Info","Arena",2,"Exit_Zone",2
"000:57:49.062","Info","Arena",2,"Enter_Zone",4
"000:57:50.561","Info","Arena",2,"Exit_Zone",4
"000:57:50.561","Info","Arena",2,"Enter_Zone",1
"000:57:50.957","Info","Arena",2,"Exit_Zone",1
"000:57:50.957","Info","Arena",2,"Enter_Zone",4
"000:57:51.690","Info","Arena",2,"Exit_Zone",4
"000:57:51.690","Info","Arena",2,"Enter_Zone",3
"000:57:58.423","Info","Arena",2,"Exit_Zone",3
"000:57:58.423","Info","Arena",2,"Enter_Zone",4
"000:57:59.392","Info","Arena",2,"Exit_Zone",4
"000:57:59.392","Info","Arena",2,"Enter_Zone",1
"000:58:10.319","Info","Arena",2,"Exit_Zone",1
"000:58:10.319","Info","Arena",2,"Enter_Zone",4
"000:58:10.420","Info","Arena",2,"Exit_Zone",4
"000:58:10.420","Info","Arena",2,"Enter_Zone",1
"000:58:10.454","Info","Arena",2,"Exit_Zone",1
"000:58:10.454","Info","Arena",2,"Enter_Zone",4
"000:58:13.453","Info","Arena",2,"Exit_Zone",4
"000:58:13.453","Info","Arena",2,"Enter_Zone",3
"000:58:21.484","Info","Arena",2,"Exit_Zone",3
"000:58:21.484","Info","Arena",2,"Enter_Zone",4
"000:58:22.554","Info","Arena",2,"Exit_Zone",4
"000:58:22.554","Info","Arena",2,"Enter_Zone",1
"000:58:32.482","Info","Arena",2,"Exit_Zone",1
"000:58:32.482","Info","Arena",2,"Enter_Zone",4
"000:58:33.315","Info","Arena",2,"Exit_Zone",4
"000:58:33.315","Info","Arena",2,"Enter_Zone",2
"000:58:42.448","Info","Arena",2,"Exit_Zone",2
"000:58:42.448","Info","Arena",2,"Enter_Zone",4
"000:58:45.247","Info","Arena",2,"Exit_Zone",4
"000:58:45.247","Info","Arena",2,"Enter_Zone",3
"000:58:55.411","Info","Arena",2,"Exit_Zone",3
"000:58:55.411","Info","Arena",2,"Enter_Zone",4
"000:58:57.110","Info","Arena",2,"Exit_Zone",4
"000:58:57.110","Info","Arena",2,"Enter_Zone",2
"000:59:06.508","Info","Arena",2,"Exit_Zone",2
"000:59:06.508","Info","Arena",2,"Enter_Zone",4
"000:59:07.243","Info","Arena",2,"Exit_Zone",4
"000:59:07.243","Info","Arena",2,"Enter_Zone",1
"000:59:21.740","Info","Arena",1,"Exit_Zone",3
"000:59:21.740","Info","Arena",1,"Enter_Zone",4
"000:59:21.972","Info","Arena",2,"Exit_Zone",1
"000:59:21.972","Info","Arena",2,"Enter_Zone",4
"000:59:23.339","Info","Arena",1,"Exit_Zone",4
"000:59:23.339","Info","Arena",1,"Enter_Zone",3
"000:59:26.005","Info","Arena",2,"Exit_Zone",4
"000:59:26.005","Info","Arena",2,"Enter_Zone",3
"001:00:13.199","Info","Arena",2,"Exit_Zone",3
"001:00:13.199","Info","Arena",2,"Enter_Zone",4
"001:00:14.128","Info","Arena",2,"Exit_Zone",4
"001:00:14.128","Info","Arena",2,"Enter_Zone",2
"001:00:18.794","Info","Arena",2,"Exit_Zone",2
"001:00:18.794","Info","Arena",2,"Enter_Zone",4
"001:00:20.094","Info","Arena",2,"Exit_Zone",4
"001:00:20.094","Info","Arena",2,"Enter_Zone",3
"001:00:27.364","Info","Arena",2,"Exit_Zone",3
"001:00:27.364","Info","Arena",2,"Enter_Zone",4
"001:00:30.067","Info","Arena",2,"Exit_Zone",4
"001:00:30.067","Info","Arena",2,"Enter_Zone",1
"001:00:30.717","Info","2021-07-22 02:05:29","Service 'qwer_mid_detect_vid_2' : Execution end"
