"000:00:00.000","Info","2021-07-10 04:10:18","Service 'qwer' : Execution start"
"000:00:00.000","Info","Subject Identification","81 82"
"000:00:00.000","Info","Apparatus","Zantiks Unit"
"000:00:00.000","Info","Unit ID","992BEA"
"000:00:30.497","Info","Arena",1,"Enter_Zone",4
"000:00:30.497","Info","Arena",2,"Enter_Zone",2
"000:00:33.030","Info","Arena",2,"Exit_Zone",2
"000:00:33.030","Info","Arena",2,"Enter_Zone",4
"000:00:33.067","Info","Arena",1,"Exit_Zone",4
"000:00:33.067","Info","Arena",1,"Enter_Zone",3
"000:00:34.263","Info","Arena",2,"Exit_Zone",4
"000:00:34.263","Info","Arena",2,"Enter_Zone",3
"000:00:39.495","Info","Arena",1,"Exit_Zone",3
"000:00:39.495","Info","Arena",1,"Enter_Zone",4
"000:00:40.566","Info","Arena",1,"Exit_Zone",4
"000:00:40.566","Info","Arena",1,"Enter_Zone",2
"000:00:45.194","Info","Arena",2,"Exit_Zone",3
"000:00:45.194","Info","Arena",2,"Enter_Zone",4
"000:00:46.231","Info","Arena",2,"Exit_Zone",4
"000:00:46.231","Info","Arena",2,"Enter_Zone",2
"000:00:54.792","Info","Arena",2,"Exit_Zone",2
"000:00:54.792","Info","Arena",2,"Enter_Zone",4
"000:00:55.730","Info","Arena",2,"Exit_Zone",4
"000:00:55.730","Info","Arena",2,"Enter_Zone",3
"000:00:56.127","Info","Arena",2,"Exit_Zone",3
"000:00:56.127","Info","Arena",2,"Enter_Zone",4
"000:00:56.692","Info","Arena",2,"Exit_Zone",4
"000:00:56.692","Info","Arena",2,"Enter_Zone",1
"000:00:57.092","Info","Arena",1,"Exit_Zone",2
"000:00:57.092","Info","Arena",1,"Enter_Zone",4
"000:00:57.792","Info","Arena",1,"Exit_Zone",4
"000:00:57.792","Info","Arena",1,"Enter_Zone",3
"000:01:09.956","Info","Arena",2,"Exit_Zone",1
"000:01:09.956","Info","Arena",2,"Enter_Zone",4
"000:01:10.524","Info","Arena",2,"Exit_Zone",4
"000:01:10.524","Info","Arena",2,"Enter_Zone",3
"000:01:13.123","Info","Arena",1,"Exit_Zone",3
"000:01:13.123","Info","Arena",1,"Enter_Zone",4
"000:01:19.854","Info","Arena",1,"Exit_Zone",4
"000:01:19.854","Info","Arena",1,"Enter_Zone",2
"000:01:33.018","Info","Arena",2,"Exit_Zone",3
"000:01:33.018","Info","Arena",2,"Enter_Zone",4
"000:01:33.818","Info","Arena",2,"Exit_Zone",4
"000:01:33.818","Info","Arena",2,"Enter_Zone",2
"000:01:40.554","Info","Arena",2,"Exit_Zone",2
"000:01:40.554","Info","Arena",2,"Enter_Zone",4
"000:01:41.783","Info","Arena",2,"Exit_Zone",4
"000:01:41.783","Info","Arena",2,"Enter_Zone",1
"000:01:51.248","Info","Arena",2,"Exit_Zone",1
"000:01:51.248","Info","Arena",2,"Enter_Zone",4
"000:01:52.052","Info","Arena",2,"Exit_Zone",4
"000:01:52.052","Info","Arena",2,"Enter_Zone",3
"000:01:53.981","Info","Arena",1,"Exit_Zone",2
"000:01:53.981","Info","Arena",1,"Enter_Zone",4
"000:01:55.051","Info","Arena",1,"Exit_Zone",4
"000:01:55.051","Info","Arena",1,"Enter_Zone",3
"000:01:57.217","Info","Arena",1,"Exit_Zone",3
"000:01:57.217","Info","Arena",1,"Enter_Zone",4
"000:01:57.613","Info","Arena",1,"Exit_Zone",4
"000:01:57.613","Info","Arena",1,"Enter_Zone",1
"000:01:58.746","Info","Arena",1,"Exit_Zone",1
"000:01:58.746","Info","Arena",1,"Enter_Zone",4
"000:01:59.180","Info","Arena",1,"Exit_Zone",4
"000:01:59.180","Info","Arena",1,"Enter_Zone",3
"000:02:01.779","Info","Arena",1,"Exit_Zone",3
"000:02:01.779","Info","Arena",1,"Enter_Zone",4
"000:02:02.113","Info","Arena",1,"Exit_Zone",4
"000:02:02.113","Info","Arena",1,"Enter_Zone",2
"000:02:23.212","Info","Arena",2,"Exit_Zone",3
"000:02:23.212","Info","Arena",2,"Enter_Zone",4
"000:02:23.878","Info","Arena",2,"Exit_Zone",4
"000:02:23.878","Info","Arena",2,"Enter_Zone",2
"000:02:27.878","Info","Arena",2,"Exit_Zone",2
"000:02:27.878","Info","Arena",2,"Enter_Zone",4
"000:02:28.341","Info","Arena",2,"Exit_Zone",4
"000:02:28.341","Info","Arena",2,"Enter_Zone",3
"000:02:28.908","Info","Arena",1,"Exit_Zone",2
"000:02:28.908","Info","Arena",1,"Enter_Zone",4
"000:02:29.140","Info","Arena",1,"Exit_Zone",4
"000:02:29.140","Info","Arena",1,"Enter_Zone",3
"000:02:30.807","Info","Arena",1,"Exit_Zone",3
"000:02:30.807","Info","Arena",1,"Enter_Zone",4
"000:02:30.973","Info","Arena",1,"Exit_Zone",4
"000:02:30.973","Info","Arena",1,"Enter_Zone",2
"000:02:47.041","Info","Arena",2,"Exit_Zone",3
"000:02:47.041","Info","Arena",2,"Enter_Zone",4
"000:02:47.374","Info","Arena",2,"Exit_Zone",4
"000:02:47.374","Info","Arena",2,"Enter_Zone",1
"000:02:50.936","Info","Arena",2,"Exit_Zone",1
"000:02:50.936","Info","Arena",2,"Enter_Zone",4
"000:02:51.304","Info","Arena",2,"Exit_Zone",4
"000:02:51.304","Info","Arena",2,"Enter_Zone",3
"000:03:08.370","Info","Arena",1,"Exit_Zone",2
"000:03:08.370","Info","Arena",1,"Enter_Zone",4
"000:03:08.870","Info","Arena",1,"Exit_Zone",4
"000:03:08.870","Info","Arena",1,"Enter_Zone",3
"000:03:12.634","Info","Arena",1,"Exit_Zone",3
"000:03:12.634","Info","Arena",1,"Enter_Zone",4
"000:03:12.998","Info","Arena",1,"Exit_Zone",4
"000:03:12.998","Info","Arena",1,"Enter_Zone",1
"000:03:19.464","Info","Arena",2,"Exit_Zone",3
"000:03:19.464","Info","Arena",2,"Enter_Zone",4
"000:03:20.431","Info","Arena",2,"Exit_Zone",4
"000:03:20.431","Info","Arena",2,"Enter_Zone",1
"000:03:25.796","Info","Arena",2,"Exit_Zone",1
"000:03:25.796","Info","Arena",2,"Enter_Zone",4
"000:03:26.366","Info","Arena",2,"Exit_Zone",4
"000:03:26.366","Info","Arena",2,"Enter_Zone",3
"000:03:39.326","Info","Arena",2,"Exit_Zone",3
"000:03:39.326","Info","Arena",2,"Enter_Zone",4
"000:03:39.863","Info","Arena",2,"Exit_Zone",4
"000:03:39.863","Info","Arena",2,"Enter_Zone",1
"000:03:45.125","Info","Arena",2,"Exit_Zone",1
"000:03:45.125","Info","Arena",2,"Enter_Zone",4
"000:03:45.493","Info","Arena",2,"Exit_Zone",4
"000:03:45.493","Info","Arena",2,"Enter_Zone",3
"000:04:26.885","Info","Arena",1,"Exit_Zone",1
"000:04:26.885","Info","Arena",1,"Enter_Zone",4
"000:04:27.617","Info","Arena",1,"Exit_Zone",4
"000:04:27.617","Info","Arena",1,"Enter_Zone",1
"000:04:27.692","Info","Arena",1,"Exit_Zone",1
"000:04:27.692","Info","Arena",1,"Enter_Zone",4
"000:04:27.720","Info","Arena",1,"Exit_Zone",4
"000:04:27.720","Info","Arena",1,"Enter_Zone",1
"000:04:28.383","Info","Arena",1,"Exit_Zone",1
"000:04:28.383","Info","Arena",1,"Enter_Zone",4
"000:04:29.354","Info","Arena",2,"Exit_Zone",3
"000:04:29.354","Info","Arena",2,"Enter_Zone",4
"000:04:29.983","Info","Arena",2,"Exit_Zone",4
"000:04:29.983","Info","Arena",2,"Enter_Zone",2
"000:04:32.186","Info","Arena",1,"Exit_Zone",4
"000:04:32.186","Info","Arena",1,"Enter_Zone",3
"000:04:34.449","Info","Arena",2,"Exit_Zone",2
"000:04:34.449","Info","Arena",2,"Enter_Zone",4
"000:04:35.149","Info","Arena",2,"Exit_Zone",4
"000:04:35.149","Info","Arena",2,"Enter_Zone",3
"000:04:44.414","Info","Arena",1,"Exit_Zone",3
"000:04:44.414","Info","Arena",1,"Enter_Zone",4
"000:04:58.777","Info","Arena",2,"Exit_Zone",3
"000:04:58.777","Info","Arena",2,"Enter_Zone",4
"000:04:59.411","Info","Arena",2,"Exit_Zone",4
"000:04:59.411","Info","Arena",2,"Enter_Zone",1
"000:05:00.078","Info","Arena",1,"Exit_Zone",4
"000:05:00.078","Info","Arena",1,"Enter_Zone",1
"000:05:00.544","Info","Arena",2,"Exit_Zone",1
"000:05:00.544","Info","Arena",2,"Enter_Zone",4
"000:05:01.478","Info","Arena",2,"Exit_Zone",4
"000:05:01.478","Info","Arena",2,"Enter_Zone",2
"000:05:06.346","Info","Arena",2,"Exit_Zone",2
"000:05:06.346","Info","Arena",2,"Enter_Zone",4
"000:05:07.776","Info","Arena",2,"Exit_Zone",4
"000:05:07.776","Info","Arena",2,"Enter_Zone",1
"000:05:10.542","Info","Arena",2,"Exit_Zone",1
"000:05:10.542","Info","Arena",2,"Enter_Zone",4
"000:05:11.142","Info","Arena",2,"Exit_Zone",4
"000:05:11.142","Info","Arena",2,"Enter_Zone",3
"000:05:13.541","Info","Arena",1,"Exit_Zone",1
"000:05:13.541","Info","Arena",1,"Enter_Zone",4
"000:05:14.641","Info","Arena",1,"Exit_Zone",4
"000:05:14.641","Info","Arena",1,"Enter_Zone",3
"000:05:19.240","Info","Arena",1,"Exit_Zone",3
"000:05:19.240","Info","Arena",1,"Enter_Zone",4
"000:05:19.773","Info","Arena",1,"Exit_Zone",4
"000:05:19.773","Info","Arena",1,"Enter_Zone",2
"000:06:02.672","Info","Arena",2,"Exit_Zone",3
"000:06:02.672","Info","Arena",2,"Enter_Zone",4
"000:06:03.669","Info","Arena",2,"Exit_Zone",4
"000:06:03.669","Info","Arena",2,"Enter_Zone",2
"000:06:07.531","Info","Arena",1,"Exit_Zone",2
"000:06:07.531","Info","Arena",1,"Enter_Zone",4
"000:06:09.030","Info","Arena",2,"Exit_Zone",2
"000:06:09.030","Info","Arena",2,"Enter_Zone",4
"000:06:09.697","Info","Arena",2,"Exit_Zone",4
"000:06:09.697","Info","Arena",2,"Enter_Zone",3
"000:06:10.297","Info","Arena",1,"Exit_Zone",4
"000:06:10.297","Info","Arena",1,"Enter_Zone",3
"000:06:15.629","Info","Arena",2,"Exit_Zone",3
"000:06:15.629","Info","Arena",2,"Enter_Zone",4
"000:06:16.195","Info","Arena",2,"Exit_Zone",4
"000:06:16.195","Info","Arena",2,"Enter_Zone",2
"000:06:23.462","Info","Arena",2,"Exit_Zone",2
"000:06:23.462","Info","Arena",2,"Enter_Zone",4
"000:06:24.665","Info","Arena",2,"Exit_Zone",4
"000:06:24.665","Info","Arena",2,"Enter_Zone",3
"000:06:27.093","Info","Arena",1,"Exit_Zone",3
"000:06:27.093","Info","Arena",1,"Enter_Zone",4
"000:06:31.664","Info","Arena",1,"Exit_Zone",4
"000:06:31.664","Info","Arena",1,"Enter_Zone",1
"000:06:32.392","Info","Arena",2,"Exit_Zone",3
"000:06:32.392","Info","Arena",2,"Enter_Zone",4
"000:06:32.959","Info","Arena",2,"Exit_Zone",4
"000:06:32.959","Info","Arena",2,"Enter_Zone",2
"000:06:42.423","Info","Arena",2,"Exit_Zone",2
"000:06:42.423","Info","Arena",2,"Enter_Zone",4
"000:06:43.090","Info","Arena",2,"Exit_Zone",4
"000:06:43.090","Info","Arena",2,"Enter_Zone",3
"000:06:45.224","Info","Arena",1,"Exit_Zone",1
"000:06:45.224","Info","Arena",1,"Enter_Zone",4
"000:06:59.120","Info","Arena",1,"Exit_Zone",4
"000:06:59.120","Info","Arena",1,"Enter_Zone",3
"000:07:01.187","Info","Arena",2,"Exit_Zone",3
"000:07:01.187","Info","Arena",2,"Enter_Zone",4
"000:07:01.686","Info","Arena",2,"Exit_Zone",4
"000:07:01.686","Info","Arena",2,"Enter_Zone",2
"000:07:06.285","Info","Arena",2,"Exit_Zone",2
"000:07:06.285","Info","Arena",2,"Enter_Zone",4
"000:07:06.853","Info","Arena",2,"Exit_Zone",4
"000:07:06.853","Info","Arena",2,"Enter_Zone",3
"000:07:09.418","Info","Arena",1,"Exit_Zone",3
"000:07:09.418","Info","Arena",1,"Enter_Zone",4
"000:07:09.885","Info","Arena",1,"Exit_Zone",4
"000:07:09.885","Info","Arena",1,"Enter_Zone",1
"000:07:17.657","Info","Arena",2,"Exit_Zone",3
"000:07:17.657","Info","Arena",2,"Enter_Zone",4
"000:07:18.051","Info","Arena",2,"Exit_Zone",4
"000:07:18.051","Info","Arena",2,"Enter_Zone",1
"000:07:23.615","Info","Arena",2,"Exit_Zone",1
"000:07:23.615","Info","Arena",2,"Enter_Zone",4
"000:07:23.986","Info","Arena",2,"Exit_Zone",4
"000:07:23.986","Info","Arena",2,"Enter_Zone",3
"000:07:34.317","Info","Arena",1,"Exit_Zone",1
"000:07:34.317","Info","Arena",1,"Enter_Zone",4
"000:07:43.911","Info","Arena",1,"Exit_Zone",4
"000:07:43.911","Info","Arena",1,"Enter_Zone",3
"000:07:47.911","Info","Arena",2,"Exit_Zone",3
"000:07:47.911","Info","Arena",2,"Enter_Zone",4
"000:07:48.611","Info","Arena",2,"Exit_Zone",4
"000:07:48.611","Info","Arena",2,"Enter_Zone",2
"000:07:53.648","Info","Arena",1,"Exit_Zone",3
"000:07:53.648","Info","Arena",1,"Enter_Zone",4
"000:07:55.109","Info","Arena",2,"Exit_Zone",2
"000:07:55.109","Info","Arena",2,"Enter_Zone",4
"000:07:56.176","Info","Arena",2,"Exit_Zone",4
"000:07:56.176","Info","Arena",2,"Enter_Zone",1
"000:07:56.479","Info","Arena",1,"Exit_Zone",4
"000:07:56.479","Info","Arena",1,"Enter_Zone",2
"000:08:13.539","Info","Arena",1,"Exit_Zone",2
"000:08:13.539","Info","Arena",1,"Enter_Zone",4
"000:08:18.538","Info","Arena",1,"Exit_Zone",4
"000:08:18.538","Info","Arena",1,"Enter_Zone",3
"000:08:35.639","Info","Arena",1,"Exit_Zone",3
"000:08:35.639","Info","Arena",1,"Enter_Zone",4
"000:08:35.701","Info","Arena",1,"Exit_Zone",4
"000:08:35.701","Info","Arena",1,"Enter_Zone",3
"000:08:35.805","Info","Arena",1,"Exit_Zone",3
"000:08:35.805","Info","Arena",1,"Enter_Zone",4
"000:08:39.567","Info","Arena",1,"Exit_Zone",4
"000:08:39.567","Info","Arena",1,"Enter_Zone",1
"000:08:49.332","Info","Arena",1,"Exit_Zone",1
"000:08:49.332","Info","Arena",1,"Enter_Zone",4
"000:08:52.135","Info","Arena",1,"Exit_Zone",4
"000:08:52.135","Info","Arena",1,"Enter_Zone",2
"000:09:09.965","Info","Arena",1,"Exit_Zone",2
"000:09:09.965","Info","Arena",1,"Enter_Zone",4
"000:09:10.661","Info","Arena",1,"Exit_Zone",4
"000:09:10.661","Info","Arena",1,"Enter_Zone",3
"000:09:19.492","Info","Arena",1,"Exit_Zone",3
"000:09:19.492","Info","Arena",1,"Enter_Zone",4
"000:09:21.159","Info","Arena",1,"Exit_Zone",4
"000:09:21.159","Info","Arena",1,"Enter_Zone",1
"000:09:27.591","Info","Arena",1,"Exit_Zone",1
"000:09:27.591","Info","Arena",1,"Enter_Zone",4
"000:09:29.025","Info","Arena",1,"Exit_Zone",4
"000:09:29.025","Info","Arena",1,"Enter_Zone",3
"000:09:33.127","Info","Arena",2,"Exit_Zone",1
"000:09:33.127","Info","Arena",2,"Enter_Zone",4
"000:09:33.628","Info","Arena",2,"Exit_Zone",4
"000:09:33.628","Info","Arena",2,"Enter_Zone",3
"000:09:38.627","Info","Arena",1,"Exit_Zone",3
"000:09:38.627","Info","Arena",1,"Enter_Zone",4
"000:09:38.988","Info","Arena",1,"Exit_Zone",4
"000:09:38.988","Info","Arena",1,"Enter_Zone",1
"000:09:39.126","Info","Arena",1,"Exit_Zone",1
"000:09:39.126","Info","Arena",1,"Enter_Zone",4
"000:09:39.627","Info","Arena",1,"Exit_Zone",4
"000:09:39.627","Info","Arena",1,"Enter_Zone",3
"000:09:43.822","Info","Arena",1,"Exit_Zone",3
"000:09:43.822","Info","Arena",1,"Enter_Zone",4
"000:09:44.291","Info","Arena",1,"Exit_Zone",4
"000:09:44.291","Info","Arena",1,"Enter_Zone",2
"000:09:46.154","Info","Arena",2,"Exit_Zone",3
"000:09:46.154","Info","Arena",2,"Enter_Zone",4
"000:09:46.987","Info","Arena",2,"Exit_Zone",4
"000:09:46.987","Info","Arena",2,"Enter_Zone",1
"000:09:49.753","Info","Arena",1,"Exit_Zone",2
"000:09:49.753","Info","Arena",1,"Enter_Zone",4
"000:09:50.021","Info","Arena",1,"Exit_Zone",4
"000:09:50.021","Info","Arena",1,"Enter_Zone",1
"000:09:51.253","Info","Arena",2,"Exit_Zone",1
"000:09:51.253","Info","Arena",2,"Enter_Zone",4
"000:09:52.253","Info","Arena",2,"Exit_Zone",4
"000:09:52.253","Info","Arena",2,"Enter_Zone",3
"000:09:53.886","Info","Arena",1,"Exit_Zone",1
"000:09:53.886","Info","Arena",1,"Enter_Zone",4
"000:09:56.552","Info","Arena",1,"Exit_Zone",4
"000:09:56.552","Info","Arena",1,"Enter_Zone",3
"000:09:59.651","Info","Arena",2,"Exit_Zone",3
"000:09:59.651","Info","Arena",2,"Enter_Zone",4
"000:10:00.384","Info","Arena",2,"Exit_Zone",4
"000:10:00.384","Info","Arena",2,"Enter_Zone",1
"000:10:04.787","Info","Arena",1,"Exit_Zone",3
"000:10:04.787","Info","Arena",1,"Enter_Zone",4
"000:10:07.652","Info","Arena",1,"Exit_Zone",4
"000:10:07.652","Info","Arena",1,"Enter_Zone",1
"000:10:12.016","Info","Arena",2,"Exit_Zone",1
"000:10:12.016","Info","Arena",2,"Enter_Zone",4
"000:10:13.216","Info","Arena",2,"Exit_Zone",4
"000:10:13.216","Info","Arena",2,"Enter_Zone",2
"000:10:13.952","Info","Arena",2,"Exit_Zone",2
"000:10:13.952","Info","Arena",2,"Enter_Zone",4
"000:10:14.715","Info","Arena",2,"Exit_Zone",4
"000:10:14.715","Info","Arena",2,"Enter_Zone",3
"000:10:16.148","Info","Arena",1,"Exit_Zone",1
"000:10:16.148","Info","Arena",1,"Enter_Zone",4
"000:10:17.785","Info","Arena",1,"Exit_Zone",4
"000:10:17.785","Info","Arena",1,"Enter_Zone",3
"000:10:19.619","Info","Arena",2,"Exit_Zone",3
"000:10:19.619","Info","Arena",2,"Enter_Zone",4
"000:10:20.147","Info","Arena",2,"Exit_Zone",4
"000:10:20.147","Info","Arena",2,"Enter_Zone",1
"000:10:26.046","Info","Arena",1,"Exit_Zone",3
"000:10:26.046","Info","Arena",1,"Enter_Zone",4
"000:10:27.246","Info","Arena",1,"Exit_Zone",4
"000:10:27.246","Info","Arena",1,"Enter_Zone",1
"000:10:27.879","Info","Arena",2,"Exit_Zone",1
"000:10:27.879","Info","Arena",2,"Enter_Zone",4
"000:10:28.645","Info","Arena",2,"Exit_Zone",4
"000:10:28.645","Info","Arena",2,"Enter_Zone",3
"000:10:32.412","Info","Arena",1,"Exit_Zone",1
"000:10:32.412","Info","Arena",1,"Enter_Zone",4
"000:10:33.678","Info","Arena",1,"Exit_Zone",4
"000:10:33.678","Info","Arena",1,"Enter_Zone",2
"000:10:34.744","Info","Arena",2,"Exit_Zone",3
"000:10:34.744","Info","Arena",2,"Enter_Zone",4
"000:10:35.911","Info","Arena",2,"Exit_Zone",4
"000:10:35.911","Info","Arena",2,"Enter_Zone",1
"000:10:41.113","Info","Arena",1,"Exit_Zone",2
"000:10:41.113","Info","Arena",1,"Enter_Zone",4
"000:10:41.947","Info","Arena",1,"Exit_Zone",4
"000:10:41.947","Info","Arena",1,"Enter_Zone",3
"000:10:50.741","Info","Arena",1,"Exit_Zone",3
"000:10:50.741","Info","Arena",1,"Enter_Zone",4
"000:10:52.874","Info","Arena",1,"Exit_Zone",4
"000:10:52.874","Info","Arena",1,"Enter_Zone",1
"000:10:56.110","Info","Arena",2,"Exit_Zone",1
"000:10:56.110","Info","Arena",2,"Enter_Zone",4
"000:10:56.943","Info","Arena",2,"Exit_Zone",4
"000:10:56.943","Info","Arena",2,"Enter_Zone",3
"000:10:59.807","Info","Arena",1,"Exit_Zone",1
"000:10:59.807","Info","Arena",1,"Enter_Zone",4
"000:11:04.472","Info","Arena",2,"Exit_Zone",3
"000:11:04.472","Info","Arena",2,"Enter_Zone",4
"000:11:05.571","Info","Arena",1,"Exit_Zone",4
"000:11:05.571","Info","Arena",1,"Enter_Zone",1
"000:11:06.206","Info","Arena",2,"Exit_Zone",4
"000:11:06.206","Info","Arena",2,"Enter_Zone",2
"000:11:08.441","Info","Arena",2,"Exit_Zone",2
"000:11:08.441","Info","Arena",2,"Enter_Zone",4
"000:11:09.970","Info","Arena",2,"Exit_Zone",4
"000:11:09.970","Info","Arena",2,"Enter_Zone",1
"000:11:11.005","Info","Arena",1,"Exit_Zone",1
"000:11:11.005","Info","Arena",1,"Enter_Zone",4
"000:11:11.837","Info","Arena",1,"Exit_Zone",4
"000:11:11.837","Info","Arena",1,"Enter_Zone",1
"000:11:35.032","Info","Arena",2,"Exit_Zone",1
"000:11:35.032","Info","Arena",2,"Enter_Zone",4
"000:11:35.132","Info","Arena",2,"Exit_Zone",4
"000:11:35.132","Info","Arena",2,"Enter_Zone",1
"000:11:53.828","Info","Arena",2,"Exit_Zone",1
"000:11:53.828","Info","Arena",2,"Enter_Zone",4
"000:11:55.128","Info","Arena",2,"Exit_Zone",4
"000:11:55.128","Info","Arena",2,"Enter_Zone",3
"000:11:58.395","Info","Arena",1,"Exit_Zone",1
"000:11:58.395","Info","Arena",1,"Enter_Zone",4
"000:12:03.994","Info","Arena",1,"Exit_Zone",4
"000:12:03.994","Info","Arena",1,"Enter_Zone",3
"000:12:05.659","Info","Arena",2,"Exit_Zone",3
"000:12:05.659","Info","Arena",2,"Enter_Zone",4
"000:12:07.096","Info","Arena",2,"Exit_Zone",4
"000:12:07.096","Info","Arena",2,"Enter_Zone",2
"000:12:14.824","Info","Arena",2,"Exit_Zone",2
"000:12:14.824","Info","Arena",2,"Enter_Zone",4
"000:12:15.726","Info","Arena",1,"Exit_Zone",3
"000:12:15.726","Info","Arena",1,"Enter_Zone",4
"000:12:15.891","Info","Arena",2,"Exit_Zone",4
"000:12:15.891","Info","Arena",2,"Enter_Zone",3
"000:12:22.726","Info","Arena",2,"Exit_Zone",3
"000:12:22.726","Info","Arena",2,"Enter_Zone",4
"000:12:24.822","Info","Arena",2,"Exit_Zone",4
"000:12:24.822","Info","Arena",2,"Enter_Zone",1
"000:12:26.760","Info","Arena",1,"Exit_Zone",4
"000:12:26.760","Info","Arena",1,"Enter_Zone",2
"000:12:41.052","Info","Arena",1,"Exit_Zone",2
"000:12:41.052","Info","Arena",1,"Enter_Zone",4
"000:12:41.719","Info","Arena",1,"Exit_Zone",4
"000:12:41.719","Info","Arena",1,"Enter_Zone",1
"000:12:43.552","Info","Arena",2,"Exit_Zone",1
"000:12:43.552","Info","Arena",2,"Enter_Zone",4
"000:12:44.552","Info","Arena",2,"Exit_Zone",4
"000:12:44.552","Info","Arena",2,"Enter_Zone",3
"000:12:48.118","Info","Arena",1,"Exit_Zone",1
"000:12:48.118","Info","Arena",1,"Enter_Zone",4
"000:12:48.421","Info","Arena",1,"Exit_Zone",4
"000:12:48.421","Info","Arena",1,"Enter_Zone",1
"000:12:48.551","Info","Arena",1,"Exit_Zone",1
"000:12:48.551","Info","Arena",1,"Enter_Zone",4
"000:12:48.718","Info","Arena",1,"Exit_Zone",4
"000:12:48.718","Info","Arena",1,"Enter_Zone",1
"000:12:49.051","Info","Arena",1,"Exit_Zone",1
"000:12:49.051","Info","Arena",1,"Enter_Zone",4
"000:12:49.385","Info","Arena",1,"Exit_Zone",4
"000:12:49.385","Info","Arena",1,"Enter_Zone",1
"000:12:49.754","Info","Arena",1,"Exit_Zone",1
"000:12:49.754","Info","Arena",1,"Enter_Zone",4
"000:12:53.184","Info","Arena",1,"Exit_Zone",4
"000:12:53.184","Info","Arena",1,"Enter_Zone",2
"000:12:53.254","Info","Arena",1,"Exit_Zone",2
"000:12:53.254","Info","Arena",1,"Enter_Zone",4
"000:12:59.919","Info","Arena",2,"Exit_Zone",3
"000:12:59.919","Info","Arena",2,"Enter_Zone",4
"000:13:00.919","Info","Arena",2,"Exit_Zone",4
"000:13:00.919","Info","Arena",2,"Enter_Zone",2
"000:13:08.448","Info","Arena",2,"Exit_Zone",2
"000:13:08.448","Info","Arena",2,"Enter_Zone",4
"000:13:10.381","Info","Arena",2,"Exit_Zone",4
"000:13:10.381","Info","Arena",2,"Enter_Zone",3
"000:13:11.750","Info","Arena",1,"Exit_Zone",4
"000:13:11.750","Info","Arena",1,"Enter_Zone",2
"000:13:20.345","Info","Arena",2,"Exit_Zone",3
"000:13:20.345","Info","Arena",2,"Enter_Zone",4
"000:13:21.711","Info","Arena",2,"Exit_Zone",4
"000:13:21.711","Info","Arena",2,"Enter_Zone",1
"000:13:22.248","Info","Arena",2,"Exit_Zone",1
"000:13:22.248","Info","Arena",2,"Enter_Zone",4
"000:13:22.311","Info","Arena",2,"Exit_Zone",4
"000:13:22.311","Info","Arena",2,"Enter_Zone",1
"000:13:30.246","Info","Arena",2,"Exit_Zone",1
"000:13:30.246","Info","Arena",2,"Enter_Zone",4
"000:13:31.509","Info","Arena",2,"Exit_Zone",4
"000:13:31.509","Info","Arena",2,"Enter_Zone",3
"000:13:39.308","Info","Arena",1,"Exit_Zone",2
"000:13:39.308","Info","Arena",1,"Enter_Zone",4
"000:13:39.874","Info","Arena",1,"Exit_Zone",4
"000:13:39.874","Info","Arena",1,"Enter_Zone",3
"000:13:43.807","Info","Arena",2,"Exit_Zone",3
"000:13:43.807","Info","Arena",2,"Enter_Zone",4
"000:13:45.077","Info","Arena",1,"Exit_Zone",3
"000:13:45.077","Info","Arena",1,"Enter_Zone",4
"000:13:45.540","Info","Arena",2,"Exit_Zone",4
"000:13:45.540","Info","Arena",2,"Enter_Zone",1
"000:13:46.307","Info","Arena",1,"Exit_Zone",4
"000:13:46.307","Info","Arena",1,"Enter_Zone",2
"000:13:52.674","Info","Arena",2,"Exit_Zone",1
"000:13:52.674","Info","Arena",2,"Enter_Zone",4
"000:13:54.038","Info","Arena",2,"Exit_Zone",4
"000:13:54.038","Info","Arena",2,"Enter_Zone",3
"000:13:59.937","Info","Arena",2,"Exit_Zone",3
"000:13:59.937","Info","Arena",2,"Enter_Zone",4
"000:14:01.670","Info","Arena",2,"Exit_Zone",4
"000:14:01.670","Info","Arena",2,"Enter_Zone",1
"000:14:09.635","Info","Arena",1,"Exit_Zone",2
"000:14:09.635","Info","Arena",1,"Enter_Zone",4
"000:14:11.101","Info","Arena",1,"Exit_Zone",4
"000:14:11.101","Info","Arena",1,"Enter_Zone",3
"000:14:11.101","Info","Arena",2,"Exit_Zone",1
"000:14:11.101","Info","Arena",2,"Enter_Zone",4
"000:14:13.601","Info","Arena",2,"Exit_Zone",4
"000:14:13.601","Info","Arena",2,"Enter_Zone",2
"000:14:20.367","Info","Arena",1,"Exit_Zone",3
"000:14:20.367","Info","Arena",1,"Enter_Zone",4
"000:14:20.571","Info","Arena",1,"Exit_Zone",4
"000:14:20.571","Info","Arena",1,"Enter_Zone",3
"000:14:20.736","Info","Arena",1,"Exit_Zone",3
"000:14:20.736","Info","Arena",1,"Enter_Zone",4
"000:14:22.499","Info","Arena",2,"Exit_Zone",2
"000:14:22.499","Info","Arena",2,"Enter_Zone",4
"000:14:23.299","Info","Arena",2,"Exit_Zone",4
"000:14:23.299","Info","Arena",2,"Enter_Zone",1
"000:14:29.331","Info","Arena",2,"Exit_Zone",1
"000:14:29.331","Info","Arena",2,"Enter_Zone",4
"000:14:30.264","Info","Arena",2,"Exit_Zone",4
"000:14:30.264","Info","Arena",2,"Enter_Zone",3
"000:14:33.664","Info","Arena",1,"Exit_Zone",4
"000:14:33.664","Info","Arena",1,"Enter_Zone",1
"000:14:40.095","Info","Arena",2,"Exit_Zone",3
"000:14:40.095","Info","Arena",2,"Enter_Zone",4
"000:14:42.163","Info","Arena",2,"Exit_Zone",4
"000:14:42.163","Info","Arena",2,"Enter_Zone",2
"000:14:45.762","Info","Arena",2,"Exit_Zone",2
"000:14:45.762","Info","Arena",2,"Enter_Zone",4
"000:14:48.362","Info","Arena",2,"Exit_Zone",4
"000:14:48.362","Info","Arena",2,"Enter_Zone",3
"000:14:52.426","Info","Arena",2,"Exit_Zone",3
"000:14:52.426","Info","Arena",2,"Enter_Zone",4
"000:14:54.626","Info","Arena",2,"Exit_Zone",4
"000:14:54.626","Info","Arena",2,"Enter_Zone",1
"000:15:01.658","Info","Arena",1,"Exit_Zone",1
"000:15:01.658","Info","Arena",1,"Enter_Zone",4
"000:15:02.563","Info","Arena",1,"Exit_Zone",4
"000:15:02.563","Info","Arena",1,"Enter_Zone",3
"000:15:05.591","Info","Arena",1,"Exit_Zone",3
"000:15:05.591","Info","Arena",1,"Enter_Zone",4
"000:15:06.657","Info","Arena",1,"Exit_Zone",4
"000:15:06.657","Info","Arena",1,"Enter_Zone",1
"000:15:13.922","Info","Arena",1,"Exit_Zone",1
"000:15:13.922","Info","Arena",1,"Enter_Zone",4
"000:15:16.422","Info","Arena",2,"Exit_Zone",1
"000:15:16.422","Info","Arena",2,"Enter_Zone",4
"000:15:17.156","Info","Arena",1,"Exit_Zone",4
"000:15:17.156","Info","Arena",1,"Enter_Zone",3
"000:15:17.655","Info","Arena",2,"Exit_Zone",4
"000:15:17.655","Info","Arena",2,"Enter_Zone",2
"000:15:24.224","Info","Arena",2,"Exit_Zone",2
"000:15:24.224","Info","Arena",2,"Enter_Zone",4
"000:15:25.187","Info","Arena",2,"Exit_Zone",4
"000:15:25.187","Info","Arena",2,"Enter_Zone",3
"000:15:29.019","Info","Arena",2,"Exit_Zone",3
"000:15:29.019","Info","Arena",2,"Enter_Zone",4
"000:15:30.019","Info","Arena",1,"Exit_Zone",3
"000:15:30.019","Info","Arena",1,"Enter_Zone",4
"000:15:30.186","Info","Arena",2,"Exit_Zone",4
"000:15:30.186","Info","Arena",2,"Enter_Zone",2
"000:15:30.558","Info","Arena",1,"Exit_Zone",4
"000:15:30.558","Info","Arena",1,"Enter_Zone",1
"000:15:35.952","Info","Arena",1,"Exit_Zone",1
"000:15:35.952","Info","Arena",1,"Enter_Zone",4
"000:15:37.251","Info","Arena",1,"Exit_Zone",4
"000:15:37.251","Info","Arena",1,"Enter_Zone",3
"000:15:37.724","Info","Arena",2,"Exit_Zone",2
"000:15:37.724","Info","Arena",2,"Enter_Zone",4
"000:15:38.451","Info","Arena",2,"Exit_Zone",4
"000:15:38.451","Info","Arena",2,"Enter_Zone",1
"000:15:43.817","Info","Arena",2,"Exit_Zone",1
"000:15:43.817","Info","Arena",2,"Enter_Zone",4
"000:15:44.116","Info","Arena",1,"Exit_Zone",3
"000:15:44.116","Info","Arena",1,"Enter_Zone",4
"000:15:44.649","Info","Arena",1,"Exit_Zone",4
"000:15:44.649","Info","Arena",1,"Enter_Zone",1
"000:15:46.219","Info","Arena",2,"Exit_Zone",4
"000:15:46.219","Info","Arena",2,"Enter_Zone",2
"000:15:49.682","Info","Arena",1,"Exit_Zone",1
"000:15:49.682","Info","Arena",1,"Enter_Zone",4
"000:15:50.415","Info","Arena",1,"Exit_Zone",4
"000:15:50.415","Info","Arena",1,"Enter_Zone",3
"000:15:54.481","Info","Arena",2,"Exit_Zone",2
"000:15:54.481","Info","Arena",2,"Enter_Zone",4
"000:15:54.614","Info","Arena",1,"Exit_Zone",3
"000:15:54.614","Info","Arena",1,"Enter_Zone",4
"000:15:55.218","Info","Arena",1,"Exit_Zone",4
"000:15:55.218","Info","Arena",1,"Enter_Zone",2
"000:15:55.614","Info","Arena",2,"Exit_Zone",4
"000:15:55.614","Info","Arena",2,"Enter_Zone",1
"000:16:01.179","Info","Arena",1,"Exit_Zone",2
"000:16:01.179","Info","Arena",1,"Enter_Zone",4
"000:16:02.079","Info","Arena",1,"Exit_Zone",4
"000:16:02.079","Info","Arena",1,"Enter_Zone",3
"000:16:05.412","Info","Arena",2,"Exit_Zone",1
"000:16:05.412","Info","Arena",2,"Enter_Zone",4
"000:16:07.478","Info","Arena",2,"Exit_Zone",4
"000:16:07.478","Info","Arena",2,"Enter_Zone",3
"000:16:07.612","Info","Arena",1,"Exit_Zone",3
"000:16:07.612","Info","Arena",1,"Enter_Zone",4
"000:16:08.245","Info","Arena",1,"Exit_Zone",4
"000:16:08.245","Info","Arena",1,"Enter_Zone",2
"000:16:16.243","Info","Arena",2,"Exit_Zone",3
"000:16:16.243","Info","Arena",2,"Enter_Zone",4
"000:16:17.380","Info","Arena",2,"Exit_Zone",4
"000:16:17.380","Info","Arena",2,"Enter_Zone",1
"000:16:19.776","Info","Arena",1,"Exit_Zone",2
"000:16:19.776","Info","Arena",1,"Enter_Zone",4
"000:16:20.576","Info","Arena",1,"Exit_Zone",4
"000:16:20.576","Info","Arena",1,"Enter_Zone",3
"000:16:27.274","Info","Arena",1,"Exit_Zone",3
"000:16:27.274","Info","Arena",1,"Enter_Zone",4
"000:16:27.841","Info","Arena",2,"Exit_Zone",1
"000:16:27.841","Info","Arena",2,"Enter_Zone",4
"000:16:28.074","Info","Arena",1,"Exit_Zone",4
"000:16:28.074","Info","Arena",1,"Enter_Zone",2
"000:16:29.440","Info","Arena",2,"Exit_Zone",4
"000:16:29.440","Info","Arena",2,"Enter_Zone",2
"000:16:34.406","Info","Arena",1,"Exit_Zone",2
"000:16:34.406","Info","Arena",1,"Enter_Zone",4
"000:16:35.006","Info","Arena",1,"Exit_Zone",4
"000:16:35.006","Info","Arena",1,"Enter_Zone",3
"000:16:35.141","Info","Arena",1,"Exit_Zone",3
"000:16:35.141","Info","Arena",1,"Enter_Zone",4
"000:16:36.043","Info","Arena",1,"Exit_Zone",4
"000:16:36.043","Info","Arena",1,"Enter_Zone",3
"000:16:36.544","Info","Arena",1,"Exit_Zone",3
"000:16:36.544","Info","Arena",1,"Enter_Zone",4
"000:16:36.639","Info","Arena",2,"Exit_Zone",2
"000:16:36.639","Info","Arena",2,"Enter_Zone",4
"000:16:37.473","Info","Arena",1,"Exit_Zone",4
"000:16:37.473","Info","Arena",1,"Enter_Zone",2
"000:16:37.805","Info","Arena",2,"Exit_Zone",4
"000:16:37.805","Info","Arena",2,"Enter_Zone",1
"000:16:49.237","Info","Arena",2,"Exit_Zone",1
"000:16:49.237","Info","Arena",2,"Enter_Zone",4
"000:16:50.803","Info","Arena",2,"Exit_Zone",4
"000:16:50.803","Info","Arena",2,"Enter_Zone",3
"000:16:54.102","Info","Arena",2,"Exit_Zone",3
"000:16:54.102","Info","Arena",2,"Enter_Zone",4
"000:16:57.568","Info","Arena",2,"Exit_Zone",4
"000:16:57.568","Info","Arena",2,"Enter_Zone",3
"000:16:58.540","Info","Arena",1,"Exit_Zone",2
"000:16:58.540","Info","Arena",1,"Enter_Zone",4
"000:16:59.268","Info","Arena",1,"Exit_Zone",4
"000:16:59.268","Info","Arena",1,"Enter_Zone",3
"000:17:01.601","Info","Arena",1,"Exit_Zone",3
"000:17:01.601","Info","Arena",1,"Enter_Zone",4
"000:17:02.038","Info","Arena",1,"Exit_Zone",4
"000:17:02.038","Info","Arena",1,"Enter_Zone",1
"000:17:08.466","Info","Arena",1,"Exit_Zone",1
"000:17:08.466","Info","Arena",1,"Enter_Zone",4
"000:17:09.134","Info","Arena",1,"Exit_Zone",4
"000:17:09.134","Info","Arena",1,"Enter_Zone",3
"000:17:11.066","Info","Arena",1,"Exit_Zone",3
"000:17:11.066","Info","Arena",1,"Enter_Zone",4
"000:17:11.599","Info","Arena",1,"Exit_Zone",4
"000:17:11.599","Info","Arena",1,"Enter_Zone",1
"000:17:15.631","Info","Arena",2,"Exit_Zone",3
"000:17:15.631","Info","Arena",2,"Enter_Zone",4
"000:17:16.368","Info","Arena",2,"Exit_Zone",4
"000:17:16.368","Info","Arena",2,"Enter_Zone",3
"000:17:16.665","Info","Arena",2,"Exit_Zone",3
"000:17:16.665","Info","Arena",2,"Enter_Zone",4
"000:17:17.202","Info","Arena",1,"Exit_Zone",1
"000:17:17.202","Info","Arena",1,"Enter_Zone",4
"000:17:18.732","Info","Arena",2,"Exit_Zone",4
"000:17:18.732","Info","Arena",2,"Enter_Zone",2
"000:17:18.764","Info","Arena",1,"Exit_Zone",4
"000:17:18.764","Info","Arena",1,"Enter_Zone",3
"000:17:22.867","Info","Arena",2,"Exit_Zone",2
"000:17:22.867","Info","Arena",2,"Enter_Zone",4
"000:17:24.367","Info","Arena",2,"Exit_Zone",4
"000:17:24.367","Info","Arena",2,"Enter_Zone",1
"000:17:28.429","Info","Arena",1,"Exit_Zone",3
"000:17:28.429","Info","Arena",1,"Enter_Zone",4
"000:17:29.062","Info","Arena",1,"Exit_Zone",4
"000:17:29.062","Info","Arena",1,"Enter_Zone",2
"000:17:34.461","Info","Arena",2,"Exit_Zone",1
"000:17:34.461","Info","Arena",2,"Enter_Zone",4
"000:17:37.031","Info","Arena",2,"Exit_Zone",4
"000:17:37.031","Info","Arena",2,"Enter_Zone",2
"000:17:39.427","Info","Arena",1,"Exit_Zone",2
"000:17:39.427","Info","Arena",1,"Enter_Zone",4
"000:17:40.260","Info","Arena",1,"Exit_Zone",4
"000:17:40.260","Info","Arena",1,"Enter_Zone",3
"000:17:46.592","Info","Arena",1,"Exit_Zone",3
"000:17:46.592","Info","Arena",1,"Enter_Zone",4
"000:17:47.658","Info","Arena",2,"Exit_Zone",2
"000:17:47.658","Info","Arena",2,"Enter_Zone",4
"000:17:48.958","Info","Arena",1,"Exit_Zone",4
"000:17:48.958","Info","Arena",1,"Enter_Zone",3
"000:17:50.195","Info","Arena",2,"Exit_Zone",4
"000:17:50.195","Info","Arena",2,"Enter_Zone",3
"000:17:50.530","Info","Arena",1,"Exit_Zone",3
"000:17:50.530","Info","Arena",1,"Enter_Zone",4
"000:17:52.727","Info","Arena",1,"Exit_Zone",4
"000:17:52.727","Info","Arena",1,"Enter_Zone",1
"000:18:05.888","Info","Arena",1,"Exit_Zone",1
"000:18:05.888","Info","Arena",1,"Enter_Zone",4
"000:18:07.526","Info","Arena",1,"Exit_Zone",4
"000:18:07.526","Info","Arena",1,"Enter_Zone",2
"000:18:08.322","Info","Arena",2,"Exit_Zone",3
"000:18:08.322","Info","Arena",2,"Enter_Zone",4
"000:18:11.191","Info","Arena",2,"Exit_Zone",4
"000:18:11.191","Info","Arena",2,"Enter_Zone",1
"000:18:17.419","Info","Arena",2,"Exit_Zone",1
"000:18:17.419","Info","Arena",2,"Enter_Zone",4
"000:18:19.552","Info","Arena",2,"Exit_Zone",4
"000:18:19.552","Info","Arena",2,"Enter_Zone",3
"000:18:20.689","Info","Arena",1,"Exit_Zone",2
"000:18:20.689","Info","Arena",1,"Enter_Zone",4
"000:18:24.884","Info","Arena",1,"Exit_Zone",4
"000:18:24.884","Info","Arena",1,"Enter_Zone",3
"000:18:35.750","Info","Arena",2,"Exit_Zone",3
"000:18:35.750","Info","Arena",2,"Enter_Zone",4
"000:18:37.520","Info","Arena",2,"Exit_Zone",4
"000:18:37.520","Info","Arena",2,"Enter_Zone",1
"000:18:50.413","Info","Arena",2,"Exit_Zone",1
"000:18:50.413","Info","Arena",2,"Enter_Zone",4
"000:18:52.682","Info","Arena",2,"Exit_Zone",4
"000:18:52.682","Info","Arena",2,"Enter_Zone",2
"000:19:01.311","Info","Arena",1,"Exit_Zone",3
"000:19:01.311","Info","Arena",1,"Enter_Zone",4
"000:19:05.911","Info","Arena",2,"Exit_Zone",2
"000:19:05.911","Info","Arena",2,"Enter_Zone",4
"000:19:07.876","Info","Arena",1,"Exit_Zone",4
"000:19:07.876","Info","Arena",1,"Enter_Zone",1
"000:19:08.776","Info","Arena",2,"Exit_Zone",4
"000:19:08.776","Info","Arena",2,"Enter_Zone",1
"000:19:11.275","Info","Arena",1,"Exit_Zone",1
"000:19:11.275","Info","Arena",1,"Enter_Zone",4
"000:19:12.141","Info","Arena",1,"Exit_Zone",4
"000:19:12.141","Info","Arena",1,"Enter_Zone",3
"000:19:14.309","Info","Arena",2,"Exit_Zone",1
"000:19:14.309","Info","Arena",2,"Enter_Zone",4
"000:19:15.541","Info","Arena",2,"Exit_Zone",4
"000:19:15.541","Info","Arena",2,"Enter_Zone",3
"000:19:17.108","Info","Arena",1,"Exit_Zone",3
"000:19:17.108","Info","Arena",1,"Enter_Zone",4
"000:19:18.142","Info","Arena",1,"Exit_Zone",4
"000:19:18.142","Info","Arena",1,"Enter_Zone",1
"000:19:30.238","Info","Arena",1,"Exit_Zone",1
"000:19:30.238","Info","Arena",1,"Enter_Zone",4
"000:19:30.605","Info","Arena",2,"Exit_Zone",3
"000:19:30.605","Info","Arena",2,"Enter_Zone",4
"000:19:31.342","Info","Arena",2,"Exit_Zone",4
"000:19:31.342","Info","Arena",2,"Enter_Zone",3
"000:19:31.905","Info","Arena",2,"Exit_Zone",3
"000:19:31.905","Info","Arena",2,"Enter_Zone",4
"000:19:33.771","Info","Arena",2,"Exit_Zone",4
"000:19:33.771","Info","Arena",2,"Enter_Zone",2
"000:19:41.769","Info","Arena",1,"Exit_Zone",4
"000:19:41.769","Info","Arena",1,"Enter_Zone",1
"000:19:42.675","Info","Arena",2,"Exit_Zone",2
"000:19:42.675","Info","Arena",2,"Enter_Zone",4
"000:19:43.635","Info","Arena",2,"Exit_Zone",4
"000:19:43.635","Info","Arena",2,"Enter_Zone",3
"000:19:50.171","Info","Arena",1,"Exit_Zone",1
"000:19:50.171","Info","Arena",1,"Enter_Zone",4
"000:19:53.837","Info","Arena",2,"Exit_Zone",3
"000:19:53.837","Info","Arena",2,"Enter_Zone",4
"000:19:54.600","Info","Arena",1,"Exit_Zone",4
"000:19:54.600","Info","Arena",1,"Enter_Zone",2
"000:19:56.633","Info","Arena",2,"Exit_Zone",4
"000:19:56.633","Info","Arena",2,"Enter_Zone",1
"000:20:08.031","Info","Arena",2,"Exit_Zone",1
"000:20:08.031","Info","Arena",2,"Enter_Zone",4
"000:20:08.797","Info","Arena",2,"Exit_Zone",4
"000:20:08.797","Info","Arena",2,"Enter_Zone",3
"000:20:22.667","Info","Arena",2,"Exit_Zone",3
"000:20:22.667","Info","Arena",2,"Enter_Zone",4
"000:20:24.831","Info","Arena",2,"Exit_Zone",4
"000:20:24.831","Info","Arena",2,"Enter_Zone",1
"000:20:32.226","Info","Arena",1,"Exit_Zone",2
"000:20:32.226","Info","Arena",1,"Enter_Zone",4
"000:20:32.459","Info","Arena",1,"Exit_Zone",4
"000:20:32.459","Info","Arena",1,"Enter_Zone",3
"000:20:33.093","Info","Arena",1,"Exit_Zone",3
"000:20:33.093","Info","Arena",1,"Enter_Zone",4
"000:20:33.329","Info","Arena",1,"Exit_Zone",4
"000:20:33.329","Info","Arena",1,"Enter_Zone",2
"000:20:38.162","Info","Arena",2,"Exit_Zone",1
"000:20:38.162","Info","Arena",2,"Enter_Zone",4
"000:20:43.091","Info","Arena",2,"Exit_Zone",4
"000:20:43.091","Info","Arena",2,"Enter_Zone",2
"000:20:50.255","Info","Arena",2,"Exit_Zone",2
"000:20:50.255","Info","Arena",2,"Enter_Zone",4
"000:20:52.188","Info","Arena",2,"Exit_Zone",4
"000:20:52.188","Info","Arena",2,"Enter_Zone",3
"000:21:04.553","Info","Arena",2,"Exit_Zone",3
"000:21:04.553","Info","Arena",2,"Enter_Zone",4
"000:21:07.119","Info","Arena",2,"Exit_Zone",4
"000:21:07.119","Info","Arena",2,"Enter_Zone",1
"000:21:32.485","Info","Arena",2,"Exit_Zone",1
"000:21:32.485","Info","Arena",2,"Enter_Zone",4
"000:21:34.513","Info","Arena",2,"Exit_Zone",4
"000:21:34.513","Info","Arena",2,"Enter_Zone",2
"000:21:38.613","Info","Arena",2,"Exit_Zone",2
"000:21:38.613","Info","Arena",2,"Enter_Zone",4
"000:21:41.149","Info","Arena",2,"Exit_Zone",4
"000:21:41.149","Info","Arena",2,"Enter_Zone",3
"000:21:55.343","Info","Arena",2,"Exit_Zone",3
"000:21:55.343","Info","Arena",2,"Enter_Zone",4
"000:21:55.609","Info","Arena",2,"Exit_Zone",4
"000:21:55.609","Info","Arena",2,"Enter_Zone",3
"000:21:55.842","Info","Arena",2,"Exit_Zone",3
"000:21:55.842","Info","Arena",2,"Enter_Zone",4
"000:21:58.375","Info","Arena",2,"Exit_Zone",4
"000:21:58.375","Info","Arena",2,"Enter_Zone",2
"000:22:05.107","Info","Arena",2,"Exit_Zone",2
"000:22:05.107","Info","Arena",2,"Enter_Zone",4
"000:22:07.040","Info","Arena",2,"Exit_Zone",4
"000:22:07.040","Info","Arena",2,"Enter_Zone",1
"000:22:25.170","Info","Arena",2,"Exit_Zone",1
"000:22:25.170","Info","Arena",2,"Enter_Zone",4
"000:22:27.103","Info","Arena",2,"Exit_Zone",4
"000:22:27.103","Info","Arena",2,"Enter_Zone",2
"000:22:29.836","Info","Arena",1,"Exit_Zone",2
"000:22:29.836","Info","Arena",1,"Enter_Zone",4
"000:22:31.270","Info","Arena",2,"Exit_Zone",2
"000:22:31.270","Info","Arena",2,"Enter_Zone",4
"000:22:32.535","Info","Arena",2,"Exit_Zone",4
"000:22:32.535","Info","Arena",2,"Enter_Zone",1
"000:22:41.970","Info","Arena",1,"Exit_Zone",4
"000:22:41.970","Info","Arena",1,"Enter_Zone",2
"000:22:42.033","Info","Arena",1,"Exit_Zone",2
"000:22:42.033","Info","Arena",1,"Enter_Zone",4
"000:22:45.471","Info","Arena",1,"Exit_Zone",4
"000:22:45.471","Info","Arena",1,"Enter_Zone",3
"000:22:47.999","Info","Arena",1,"Exit_Zone",3
"000:22:47.999","Info","Arena",1,"Enter_Zone",4
"000:22:48.032","Info","Arena",1,"Exit_Zone",4
"000:22:48.032","Info","Arena",1,"Enter_Zone",3
"000:22:48.165","Info","Arena",1,"Exit_Zone",3
"000:22:48.165","Info","Arena",1,"Enter_Zone",4
"000:22:49.332","Info","Arena",1,"Exit_Zone",4
"000:22:49.332","Info","Arena",1,"Enter_Zone",3
"000:22:49.365","Info","Arena",2,"Exit_Zone",1
"000:22:49.365","Info","Arena",2,"Enter_Zone",4
"000:22:51.136","Info","Arena",2,"Exit_Zone",4
"000:22:51.136","Info","Arena",2,"Enter_Zone",3
"000:23:03.562","Info","Arena",1,"Exit_Zone",3
"000:23:03.562","Info","Arena",1,"Enter_Zone",4
"000:23:04.695","Info","Arena",2,"Exit_Zone",3
"000:23:04.695","Info","Arena",2,"Enter_Zone",4
"000:23:08.895","Info","Arena",2,"Exit_Zone",4
"000:23:08.895","Info","Arena",2,"Enter_Zone",1
"000:23:11.028","Info","Arena",1,"Exit_Zone",4
"000:23:11.028","Info","Arena",1,"Enter_Zone",2
"000:24:16.881","Info","Arena",1,"Exit_Zone",2
"000:24:16.881","Info","Arena",1,"Enter_Zone",4
"000:24:21.049","Info","Arena",1,"Exit_Zone",4
"000:24:21.049","Info","Arena",1,"Enter_Zone",1
"000:24:27.546","Info","Arena",2,"Exit_Zone",1
"000:24:27.546","Info","Arena",2,"Enter_Zone",4
"000:24:31.512","Info","Arena",2,"Exit_Zone",4
"000:24:31.512","Info","Arena",2,"Enter_Zone",3
"000:24:34.781","Info","Arena",1,"Exit_Zone",1
"000:24:34.781","Info","Arena",1,"Enter_Zone",4
"000:24:45.009","Info","Arena",1,"Exit_Zone",4
"000:24:45.009","Info","Arena",1,"Enter_Zone",3
"000:24:48.643","Info","Arena",2,"Exit_Zone",3
"000:24:48.643","Info","Arena",2,"Enter_Zone",4
"000:24:50.208","Info","Arena",2,"Exit_Zone",4
"000:24:50.208","Info","Arena",2,"Enter_Zone",1
"000:24:58.943","Info","Arena",1,"Exit_Zone",3
"000:24:58.943","Info","Arena",1,"Enter_Zone",4
"000:24:59.906","Info","Arena",1,"Exit_Zone",4
"000:24:59.906","Info","Arena",1,"Enter_Zone",2
"000:25:10.471","Info","Arena",1,"Exit_Zone",2
"000:25:10.471","Info","Arena",1,"Enter_Zone",4
"000:25:11.442","Info","Arena",1,"Exit_Zone",4
"000:25:11.442","Info","Arena",1,"Enter_Zone",2
"000:25:25.301","Info","Arena",2,"Exit_Zone",1
"000:25:25.301","Info","Arena",2,"Enter_Zone",4
"000:25:27.604","Info","Arena",1,"Exit_Zone",2
"000:25:27.604","Info","Arena",1,"Enter_Zone",4
"000:25:29.106","Info","Arena",2,"Exit_Zone",4
"000:25:29.106","Info","Arena",2,"Enter_Zone",2
"000:25:32.500","Info","Arena",1,"Exit_Zone",4
"000:25:32.500","Info","Arena",1,"Enter_Zone",1
"000:25:38.033","Info","Arena",1,"Exit_Zone",1
"000:25:38.033","Info","Arena",1,"Enter_Zone",4
"000:25:38.732","Info","Arena",1,"Exit_Zone",4
"000:25:38.732","Info","Arena",1,"Enter_Zone",1
"000:25:39.731","Info","Arena",1,"Exit_Zone",1
"000:25:39.731","Info","Arena",1,"Enter_Zone",4
"000:25:39.833","Info","Arena",2,"Exit_Zone",2
"000:25:39.833","Info","Arena",2,"Enter_Zone",4
"000:25:40.965","Info","Arena",1,"Exit_Zone",4
"000:25:40.965","Info","Arena",1,"Enter_Zone",3
"000:25:42.198","Info","Arena",2,"Exit_Zone",4
"000:25:42.198","Info","Arena",2,"Enter_Zone",1
"000:25:52.434","Info","Arena",1,"Exit_Zone",3
"000:25:52.434","Info","Arena",1,"Enter_Zone",4
"000:25:55.062","Info","Arena",1,"Exit_Zone",4
"000:25:55.062","Info","Arena",1,"Enter_Zone",2
"000:26:06.959","Info","Arena",2,"Exit_Zone",1
"000:26:06.959","Info","Arena",2,"Enter_Zone",4
"000:26:08.596","Info","Arena",2,"Exit_Zone",4
"000:26:08.596","Info","Arena",2,"Enter_Zone",3
"000:26:10.459","Info","Arena",1,"Exit_Zone",2
"000:26:10.459","Info","Arena",1,"Enter_Zone",4
"000:26:11.626","Info","Arena",1,"Exit_Zone",4
"000:26:11.626","Info","Arena",1,"Enter_Zone",3
"000:26:18.357","Info","Arena",1,"Exit_Zone",3
"000:26:18.357","Info","Arena",1,"Enter_Zone",4
"000:26:20.657","Info","Arena",1,"Exit_Zone",4
"000:26:20.657","Info","Arena",1,"Enter_Zone",1
"000:26:23.956","Info","Arena",2,"Exit_Zone",3
"000:26:23.956","Info","Arena",2,"Enter_Zone",4
"000:26:27.259","Info","Arena",2,"Exit_Zone",4
"000:26:27.259","Info","Arena",2,"Enter_Zone",1
"000:26:31.188","Info","Arena",1,"Exit_Zone",1
"000:26:31.188","Info","Arena",1,"Enter_Zone",4
"000:26:34.954","Info","Arena",1,"Exit_Zone",4
"000:26:34.954","Info","Arena",1,"Enter_Zone",3
"000:26:42.552","Info","Arena",1,"Exit_Zone",3
"000:26:42.552","Info","Arena",1,"Enter_Zone",4
"000:26:44.052","Info","Arena",1,"Exit_Zone",4
"000:26:44.052","Info","Arena",1,"Enter_Zone",2
"000:26:56.550","Info","Arena",1,"Exit_Zone",2
"000:26:56.550","Info","Arena",1,"Enter_Zone",4
"000:26:57.449","Info","Arena",1,"Exit_Zone",4
"000:26:57.449","Info","Arena",1,"Enter_Zone",3
"000:27:05.115","Info","Arena",2,"Exit_Zone",1
"000:27:05.115","Info","Arena",2,"Enter_Zone",4
"000:27:05.781","Info","Arena",1,"Exit_Zone",3
"000:27:05.781","Info","Arena",1,"Enter_Zone",4
"000:27:06.481","Info","Arena",1,"Exit_Zone",4
"000:27:06.481","Info","Arena",1,"Enter_Zone",2
"000:27:07.148","Info","Arena",2,"Exit_Zone",4
"000:27:07.148","Info","Arena",2,"Enter_Zone",3
"000:27:14.346","Info","Arena",1,"Exit_Zone",2
"000:27:14.346","Info","Arena",1,"Enter_Zone",4
"000:27:14.979","Info","Arena",1,"Exit_Zone",4
"000:27:14.979","Info","Arena",1,"Enter_Zone",3
"000:27:21.178","Info","Arena",1,"Exit_Zone",3
"000:27:21.178","Info","Arena",1,"Enter_Zone",4
"000:27:21.778","Info","Arena",1,"Exit_Zone",4
"000:27:21.778","Info","Arena",1,"Enter_Zone",1
"000:27:29.476","Info","Arena",1,"Exit_Zone",1
"000:27:29.476","Info","Arena",1,"Enter_Zone",4
"000:27:29.976","Info","Arena",2,"Exit_Zone",3
"000:27:29.976","Info","Arena",2,"Enter_Zone",4
"000:27:30.976","Info","Arena",1,"Exit_Zone",4
"000:27:30.976","Info","Arena",1,"Enter_Zone",3
"000:27:32.143","Info","Arena",2,"Exit_Zone",4
"000:27:32.143","Info","Arena",2,"Enter_Zone",2
"000:27:37.009","Info","Arena",1,"Exit_Zone",3
"000:27:37.009","Info","Arena",1,"Enter_Zone",4
"000:27:37.442","Info","Arena",1,"Exit_Zone",4
"000:27:37.442","Info","Arena",1,"Enter_Zone",1
"000:27:43.107","Info","Arena",2,"Exit_Zone",2
"000:27:43.107","Info","Arena",2,"Enter_Zone",4
"000:27:44.540","Info","Arena",1,"Exit_Zone",1
"000:27:44.540","Info","Arena",1,"Enter_Zone",4
"000:27:46.640","Info","Arena",2,"Exit_Zone",4
"000:27:46.640","Info","Arena",2,"Enter_Zone",1
"000:27:47.106","Info","Arena",1,"Exit_Zone",4
"000:27:47.106","Info","Arena",1,"Enter_Zone",1
"000:27:48.873","Info","Arena",1,"Exit_Zone",1
"000:27:48.873","Info","Arena",1,"Enter_Zone",4
"000:27:52.372","Info","Arena",1,"Exit_Zone",4
"000:27:52.372","Info","Arena",1,"Enter_Zone",3
"000:28:01.574","Info","Arena",1,"Exit_Zone",3
"000:28:01.574","Info","Arena",1,"Enter_Zone",4
"000:28:02.436","Info","Arena",1,"Exit_Zone",4
"000:28:02.436","Info","Arena",1,"Enter_Zone",1
"000:28:10.003","Info","Arena",1,"Exit_Zone",1
"000:28:10.003","Info","Arena",1,"Enter_Zone",4
"000:28:14.602","Info","Arena",1,"Exit_Zone",4
"000:28:14.602","Info","Arena",1,"Enter_Zone",3
"000:28:22.866","Info","Arena",1,"Exit_Zone",3
"000:28:22.866","Info","Arena",1,"Enter_Zone",4
"000:28:24.600","Info","Arena",1,"Exit_Zone",4
"000:28:24.600","Info","Arena",1,"Enter_Zone",2
"000:28:34.067","Info","Arena",1,"Exit_Zone",2
"000:28:34.067","Info","Arena",1,"Enter_Zone",4
"000:28:34.198","Info","Arena",1,"Exit_Zone",4
"000:28:34.198","Info","Arena",1,"Enter_Zone",2
"000:28:34.234","Info","Arena",1,"Exit_Zone",2
"000:28:34.234","Info","Arena",1,"Enter_Zone",4
"000:28:35.402","Info","Arena",1,"Exit_Zone",4
"000:28:35.402","Info","Arena",1,"Enter_Zone",1
"000:28:43.762","Info","Arena",1,"Exit_Zone",1
"000:28:43.762","Info","Arena",1,"Enter_Zone",4
"000:28:44.428","Info","Arena",1,"Exit_Zone",4
"000:28:44.428","Info","Arena",1,"Enter_Zone",3
"000:28:47.399","Info","Arena",2,"Exit_Zone",1
"000:28:47.399","Info","Arena",2,"Enter_Zone",4
"000:28:48.427","Info","Arena",2,"Exit_Zone",4
"000:28:48.427","Info","Arena",2,"Enter_Zone",1
"000:28:48.495","Info","Arena",2,"Exit_Zone",1
"000:28:48.495","Info","Arena",2,"Enter_Zone",4
"000:28:50.627","Info","Arena",2,"Exit_Zone",4
"000:28:50.627","Info","Arena",2,"Enter_Zone",1
"000:28:54.959","Info","Arena",1,"Exit_Zone",3
"000:28:54.959","Info","Arena",1,"Enter_Zone",4
"000:28:57.126","Info","Arena",1,"Exit_Zone",4
"000:28:57.126","Info","Arena",1,"Enter_Zone",2
"000:29:12.156","Info","Arena",1,"Exit_Zone",2
"000:29:12.156","Info","Arena",1,"Enter_Zone",4
"000:29:19.954","Info","Arena",1,"Exit_Zone",4
"000:29:19.954","Info","Arena",1,"Enter_Zone",3
"000:29:30.556","Info","Arena",1,"Exit_Zone",3
"000:29:30.556","Info","Arena",1,"Enter_Zone",4
"000:29:31.419","Info","Arena",1,"Exit_Zone",4
"000:29:31.419","Info","Arena",1,"Enter_Zone",2
"000:29:33.556","Info","Arena",2,"Exit_Zone",1
"000:29:33.556","Info","Arena",2,"Enter_Zone",4
"000:29:35.485","Info","Arena",2,"Exit_Zone",4
"000:29:35.485","Info","Arena",2,"Enter_Zone",3
"000:29:38.851","Info","Arena",2,"Exit_Zone",3
"000:29:38.851","Info","Arena",2,"Enter_Zone",4
"000:29:39.888","Info","Arena",2,"Exit_Zone",4
"000:29:39.888","Info","Arena",2,"Enter_Zone",1
"000:30:10.678","Info","Arena",1,"Exit_Zone",2
"000:30:10.678","Info","Arena",1,"Enter_Zone",4
"000:30:12.048","Info","Arena",2,"Exit_Zone",1
"000:30:12.048","Info","Arena",2,"Enter_Zone",4
"000:30:13.277","Info","Arena",1,"Exit_Zone",4
"000:30:13.277","Info","Arena",1,"Enter_Zone",1
"000:30:13.644","Info","Arena",2,"Exit_Zone",4
"000:30:13.644","Info","Arena",2,"Enter_Zone",3
"000:30:15.444","Info","Arena",1,"Exit_Zone",1
"000:30:15.444","Info","Arena",1,"Enter_Zone",4
"000:30:19.047","Info","Arena",1,"Exit_Zone",4
"000:30:19.047","Info","Arena",1,"Enter_Zone",2
"000:30:28.474","Info","Arena",1,"Exit_Zone",2
"000:30:28.474","Info","Arena",1,"Enter_Zone",4
"000:30:32.073","Info","Arena",2,"Exit_Zone",3
"000:30:32.073","Info","Arena",2,"Enter_Zone",4
"000:30:34.107","Info","Arena",2,"Exit_Zone",4
"000:30:34.107","Info","Arena",2,"Enter_Zone",1
"000:30:35.473","Info","Arena",1,"Exit_Zone",4
"000:30:35.473","Info","Arena",1,"Enter_Zone",2
"000:30:58.571","Info","Arena",2,"Exit_Zone",1
"000:30:58.571","Info","Arena",2,"Enter_Zone",4
"000:31:01.169","Info","Arena",2,"Exit_Zone",4
"000:31:01.169","Info","Arena",2,"Enter_Zone",2
"000:31:12.266","Info","Arena",2,"Exit_Zone",2
"000:31:12.266","Info","Arena",2,"Enter_Zone",4
"000:31:14.202","Info","Arena",2,"Exit_Zone",4
"000:31:14.202","Info","Arena",2,"Enter_Zone",1
"000:32:46.381","Info","Arena",2,"Exit_Zone",1
"000:32:46.381","Info","Arena",2,"Enter_Zone",4
"000:32:48.414","Info","Arena",2,"Exit_Zone",4
"000:32:48.414","Info","Arena",2,"Enter_Zone",2
"000:32:52.579","Info","Arena",2,"Exit_Zone",2
"000:32:52.579","Info","Arena",2,"Enter_Zone",4
"000:32:53.683","Info","Arena",2,"Exit_Zone",4
"000:32:53.683","Info","Arena",2,"Enter_Zone",3
"000:33:01.711","Info","Arena",2,"Exit_Zone",3
"000:33:01.711","Info","Arena",2,"Enter_Zone",4
"000:33:02.811","Info","Arena",2,"Exit_Zone",4
"000:33:02.811","Info","Arena",2,"Enter_Zone",1
"000:33:14.775","Info","Arena",2,"Exit_Zone",1
"000:33:14.775","Info","Arena",2,"Enter_Zone",4
"000:33:15.542","Info","Arena",2,"Exit_Zone",4
"000:33:15.542","Info","Arena",2,"Enter_Zone",1
"000:33:43.302","Info","Arena",2,"Exit_Zone",1
"000:33:43.302","Info","Arena",2,"Enter_Zone",4
"000:33:45.102","Info","Arena",2,"Exit_Zone",4
"000:33:45.102","Info","Arena",2,"Enter_Zone",3
"000:33:52.434","Info","Arena",1,"Exit_Zone",2
"000:33:52.434","Info","Arena",1,"Enter_Zone",4
"000:33:54.034","Info","Arena",1,"Exit_Zone",4
"000:33:54.034","Info","Arena",1,"Enter_Zone",3
"000:33:55.867","Info","Arena",2,"Exit_Zone",3
"000:33:55.867","Info","Arena",2,"Enter_Zone",4
"000:33:58.066","Info","Arena",2,"Exit_Zone",4
"000:33:58.066","Info","Arena",2,"Enter_Zone",1
"000:34:04.002","Info","Arena",1,"Exit_Zone",3
"000:34:04.002","Info","Arena",1,"Enter_Zone",4
"000:34:04.098","Info","Arena",1,"Exit_Zone",4
"000:34:04.098","Info","Arena",1,"Enter_Zone",3
"000:34:04.565","Info","Arena",1,"Exit_Zone",3
"000:34:04.565","Info","Arena",1,"Enter_Zone",4
"000:34:06.168","Info","Arena",1,"Exit_Zone",4
"000:34:06.168","Info","Arena",1,"Enter_Zone",1
"000:34:20.762","Info","Arena",1,"Exit_Zone",1
"000:34:20.762","Info","Arena",1,"Enter_Zone",4
"000:34:21.628","Info","Arena",1,"Exit_Zone",4
"000:34:21.628","Info","Arena",1,"Enter_Zone",3
"000:34:32.927","Info","Arena",1,"Exit_Zone",3
"000:34:32.927","Info","Arena",1,"Enter_Zone",4
"000:34:33.727","Info","Arena",1,"Exit_Zone",4
"000:34:33.727","Info","Arena",1,"Enter_Zone",3
"000:34:33.859","Info","Arena",1,"Exit_Zone",3
"000:34:33.859","Info","Arena",1,"Enter_Zone",4
"000:34:34.592","Info","Arena",1,"Exit_Zone",4
"000:34:34.592","Info","Arena",1,"Enter_Zone",2
"000:35:05.086","Info","Arena",2,"Exit_Zone",1
"000:35:05.086","Info","Arena",2,"Enter_Zone",4
"000:35:05.753","Info","Arena",2,"Exit_Zone",4
"000:35:05.753","Info","Arena",2,"Enter_Zone",3
"000:35:16.988","Info","Arena",2,"Exit_Zone",3
"000:35:16.988","Info","Arena",2,"Enter_Zone",4
"000:35:19.250","Info","Arena",2,"Exit_Zone",4
"000:35:19.250","Info","Arena",2,"Enter_Zone",1
"000:35:30.319","Info","Arena",2,"Exit_Zone",1
"000:35:30.319","Info","Arena",2,"Enter_Zone",4
"000:35:31.347","Info","Arena",2,"Exit_Zone",4
"000:35:31.347","Info","Arena",2,"Enter_Zone",3
"000:35:47.912","Info","Arena",2,"Exit_Zone",3
"000:35:47.912","Info","Arena",2,"Enter_Zone",4
"000:35:49.148","Info","Arena",2,"Exit_Zone",4
"000:35:49.148","Info","Arena",2,"Enter_Zone",1
"000:35:49.481","Info","Arena",1,"Exit_Zone",2
"000:35:49.481","Info","Arena",1,"Enter_Zone",4
"000:35:55.647","Info","Arena",1,"Exit_Zone",4
"000:35:55.647","Info","Arena",1,"Enter_Zone",3
"000:36:06.674","Info","Arena",1,"Exit_Zone",3
"000:36:06.674","Info","Arena",1,"Enter_Zone",4
"000:36:18.642","Info","Arena",1,"Exit_Zone",4
"000:36:18.642","Info","Arena",1,"Enter_Zone",1
"000:36:30.536","Info","Arena",1,"Exit_Zone",1
"000:36:30.536","Info","Arena",1,"Enter_Zone",4
"000:36:32.769","Info","Arena",1,"Exit_Zone",4
"000:36:32.769","Info","Arena",1,"Enter_Zone",3
"000:36:43.733","Info","Arena",1,"Exit_Zone",3
"000:36:43.733","Info","Arena",1,"Enter_Zone",4
"000:36:46.266","Info","Arena",1,"Exit_Zone",4
"000:36:46.266","Info","Arena",1,"Enter_Zone",2
"000:37:15.631","Info","Arena",2,"Exit_Zone",1
"000:37:15.631","Info","Arena",2,"Enter_Zone",4
"000:37:15.895","Info","Arena",2,"Exit_Zone",4
"000:37:15.895","Info","Arena",2,"Enter_Zone",1
"000:37:15.927","Info","Arena",2,"Exit_Zone",1
"000:37:15.927","Info","Arena",2,"Enter_Zone",4
"000:37:16.193","Info","Arena",1,"Exit_Zone",2
"000:37:16.193","Info","Arena",1,"Enter_Zone",4
"000:37:18.797","Info","Arena",2,"Exit_Zone",4
"000:37:18.797","Info","Arena",2,"Enter_Zone",2
"000:37:22.925","Info","Arena",2,"Exit_Zone",2
"000:37:22.925","Info","Arena",2,"Enter_Zone",4
"000:37:23.425","Info","Arena",1,"Exit_Zone",4
"000:37:23.425","Info","Arena",1,"Enter_Zone",1
"000:37:25.059","Info","Arena",2,"Exit_Zone",4
"000:37:25.059","Info","Arena",2,"Enter_Zone",3
"000:37:27.158","Info","Arena",1,"Exit_Zone",1
"000:37:27.158","Info","Arena",1,"Enter_Zone",4
"000:37:28.962","Info","Arena",1,"Exit_Zone",4
"000:37:28.962","Info","Arena",1,"Enter_Zone",1
"000:37:34.923","Info","Arena",2,"Exit_Zone",3
"000:37:34.923","Info","Arena",2,"Enter_Zone",4
"000:37:37.423","Info","Arena",2,"Exit_Zone",4
"000:37:37.423","Info","Arena",2,"Enter_Zone",1
"000:37:51.020","Info","Arena",1,"Exit_Zone",1
"000:37:51.020","Info","Arena",1,"Enter_Zone",4
"000:38:51.908","Info","Arena",1,"Exit_Zone",4
"000:38:51.908","Info","Arena",1,"Enter_Zone",3
"000:39:02.372","Info","Arena",2,"Exit_Zone",1
"000:39:02.372","Info","Arena",2,"Enter_Zone",4
"000:39:05.039","Info","Arena",2,"Exit_Zone",4
"000:39:05.039","Info","Arena",2,"Enter_Zone",2
"000:39:08.638","Info","Arena",2,"Exit_Zone",2
"000:39:08.638","Info","Arena",2,"Enter_Zone",4
"000:39:10.504","Info","Arena",2,"Exit_Zone",4
"000:39:10.504","Info","Arena",2,"Enter_Zone",1
"000:39:17.369","Info","Arena",1,"Exit_Zone",3
"000:39:17.369","Info","Arena",1,"Enter_Zone",4
"000:39:35.133","Info","Arena",1,"Exit_Zone",4
"000:39:35.133","Info","Arena",1,"Enter_Zone",2
"000:39:55.995","Info","Arena",1,"Exit_Zone",2
"000:39:55.995","Info","Arena",1,"Enter_Zone",4
"000:40:00.361","Info","Arena",1,"Exit_Zone",4
"000:40:00.361","Info","Arena",1,"Enter_Zone",3
"000:40:07.430","Info","Arena",2,"Exit_Zone",1
"000:40:07.430","Info","Arena",2,"Enter_Zone",4
"000:40:10.826","Info","Arena",2,"Exit_Zone",4
"000:40:10.826","Info","Arena",2,"Enter_Zone",2
"000:40:12.597","Info","Arena",1,"Exit_Zone",3
"000:40:12.597","Info","Arena",1,"Enter_Zone",4
"000:40:19.191","Info","Arena",1,"Exit_Zone",4
"000:40:19.191","Info","Arena",1,"Enter_Zone",2
"000:40:21.823","Info","Arena",2,"Exit_Zone",2
"000:40:21.823","Info","Arena",2,"Enter_Zone",4
"000:40:23.390","Info","Arena",2,"Exit_Zone",4
"000:40:23.390","Info","Arena",2,"Enter_Zone",3
"000:40:42.423","Info","Arena",2,"Exit_Zone",3
"000:40:42.423","Info","Arena",2,"Enter_Zone",4
"000:40:44.152","Info","Arena",1,"Exit_Zone",2
"000:40:44.152","Info","Arena",1,"Enter_Zone",4
"000:40:44.219","Info","Arena",2,"Exit_Zone",4
"000:40:44.219","Info","Arena",2,"Enter_Zone",1
"000:40:56.716","Info","Arena",1,"Exit_Zone",4
"000:40:56.716","Info","Arena",1,"Enter_Zone",1
"000:40:58.316","Info","Arena",1,"Exit_Zone",1
"000:40:58.316","Info","Arena",1,"Enter_Zone",4
"000:41:06.515","Info","Arena",1,"Exit_Zone",4
"000:41:06.515","Info","Arena",1,"Enter_Zone",2
"000:41:52.005","Info","Arena",2,"Exit_Zone",1
"000:41:52.005","Info","Arena",2,"Enter_Zone",4
"000:41:53.507","Info","Arena",2,"Exit_Zone",4
"000:41:53.507","Info","Arena",2,"Enter_Zone",3
"000:42:07.003","Info","Arena",2,"Exit_Zone",3
"000:42:07.003","Info","Arena",2,"Enter_Zone",4
"000:42:08.102","Info","Arena",2,"Exit_Zone",4
"000:42:08.102","Info","Arena",2,"Enter_Zone",1
"000:43:10.157","Info","Arena",2,"Exit_Zone",1
"000:43:10.157","Info","Arena",2,"Enter_Zone",4
"000:43:13.726","Info","Arena",2,"Exit_Zone",4
"000:43:13.726","Info","Arena",2,"Enter_Zone",2
"000:43:25.121","Info","Arena",2,"Exit_Zone",2
"000:43:25.121","Info","Arena",2,"Enter_Zone",4
"000:43:27.320","Info","Arena",2,"Exit_Zone",4
"000:43:27.320","Info","Arena",2,"Enter_Zone",3
"000:43:41.151","Info","Arena",2,"Exit_Zone",3
"000:43:41.151","Info","Arena",2,"Enter_Zone",4
"000:43:43.250","Info","Arena",2,"Exit_Zone",4
"000:43:43.250","Info","Arena",2,"Enter_Zone",1
"000:43:57.114","Info","Arena",2,"Exit_Zone",1
"000:43:57.114","Info","Arena",2,"Enter_Zone",4
"000:44:00.313","Info","Arena",2,"Exit_Zone",4
"000:44:00.313","Info","Arena",2,"Enter_Zone",3
"000:44:13.844","Info","Arena",2,"Exit_Zone",3
"000:44:13.844","Info","Arena",2,"Enter_Zone",4
"000:44:18.176","Info","Arena",2,"Exit_Zone",4
"000:44:18.176","Info","Arena",2,"Enter_Zone",1
"000:44:39.472","Info","Arena",2,"Exit_Zone",1
"000:44:39.472","Info","Arena",2,"Enter_Zone",4
"000:44:46.210","Info","Arena",2,"Exit_Zone",4
"000:44:46.210","Info","Arena",2,"Enter_Zone",2
"000:44:56.302","Info","Arena",2,"Exit_Zone",2
"000:44:56.302","Info","Arena",2,"Enter_Zone",4
"000:44:58.435","Info","Arena",2,"Exit_Zone",4
"000:44:58.435","Info","Arena",2,"Enter_Zone",1
"000:45:52.958","Info","Arena",2,"Exit_Zone",1
"000:45:52.958","Info","Arena",2,"Enter_Zone",4
"000:45:54.291","Info","Arena",2,"Exit_Zone",4
"000:45:54.291","Info","Arena",2,"Enter_Zone",3
"000:46:13.454","Info","Arena",2,"Exit_Zone",3
"000:46:13.454","Info","Arena",2,"Enter_Zone",4
"000:46:14.857","Info","Arena",1,"Exit_Zone",2
"000:46:14.857","Info","Arena",1,"Enter_Zone",4
"000:46:14.988","Info","Arena",1,"Exit_Zone",4
"000:46:14.988","Info","Arena",1,"Enter_Zone",2
"000:46:15.120","Info","Arena",1,"Exit_Zone",2
"000:46:15.120","Info","Arena",1,"Enter_Zone",4
"000:46:15.192","Info","Arena",2,"Exit_Zone",4
"000:46:15.192","Info","Arena",2,"Enter_Zone",1
"000:46:16.553","Info","Arena",1,"Exit_Zone",4
"000:46:16.553","Info","Arena",1,"Enter_Zone",3
"000:46:34.188","Info","Arena",1,"Exit_Zone",3
"000:46:34.188","Info","Arena",1,"Enter_Zone",4
"000:46:39.482","Info","Arena",1,"Exit_Zone",4
"000:46:39.482","Info","Arena",1,"Enter_Zone",1
"000:46:45.114","Info","Arena",1,"Exit_Zone",1
"000:46:45.114","Info","Arena",1,"Enter_Zone",4
"000:46:46.716","Info","Arena",1,"Exit_Zone",4
"000:46:46.716","Info","Arena",1,"Enter_Zone",1
"000:47:13.209","Info","Arena",1,"Exit_Zone",1
"000:47:13.209","Info","Arena",1,"Enter_Zone",4
"000:47:21.807","Info","Arena",1,"Exit_Zone",4
"000:47:21.807","Info","Arena",1,"Enter_Zone",3
"000:47:43.036","Info","Arena",1,"Exit_Zone",3
"000:47:43.036","Info","Arena",1,"Enter_Zone",4
"000:47:44.069","Info","Arena",1,"Exit_Zone",4
"000:47:44.069","Info","Arena",1,"Enter_Zone",2
"000:47:48.468","Info","Arena",2,"Exit_Zone",1
"000:47:48.468","Info","Arena",2,"Enter_Zone",4
"000:47:48.505","Info","Arena",2,"Exit_Zone",4
"000:47:48.505","Info","Arena",2,"Enter_Zone",1
"000:47:48.569","Info","Arena",2,"Exit_Zone",1
"000:47:48.569","Info","Arena",2,"Enter_Zone",4
"000:47:52.172","Info","Arena",2,"Exit_Zone",4
"000:47:52.172","Info","Arena",2,"Enter_Zone",2
"000:48:01.199","Info","Arena",2,"Exit_Zone",2
"000:48:01.199","Info","Arena",2,"Enter_Zone",4
"000:48:04.502","Info","Arena",2,"Exit_Zone",4
"000:48:04.502","Info","Arena",2,"Enter_Zone",1
"000:48:16.764","Info","Arena",2,"Exit_Zone",1
"000:48:16.764","Info","Arena",2,"Enter_Zone",4
"000:48:18.196","Info","Arena",2,"Exit_Zone",4
"000:48:18.196","Info","Arena",2,"Enter_Zone",3
"000:48:29.693","Info","Arena",2,"Exit_Zone",3
"000:48:29.693","Info","Arena",2,"Enter_Zone",4
"000:48:31.997","Info","Arena",2,"Exit_Zone",4
"000:48:31.997","Info","Arena",2,"Enter_Zone",1
"000:48:36.329","Info","Arena",1,"Exit_Zone",2
"000:48:36.329","Info","Arena",1,"Enter_Zone",4
"000:48:43.124","Info","Arena",1,"Exit_Zone",4
"000:48:43.124","Info","Arena",1,"Enter_Zone",1
"000:48:44.494","Info","Arena",1,"Exit_Zone",1
"000:48:44.494","Info","Arena",1,"Enter_Zone",4
"000:48:48.423","Info","Arena",1,"Exit_Zone",4
"000:48:48.423","Info","Arena",1,"Enter_Zone",1
"000:48:52.625","Info","Arena",1,"Exit_Zone",1
"000:48:52.625","Info","Arena",1,"Enter_Zone",4
"000:48:53.189","Info","Arena",1,"Exit_Zone",4
"000:48:53.189","Info","Arena",1,"Enter_Zone",1
"000:48:53.689","Info","Arena",1,"Exit_Zone",1
"000:48:53.689","Info","Arena",1,"Enter_Zone",4
"000:48:56.956","Info","Arena",1,"Exit_Zone",4
"000:48:56.956","Info","Arena",1,"Enter_Zone",1
"000:49:13.489","Info","Arena",1,"Exit_Zone",1
"000:49:13.489","Info","Arena",1,"Enter_Zone",4
"000:49:20.351","Info","Arena",1,"Exit_Zone",4
"000:49:20.351","Info","Arena",1,"Enter_Zone",2
"000:50:02.343","Info","Arena",2,"Exit_Zone",1
"000:50:02.343","Info","Arena",2,"Enter_Zone",4
"000:50:03.208","Info","Arena",2,"Exit_Zone",4
"000:50:03.208","Info","Arena",2,"Enter_Zone",3
"000:50:13.173","Info","Arena",2,"Exit_Zone",3
"000:50:13.173","Info","Arena",2,"Enter_Zone",4
"000:50:15.340","Info","Arena",2,"Exit_Zone",4
"000:50:15.340","Info","Arena",2,"Enter_Zone",2
"000:50:23.475","Info","Arena",2,"Exit_Zone",2
"000:50:23.475","Info","Arena",2,"Enter_Zone",4
"000:50:26.474","Info","Arena",2,"Exit_Zone",4
"000:50:26.474","Info","Arena",2,"Enter_Zone",1
"000:50:55.065","Info","Arena",1,"Exit_Zone",2
"000:50:55.065","Info","Arena",1,"Enter_Zone",4
"000:50:59.064","Info","Arena",1,"Exit_Zone",4
"000:50:59.064","Info","Arena",1,"Enter_Zone",1
"000:51:04.896","Info","Arena",1,"Exit_Zone",1
"000:51:04.896","Info","Arena",1,"Enter_Zone",4
"000:51:11.895","Info","Arena",1,"Exit_Zone",4
"000:51:11.895","Info","Arena",1,"Enter_Zone",3
"000:51:25.825","Info","Arena",1,"Exit_Zone",3
"000:51:25.825","Info","Arena",1,"Enter_Zone",4
"000:51:27.225","Info","Arena",1,"Exit_Zone",4
"000:51:27.225","Info","Arena",1,"Enter_Zone",2
"000:51:36.056","Info","Arena",2,"Exit_Zone",1
"000:51:36.056","Info","Arena",2,"Enter_Zone",4
"000:51:38.590","Info","Arena",2,"Exit_Zone",4
"000:51:38.590","Info","Arena",2,"Enter_Zone",3
"000:51:41.461","Info","Arena",1,"Exit_Zone",2
"000:51:41.461","Info","Arena",1,"Enter_Zone",4
"000:51:41.989","Info","Arena",2,"Exit_Zone",3
"000:51:41.989","Info","Arena",2,"Enter_Zone",4
"000:51:43.855","Info","Arena",1,"Exit_Zone",4
"000:51:43.855","Info","Arena",1,"Enter_Zone",3
"000:51:44.188","Info","Arena",2,"Exit_Zone",4
"000:51:44.188","Info","Arena",2,"Enter_Zone",1
"000:51:46.388","Info","Arena",1,"Exit_Zone",3
"000:51:46.388","Info","Arena",1,"Enter_Zone",4
"000:51:48.958","Info","Arena",1,"Exit_Zone",4
"000:51:48.958","Info","Arena",1,"Enter_Zone",2
"000:52:12.583","Info","Arena",2,"Exit_Zone",1
"000:52:12.583","Info","Arena",2,"Enter_Zone",4
"000:52:15.286","Info","Arena",2,"Exit_Zone",4
"000:52:15.286","Info","Arena",2,"Enter_Zone",3
"000:52:19.016","Info","Arena",1,"Exit_Zone",2
"000:52:19.016","Info","Arena",1,"Enter_Zone",4
"000:52:28.013","Info","Arena",2,"Exit_Zone",3
"000:52:28.013","Info","Arena",2,"Enter_Zone",4
"000:52:30.949","Info","Arena",2,"Exit_Zone",4
"000:52:30.949","Info","Arena",2,"Enter_Zone",1
"000:52:36.011","Info","Arena",1,"Exit_Zone",4
"000:52:36.011","Info","Arena",1,"Enter_Zone",2
"000:52:36.045","Info","Arena",1,"Exit_Zone",2
"000:52:36.045","Info","Arena",1,"Enter_Zone",4
"000:52:36.478","Info","Arena",1,"Exit_Zone",4
"000:52:36.478","Info","Arena",1,"Enter_Zone",2
"000:52:42.281","Info","Arena",1,"Exit_Zone",2
"000:52:42.281","Info","Arena",1,"Enter_Zone",4
"000:52:42.377","Info","Arena",1,"Exit_Zone",4
"000:52:42.377","Info","Arena",1,"Enter_Zone",2
"000:52:42.410","Info","Arena",1,"Exit_Zone",2
"000:52:42.410","Info","Arena",1,"Enter_Zone",4
"000:52:48.342","Info","Arena",1,"Exit_Zone",4
"000:52:48.342","Info","Arena",1,"Enter_Zone",2
"000:52:48.446","Info","Arena",1,"Exit_Zone",2
"000:52:48.446","Info","Arena",1,"Enter_Zone",4
"000:52:53.778","Info","Arena",1,"Exit_Zone",4
"000:52:53.778","Info","Arena",1,"Enter_Zone",3
"000:52:56.908","Info","Arena",1,"Exit_Zone",3
"000:52:56.908","Info","Arena",1,"Enter_Zone",4
"000:52:57.074","Info","Arena",1,"Exit_Zone",4
"000:52:57.074","Info","Arena",1,"Enter_Zone",3
"000:53:14.470","Info","Arena",1,"Exit_Zone",3
"000:53:14.470","Info","Arena",1,"Enter_Zone",4
"000:53:14.870","Info","Arena",1,"Exit_Zone",4
"000:53:14.870","Info","Arena",1,"Enter_Zone",2
"000:54:09.993","Info","Arena",2,"Exit_Zone",1
"000:54:09.993","Info","Arena",2,"Enter_Zone",4
"000:54:11.659","Info","Arena",2,"Exit_Zone",4
"000:54:11.659","Info","Arena",2,"Enter_Zone",2
"000:54:19.724","Info","Arena",2,"Exit_Zone",2
"000:54:19.724","Info","Arena",2,"Enter_Zone",4
"000:54:22.190","Info","Arena",2,"Exit_Zone",4
"000:54:22.190","Info","Arena",2,"Enter_Zone",1
"000:54:53.984","Info","Arena",1,"Exit_Zone",2
"000:54:53.984","Info","Arena",1,"Enter_Zone",4
"000:54:56.255","Info","Arena",2,"Exit_Zone",1
"000:54:56.255","Info","Arena",2,"Enter_Zone",4
"000:54:57.350","Info","Arena",2,"Exit_Zone",4
"000:54:57.350","Info","Arena",2,"Enter_Zone",3
"000:55:04.982","Info","Arena",1,"Exit_Zone",4
"000:55:04.982","Info","Arena",1,"Enter_Zone",2
"000:55:09.882","Info","Arena",2,"Exit_Zone",3
"000:55:09.882","Info","Arena",2,"Enter_Zone",4
"000:55:12.214","Info","Arena",2,"Exit_Zone",4
"000:55:12.214","Info","Arena",2,"Enter_Zone",2
"000:55:21.249","Info","Arena",2,"Exit_Zone",2
"000:55:21.249","Info","Arena",2,"Enter_Zone",4
"000:55:24.011","Info","Arena",2,"Exit_Zone",4
"000:55:24.011","Info","Arena",2,"Enter_Zone",3
"000:55:44.875","Info","Arena",2,"Exit_Zone",3
"000:55:44.875","Info","Arena",2,"Enter_Zone",4
"000:55:46.911","Info","Arena",2,"Exit_Zone",4
"000:55:46.911","Info","Arena",2,"Enter_Zone",2
"000:55:55.972","Info","Arena",2,"Exit_Zone",2
"000:55:55.972","Info","Arena",2,"Enter_Zone",4
"000:55:56.705","Info","Arena",1,"Exit_Zone",2
"000:55:56.705","Info","Arena",1,"Enter_Zone",4
"000:55:58.575","Info","Arena",2,"Exit_Zone",4
"000:55:58.575","Info","Arena",2,"Enter_Zone",1
"000:56:03.104","Info","Arena",1,"Exit_Zone",4
"000:56:03.104","Info","Arena",1,"Enter_Zone",3
"000:56:19.200","Info","Arena",1,"Exit_Zone",3
"000:56:19.200","Info","Arena",1,"Enter_Zone",4
"000:56:26.299","Info","Arena",1,"Exit_Zone",4
"000:56:26.299","Info","Arena",1,"Enter_Zone",2
"000:57:37.655","Info","Arena",2,"Exit_Zone",1
"000:57:37.655","Info","Arena",2,"Enter_Zone",4
"000:57:40.018","Info","Arena",2,"Exit_Zone",4
"000:57:40.018","Info","Arena",2,"Enter_Zone",2
"000:57:48.316","Info","Arena",2,"Exit_Zone",2
"000:57:48.316","Info","Arena",2,"Enter_Zone",4
"000:57:50.516","Info","Arena",2,"Exit_Zone",4
"000:57:50.516","Info","Arena",2,"Enter_Zone",3
"000:57:55.814","Info","Arena",2,"Exit_Zone",3
"000:57:55.814","Info","Arena",2,"Enter_Zone",4
"000:57:56.281","Info","Arena",2,"Exit_Zone",4
"000:57:56.281","Info","Arena",2,"Enter_Zone",2
"000:58:26.342","Info","Arena",2,"Exit_Zone",2
"000:58:26.342","Info","Arena",2,"Enter_Zone",4
"000:58:29.046","Info","Arena",2,"Exit_Zone",4
"000:58:29.046","Info","Arena",2,"Enter_Zone",2
"000:59:28.867","Info","Arena",2,"Exit_Zone",2
"000:59:28.867","Info","Arena",2,"Enter_Zone",4
"000:59:34.230","Info","Arena",2,"Exit_Zone",4
"000:59:34.230","Info","Arena",2,"Enter_Zone",1
"001:00:30.499","Info","2021-07-10 05:10:48","Service 'qwer' : Execution end"
