"000:00:00.000","Info","2021-11-05 04:20:01","Service 'qwer_mid_detect_vid_2' : Execution start"
"000:00:00.000","Info","Subject Identification","69 200"
"000:00:00.000","Info","Apparatus","Zantiks Unit"
"000:00:00.000","Info","Unit ID","992BEA"
"000:00:30.711","Info","Arena",1,"Enter_Zone",2
"000:02:07.425","Info","Arena",1,"Exit_Zone",2
"000:02:07.425","Info","Arena",1,"Enter_Zone",4
"000:02:08.660","Info","Arena",1,"Exit_Zone",4
"000:02:08.660","Info","Arena",1,"Enter_Zone",1
"000:02:11.258","Info","Arena",1,"Exit_Zone",1
"000:02:11.258","Info","Arena",1,"Enter_Zone",4
"000:02:14.562","Info","Arena",1,"Exit_Zone",4
"000:02:14.562","Info","Arena",1,"Enter_Zone",3
"000:02:19.823","Info","Arena",1,"Exit_Zone",3
"000:02:19.823","Info","Arena",1,"Enter_Zone",4
"000:02:19.856","Info","Arena",1,"Exit_Zone",4
"000:02:19.856","Info","Arena",1,"Enter_Zone",3
"000:02:39.485","Info","Arena",2,"Enter_Zone",2
"000:05:49.115","Info","Arena",1,"Exit_Zone",3
"000:05:49.115","Info","Arena",1,"Enter_Zone",4
"000:05:49.749","Info","Arena",1,"Exit_Zone",4
"000:05:49.749","Info","Arena",1,"Enter_Zone",2
"000:05:58.980","Info","Arena",1,"Exit_Zone",2
"000:05:58.980","Info","Arena",1,"Enter_Zone",4
"000:05:59.613","Info","Arena",1,"Exit_Zone",4
"000:05:59.613","Info","Arena",1,"Enter_Zone",3
"000:06:06.350","Info","Arena",1,"Exit_Zone",3
"000:06:06.350","Info","Arena",1,"Enter_Zone",4
"000:06:06.978","Info","Arena",1,"Exit_Zone",4
"000:06:06.978","Info","Arena",1,"Enter_Zone",3
"000:06:09.945","Info","Arena",1,"Exit_Zone",3
"000:06:09.945","Info","Arena",1,"Enter_Zone",4
"000:06:10.377","Info","Arena",1,"Exit_Zone",4
"000:06:10.377","Info","Arena",1,"Enter_Zone",3
"000:06:12.145","Info","Arena",1,"Exit_Zone",3
"000:06:12.145","Info","Arena",1,"Enter_Zone",4
"000:06:12.577","Info","Arena",1,"Exit_Zone",4
"000:06:12.577","Info","Arena",1,"Enter_Zone",2
"000:06:19.743","Info","Arena",1,"Exit_Zone",2
"000:06:19.743","Info","Arena",1,"Enter_Zone",4
"000:06:20.057","Info","Arena",1,"Exit_Zone",4
"000:06:20.057","Info","Arena",1,"Enter_Zone",3
"000:06:23.275","Info","Arena",1,"Exit_Zone",3
"000:06:23.275","Info","Arena",1,"Enter_Zone",4
"000:06:23.845","Info","Arena",1,"Exit_Zone",4
"000:06:23.845","Info","Arena",1,"Enter_Zone",1
"000:06:30.607","Info","Arena",1,"Exit_Zone",1
"000:06:30.607","Info","Arena",1,"Enter_Zone",4
"000:06:31.541","Info","Arena",1,"Exit_Zone",4
"000:06:31.541","Info","Arena",1,"Enter_Zone",2
"000:06:35.306","Info","Arena",1,"Exit_Zone",2
"000:06:35.306","Info","Arena",1,"Enter_Zone",4
"000:06:35.872","Info","Arena",1,"Exit_Zone",4
"000:06:35.872","Info","Arena",1,"Enter_Zone",1
"000:06:39.139","Info","Arena",1,"Exit_Zone",1
"000:06:39.139","Info","Arena",1,"Enter_Zone",4
"000:06:39.605","Info","Arena",1,"Exit_Zone",4
"000:06:39.605","Info","Arena",1,"Enter_Zone",2
"000:06:50.403","Info","Arena",1,"Exit_Zone",2
"000:06:50.403","Info","Arena",1,"Enter_Zone",4
"000:06:50.937","Info","Arena",1,"Exit_Zone",4
"000:06:50.937","Info","Arena",1,"Enter_Zone",3
"000:07:00.701","Info","Arena",1,"Exit_Zone",3
"000:07:00.701","Info","Arena",1,"Enter_Zone",4
"000:07:01.467","Info","Arena",1,"Exit_Zone",4
"000:07:01.467","Info","Arena",1,"Enter_Zone",1
"000:07:05.200","Info","Arena",1,"Exit_Zone",1
"000:07:05.200","Info","Arena",1,"Enter_Zone",4
"000:07:05.836","Info","Arena",1,"Exit_Zone",4
"000:07:05.836","Info","Arena",1,"Enter_Zone",2
"000:07:07.033","Info","Arena",1,"Exit_Zone",2
"000:07:07.033","Info","Arena",1,"Enter_Zone",4
"000:07:07.866","Info","Arena",1,"Exit_Zone",4
"000:07:07.866","Info","Arena",1,"Enter_Zone",1
"000:07:15.398","Info","Arena",1,"Exit_Zone",1
"000:07:15.398","Info","Arena",1,"Enter_Zone",4
"000:07:15.964","Info","Arena",1,"Exit_Zone",4
"000:07:15.964","Info","Arena",1,"Enter_Zone",2
"000:07:16.932","Info","Arena",1,"Exit_Zone",2
"000:07:16.932","Info","Arena",1,"Enter_Zone",4
"000:07:17.532","Info","Arena",1,"Exit_Zone",4
"000:07:17.532","Info","Arena",1,"Enter_Zone",3
"000:07:20.667","Info","Arena",1,"Exit_Zone",3
"000:07:20.667","Info","Arena",1,"Enter_Zone",4
"000:07:20.963","Info","Arena",1,"Exit_Zone",4
"000:07:20.963","Info","Arena",1,"Enter_Zone",1
"000:07:24.629","Info","Arena",1,"Exit_Zone",1
"000:07:24.629","Info","Arena",1,"Enter_Zone",4
"000:07:25.196","Info","Arena",1,"Exit_Zone",4
"000:07:25.196","Info","Arena",1,"Enter_Zone",2
"000:07:32.894","Info","Arena",1,"Exit_Zone",2
"000:07:32.894","Info","Arena",1,"Enter_Zone",4
"000:07:33.294","Info","Arena",1,"Exit_Zone",4
"000:07:33.294","Info","Arena",1,"Enter_Zone",1
"000:07:36.629","Info","Arena",1,"Exit_Zone",1
"000:07:36.629","Info","Arena",1,"Enter_Zone",4
"000:07:37.560","Info","Arena",1,"Exit_Zone",4
"000:07:37.560","Info","Arena",1,"Enter_Zone",2
"000:07:39.165","Info","Arena",1,"Exit_Zone",2
"000:07:39.165","Info","Arena",1,"Enter_Zone",4
"000:07:39.859","Info","Arena",1,"Exit_Zone",4
"000:07:39.859","Info","Arena",1,"Enter_Zone",1
"000:07:43.359","Info","Arena",1,"Exit_Zone",1
"000:07:43.359","Info","Arena",1,"Enter_Zone",4
"000:07:43.958","Info","Arena",1,"Exit_Zone",4
"000:07:43.958","Info","Arena",1,"Enter_Zone",2
"000:07:58.289","Info","Arena",1,"Exit_Zone",2
"000:07:58.289","Info","Arena",1,"Enter_Zone",4
"000:07:58.659","Info","Arena",1,"Exit_Zone",4
"000:07:58.659","Info","Arena",1,"Enter_Zone",3
"000:08:08.187","Info","Arena",1,"Exit_Zone",3
"000:08:08.187","Info","Arena",1,"Enter_Zone",4
"000:08:08.887","Info","Arena",1,"Exit_Zone",4
"000:08:08.887","Info","Arena",1,"Enter_Zone",2
"000:08:11.825","Info","Arena",1,"Exit_Zone",2
"000:08:11.825","Info","Arena",1,"Enter_Zone",4
"000:08:12.686","Info","Arena",1,"Exit_Zone",4
"000:08:12.686","Info","Arena",1,"Enter_Zone",1
"000:08:16.491","Info","Arena",1,"Exit_Zone",1
"000:08:16.491","Info","Arena",1,"Enter_Zone",4
"000:08:17.085","Info","Arena",1,"Exit_Zone",4
"000:08:17.085","Info","Arena",1,"Enter_Zone",2
"000:08:20.953","Info","Arena",1,"Exit_Zone",2
"000:08:20.953","Info","Arena",1,"Enter_Zone",4
"000:08:21.285","Info","Arena",1,"Exit_Zone",4
"000:08:21.285","Info","Arena",1,"Enter_Zone",1
"000:08:24.988","Info","Arena",1,"Exit_Zone",1
"000:08:24.988","Info","Arena",1,"Enter_Zone",4
"000:08:25.784","Info","Arena",1,"Exit_Zone",4
"000:08:25.784","Info","Arena",1,"Enter_Zone",3
"000:08:28.750","Info","Arena",1,"Exit_Zone",3
"000:08:28.750","Info","Arena",1,"Enter_Zone",4
"000:08:29.583","Info","Arena",1,"Exit_Zone",4
"000:08:29.583","Info","Arena",1,"Enter_Zone",1
"000:08:32.216","Info","Arena",1,"Exit_Zone",1
"000:08:32.216","Info","Arena",1,"Enter_Zone",4
"000:08:32.782","Info","Arena",1,"Exit_Zone",4
"000:08:32.782","Info","Arena",1,"Enter_Zone",1
"000:08:36.281","Info","Arena",1,"Exit_Zone",1
"000:08:36.281","Info","Arena",1,"Enter_Zone",4
"000:08:36.848","Info","Arena",1,"Exit_Zone",4
"000:08:36.848","Info","Arena",1,"Enter_Zone",1
"000:08:40.915","Info","Arena",1,"Exit_Zone",1
"000:08:40.915","Info","Arena",1,"Enter_Zone",4
"000:08:41.515","Info","Arena",1,"Exit_Zone",4
"000:08:41.515","Info","Arena",1,"Enter_Zone",3
"000:08:44.485","Info","Arena",1,"Exit_Zone",3
"000:08:44.485","Info","Arena",1,"Enter_Zone",4
"000:08:44.546","Info","Arena",1,"Exit_Zone",4
"000:08:44.546","Info","Arena",1,"Enter_Zone",3
"000:08:44.580","Info","Arena",1,"Exit_Zone",3
"000:08:44.580","Info","Arena",1,"Enter_Zone",4
"000:08:45.114","Info","Arena",1,"Exit_Zone",4
"000:08:45.114","Info","Arena",1,"Enter_Zone",1
"000:08:48.679","Info","Arena",1,"Exit_Zone",1
"000:08:48.679","Info","Arena",1,"Enter_Zone",4
"000:08:49.279","Info","Arena",1,"Exit_Zone",4
"000:08:49.279","Info","Arena",1,"Enter_Zone",3
"000:08:52.317","Info","Arena",1,"Exit_Zone",3
"000:08:52.317","Info","Arena",1,"Enter_Zone",4
"000:08:53.714","Info","Arena",1,"Exit_Zone",4
"000:08:53.714","Info","Arena",1,"Enter_Zone",1
"000:08:57.444","Info","Arena",1,"Exit_Zone",1
"000:08:57.444","Info","Arena",1,"Enter_Zone",4
"000:08:58.244","Info","Arena",1,"Exit_Zone",4
"000:08:58.244","Info","Arena",1,"Enter_Zone",2
"000:09:15.540","Info","Arena",1,"Exit_Zone",2
"000:09:15.540","Info","Arena",1,"Enter_Zone",4
"000:09:15.708","Info","Arena",1,"Exit_Zone",4
"000:09:15.708","Info","Arena",1,"Enter_Zone",2
"000:09:43.503","Info","Arena",1,"Exit_Zone",2
"000:09:43.503","Info","Arena",1,"Enter_Zone",4
"000:09:44.502","Info","Arena",1,"Exit_Zone",4
"000:09:44.502","Info","Arena",1,"Enter_Zone",3
"000:10:12.698","Info","Arena",1,"Exit_Zone",3
"000:10:12.698","Info","Arena",1,"Enter_Zone",4
"000:10:13.466","Info","Arena",1,"Exit_Zone",4
"000:10:13.466","Info","Arena",1,"Enter_Zone",1
"000:10:19.465","Info","Arena",1,"Exit_Zone",1
"000:10:19.465","Info","Arena",1,"Enter_Zone",4
"000:10:20.095","Info","Arena",1,"Exit_Zone",4
"000:10:20.095","Info","Arena",1,"Enter_Zone",3
"000:10:24.695","Info","Arena",1,"Exit_Zone",3
"000:10:24.695","Info","Arena",1,"Enter_Zone",4
"000:10:25.393","Info","Arena",1,"Exit_Zone",4
"000:10:25.393","Info","Arena",1,"Enter_Zone",1
"000:10:28.694","Info","Arena",1,"Exit_Zone",1
"000:10:28.694","Info","Arena",1,"Enter_Zone",4
"000:10:29.502","Info","Arena",1,"Exit_Zone",4
"000:10:29.502","Info","Arena",1,"Enter_Zone",2
"000:10:32.962","Info","Arena",1,"Exit_Zone",2
"000:10:32.962","Info","Arena",1,"Enter_Zone",4
"000:10:33.558","Info","Arena",1,"Exit_Zone",4
"000:10:33.558","Info","Arena",1,"Enter_Zone",1
"000:10:37.358","Info","Arena",1,"Exit_Zone",1
"000:10:37.358","Info","Arena",1,"Enter_Zone",4
"000:10:37.991","Info","Arena",1,"Exit_Zone",4
"000:10:37.991","Info","Arena",1,"Enter_Zone",2
"000:10:45.126","Info","Arena",1,"Exit_Zone",2
"000:10:45.126","Info","Arena",1,"Enter_Zone",4
"000:10:45.690","Info","Arena",1,"Exit_Zone",4
"000:10:45.690","Info","Arena",1,"Enter_Zone",1
"000:10:51.889","Info","Arena",1,"Exit_Zone",1
"000:10:51.889","Info","Arena",1,"Enter_Zone",4
"000:10:52.489","Info","Arena",1,"Exit_Zone",4
"000:10:52.489","Info","Arena",1,"Enter_Zone",3
"000:11:06.052","Info","Arena",1,"Exit_Zone",3
"000:11:06.052","Info","Arena",1,"Enter_Zone",4
"000:11:06.718","Info","Arena",1,"Exit_Zone",4
"000:11:06.718","Info","Arena",1,"Enter_Zone",2
"000:11:14.787","Info","Arena",1,"Exit_Zone",2
"000:11:14.787","Info","Arena",1,"Enter_Zone",4
"000:11:14.885","Info","Arena",1,"Exit_Zone",4
"000:11:14.885","Info","Arena",1,"Enter_Zone",2
"000:11:44.449","Info","Arena",1,"Exit_Zone",2
"000:11:44.449","Info","Arena",1,"Enter_Zone",4
"000:11:45.115","Info","Arena",1,"Exit_Zone",4
"000:11:45.115","Info","Arena",1,"Enter_Zone",1
"000:11:49.478","Info","Arena",1,"Exit_Zone",1
"000:11:49.478","Info","Arena",1,"Enter_Zone",4
"000:11:50.043","Info","Arena",1,"Exit_Zone",4
"000:11:50.043","Info","Arena",1,"Enter_Zone",3
"000:11:52.209","Info","Arena",1,"Exit_Zone",3
"000:11:52.209","Info","Arena",1,"Enter_Zone",4
"000:11:53.142","Info","Arena",1,"Exit_Zone",4
"000:11:53.142","Info","Arena",1,"Enter_Zone",1
"000:11:57.947","Info","Arena",1,"Exit_Zone",1
"000:11:57.947","Info","Arena",1,"Enter_Zone",4
"000:11:58.808","Info","Arena",1,"Exit_Zone",4
"000:11:58.808","Info","Arena",1,"Enter_Zone",3
"000:12:02.641","Info","Arena",1,"Exit_Zone",3
"000:12:02.641","Info","Arena",1,"Enter_Zone",4
"000:12:03.341","Info","Arena",1,"Exit_Zone",4
"000:12:03.341","Info","Arena",1,"Enter_Zone",1
"000:12:07.074","Info","Arena",1,"Exit_Zone",1
"000:12:07.074","Info","Arena",1,"Enter_Zone",4
"000:12:07.840","Info","Arena",1,"Exit_Zone",4
"000:12:07.840","Info","Arena",1,"Enter_Zone",2
"000:12:27.136","Info","Arena",1,"Exit_Zone",2
"000:12:27.136","Info","Arena",1,"Enter_Zone",4
"000:12:27.702","Info","Arena",1,"Exit_Zone",4
"000:12:27.702","Info","Arena",1,"Enter_Zone",1
"000:12:29.536","Info","Arena",1,"Exit_Zone",1
"000:12:29.536","Info","Arena",1,"Enter_Zone",4
"000:12:30.471","Info","Arena",1,"Exit_Zone",4
"000:12:30.471","Info","Arena",1,"Enter_Zone",2
"000:12:37.300","Info","Arena",1,"Exit_Zone",2
"000:12:37.300","Info","Arena",1,"Enter_Zone",4
"000:12:38.272","Info","Arena",1,"Exit_Zone",4
"000:12:38.272","Info","Arena",1,"Enter_Zone",3
"000:12:42.699","Info","Arena",1,"Exit_Zone",3
"000:12:42.699","Info","Arena",1,"Enter_Zone",4
"000:12:43.436","Info","Arena",1,"Exit_Zone",4
"000:12:43.436","Info","Arena",1,"Enter_Zone",2
"000:12:47.298","Info","Arena",1,"Exit_Zone",2
"000:12:47.298","Info","Arena",1,"Enter_Zone",4
"000:12:48.032","Info","Arena",1,"Exit_Zone",4
"000:12:48.032","Info","Arena",1,"Enter_Zone",1
"000:12:50.965","Info","Arena",1,"Exit_Zone",1
"000:12:50.965","Info","Arena",1,"Enter_Zone",4
"000:12:51.768","Info","Arena",1,"Exit_Zone",4
"000:12:51.768","Info","Arena",1,"Enter_Zone",2
"000:12:54.364","Info","Arena",1,"Exit_Zone",2
"000:12:54.364","Info","Arena",1,"Enter_Zone",4
"000:12:55.130","Info","Arena",1,"Exit_Zone",4
"000:12:55.130","Info","Arena",1,"Enter_Zone",3
"000:12:57.830","Info","Arena",1,"Exit_Zone",3
"000:12:57.830","Info","Arena",1,"Enter_Zone",4
"000:12:58.363","Info","Arena",1,"Exit_Zone",4
"000:12:58.363","Info","Arena",1,"Enter_Zone",1
"000:13:03.766","Info","Arena",1,"Exit_Zone",1
"000:13:03.766","Info","Arena",1,"Enter_Zone",4
"000:13:04.628","Info","Arena",1,"Exit_Zone",4
"000:13:04.628","Info","Arena",1,"Enter_Zone",2
"000:13:17.860","Info","Arena",1,"Exit_Zone",2
"000:13:17.860","Info","Arena",1,"Enter_Zone",4
"000:13:18.626","Info","Arena",1,"Exit_Zone",4
"000:13:18.626","Info","Arena",1,"Enter_Zone",1
"000:13:24.391","Info","Arena",1,"Exit_Zone",1
"000:13:24.391","Info","Arena",1,"Enter_Zone",4
"000:13:25.859","Info","Arena",1,"Exit_Zone",4
"000:13:25.859","Info","Arena",1,"Enter_Zone",3
"000:13:29.524","Info","Arena",1,"Exit_Zone",3
"000:13:29.524","Info","Arena",1,"Enter_Zone",4
"000:13:30.157","Info","Arena",1,"Exit_Zone",4
"000:13:30.157","Info","Arena",1,"Enter_Zone",1
"000:13:33.723","Info","Arena",1,"Exit_Zone",1
"000:13:33.723","Info","Arena",1,"Enter_Zone",4
"000:13:34.523","Info","Arena",1,"Exit_Zone",4
"000:13:34.523","Info","Arena",1,"Enter_Zone",3
"000:13:40.988","Info","Arena",1,"Exit_Zone",3
"000:13:40.988","Info","Arena",1,"Enter_Zone",4
"000:13:41.925","Info","Arena",1,"Exit_Zone",4
"000:13:41.925","Info","Arena",1,"Enter_Zone",2
"000:13:52.386","Info","Arena",1,"Exit_Zone",2
"000:13:52.386","Info","Arena",1,"Enter_Zone",4
"000:13:52.923","Info","Arena",1,"Exit_Zone",4
"000:13:52.923","Info","Arena",1,"Enter_Zone",1
"000:13:55.853","Info","Arena",1,"Exit_Zone",1
"000:13:55.853","Info","Arena",1,"Enter_Zone",4
"000:13:56.818","Info","Arena",1,"Exit_Zone",4
"000:13:56.818","Info","Arena",1,"Enter_Zone",3
"000:13:58.484","Info","Arena",1,"Exit_Zone",3
"000:13:58.484","Info","Arena",1,"Enter_Zone",4
"000:13:59.684","Info","Arena",1,"Exit_Zone",4
"000:13:59.684","Info","Arena",1,"Enter_Zone",1
"000:14:02.421","Info","Arena",1,"Exit_Zone",1
"000:14:02.421","Info","Arena",1,"Enter_Zone",4
"000:14:03.088","Info","Arena",1,"Exit_Zone",4
"000:14:03.088","Info","Arena",1,"Enter_Zone",3
"000:14:07.920","Info","Arena",1,"Exit_Zone",3
"000:14:07.920","Info","Arena",1,"Enter_Zone",4
"000:14:08.616","Info","Arena",1,"Exit_Zone",4
"000:14:08.616","Info","Arena",1,"Enter_Zone",1
"000:14:11.650","Info","Arena",1,"Exit_Zone",1
"000:14:11.650","Info","Arena",1,"Enter_Zone",4
"000:14:12.752","Info","Arena",1,"Exit_Zone",4
"000:14:12.752","Info","Arena",1,"Enter_Zone",2
"000:14:16.814","Info","Arena",1,"Exit_Zone",2
"000:14:16.814","Info","Arena",1,"Enter_Zone",4
"000:14:18.214","Info","Arena",1,"Exit_Zone",4
"000:14:18.214","Info","Arena",1,"Enter_Zone",2
"000:14:38.276","Info","Arena",1,"Exit_Zone",2
"000:14:38.276","Info","Arena",1,"Enter_Zone",4
"000:14:39.010","Info","Arena",1,"Exit_Zone",4
"000:14:39.010","Info","Arena",1,"Enter_Zone",1
"000:14:42.342","Info","Arena",1,"Exit_Zone",1
"000:14:42.342","Info","Arena",1,"Enter_Zone",4
"000:14:43.309","Info","Arena",1,"Exit_Zone",4
"000:14:43.309","Info","Arena",1,"Enter_Zone",2
"000:14:50.307","Info","Arena",1,"Exit_Zone",2
"000:14:50.307","Info","Arena",1,"Enter_Zone",4
"000:14:50.341","Info","Arena",1,"Exit_Zone",4
"000:14:50.341","Info","Arena",1,"Enter_Zone",2
"000:15:24.367","Info","Arena",1,"Exit_Zone",2
"000:15:24.367","Info","Arena",1,"Enter_Zone",4
"000:15:25.167","Info","Arena",1,"Exit_Zone",4
"000:15:25.167","Info","Arena",1,"Enter_Zone",1
"000:15:29.600","Info","Arena",1,"Exit_Zone",1
"000:15:29.600","Info","Arena",1,"Enter_Zone",4
"000:15:30.299","Info","Arena",1,"Exit_Zone",4
"000:15:30.299","Info","Arena",1,"Enter_Zone",2
"000:15:54.195","Info","Arena",1,"Exit_Zone",2
"000:15:54.195","Info","Arena",1,"Enter_Zone",4
"000:15:54.928","Info","Arena",1,"Exit_Zone",4
"000:15:54.928","Info","Arena",1,"Enter_Zone",1
"000:15:59.594","Info","Arena",1,"Exit_Zone",1
"000:15:59.594","Info","Arena",1,"Enter_Zone",4
"000:16:00.828","Info","Arena",1,"Exit_Zone",4
"000:16:00.828","Info","Arena",1,"Enter_Zone",3
"000:16:05.792","Info","Arena",1,"Exit_Zone",3
"000:16:05.792","Info","Arena",1,"Enter_Zone",4
"000:16:07.027","Info","Arena",1,"Exit_Zone",4
"000:16:07.027","Info","Arena",1,"Enter_Zone",3
"000:16:11.458","Info","Arena",1,"Exit_Zone",3
"000:16:11.458","Info","Arena",1,"Enter_Zone",4
"000:16:12.230","Info","Arena",1,"Exit_Zone",4
"000:16:12.230","Info","Arena",1,"Enter_Zone",1
"000:16:16.825","Info","Arena",1,"Exit_Zone",1
"000:16:16.825","Info","Arena",1,"Enter_Zone",4
"000:16:17.561","Info","Arena",1,"Exit_Zone",4
"000:16:17.561","Info","Arena",1,"Enter_Zone",3
"000:16:20.290","Info","Arena",1,"Exit_Zone",3
"000:16:20.290","Info","Arena",1,"Enter_Zone",4
"000:16:21.394","Info","Arena",1,"Exit_Zone",4
"000:16:21.394","Info","Arena",1,"Enter_Zone",1
"000:16:26.892","Info","Arena",1,"Exit_Zone",1
"000:16:26.892","Info","Arena",1,"Enter_Zone",4
"000:16:27.655","Info","Arena",1,"Exit_Zone",4
"000:16:27.655","Info","Arena",1,"Enter_Zone",2
"000:16:33.058","Info","Arena",1,"Exit_Zone",2
"000:16:33.058","Info","Arena",1,"Enter_Zone",4
"000:16:33.687","Info","Arena",1,"Exit_Zone",4
"000:16:33.687","Info","Arena",1,"Enter_Zone",1
"000:16:36.586","Info","Arena",1,"Exit_Zone",1
"000:16:36.586","Info","Arena",1,"Enter_Zone",4
"000:16:37.320","Info","Arena",1,"Exit_Zone",4
"000:16:37.320","Info","Arena",1,"Enter_Zone",2
"000:16:48.317","Info","Arena",1,"Exit_Zone",2
"000:16:48.317","Info","Arena",1,"Enter_Zone",4
"000:16:49.019","Info","Arena",1,"Exit_Zone",4
"000:16:49.019","Info","Arena",1,"Enter_Zone",1
"000:16:49.420","Info","Arena",1,"Exit_Zone",1
"000:16:49.420","Info","Arena",1,"Enter_Zone",4
"000:16:50.517","Info","Arena",1,"Exit_Zone",4
"000:16:50.517","Info","Arena",1,"Enter_Zone",3
"000:16:56.417","Info","Arena",1,"Exit_Zone",3
"000:16:56.417","Info","Arena",1,"Enter_Zone",4
"000:16:57.249","Info","Arena",1,"Exit_Zone",4
"000:16:57.249","Info","Arena",1,"Enter_Zone",1
"000:17:00.886","Info","Arena",1,"Exit_Zone",1
"000:17:00.886","Info","Arena",1,"Enter_Zone",4
"000:17:01.552","Info","Arena",1,"Exit_Zone",4
"000:17:01.552","Info","Arena",1,"Enter_Zone",2
"000:17:26.216","Info","Arena",1,"Exit_Zone",2
"000:17:26.216","Info","Arena",1,"Enter_Zone",4
"000:17:26.880","Info","Arena",1,"Exit_Zone",4
"000:17:26.880","Info","Arena",1,"Enter_Zone",1
"000:17:30.176","Info","Arena",1,"Exit_Zone",1
"000:17:30.176","Info","Arena",1,"Enter_Zone",4
"000:17:30.776","Info","Arena",1,"Exit_Zone",4
"000:17:30.776","Info","Arena",1,"Enter_Zone",2
"000:17:38.907","Info","Arena",1,"Exit_Zone",2
"000:17:38.907","Info","Arena",1,"Enter_Zone",4
"000:17:39.241","Info","Arena",1,"Exit_Zone",4
"000:17:39.241","Info","Arena",1,"Enter_Zone",1
"000:17:43.773","Info","Arena",1,"Exit_Zone",1
"000:17:43.773","Info","Arena",1,"Enter_Zone",4
"000:17:44.973","Info","Arena",1,"Exit_Zone",4
"000:17:44.973","Info","Arena",1,"Enter_Zone",1
"000:17:53.739","Info","Arena",1,"Exit_Zone",1
"000:17:53.739","Info","Arena",1,"Enter_Zone",4
"000:17:55.071","Info","Arena",1,"Exit_Zone",4
"000:17:55.071","Info","Arena",1,"Enter_Zone",3
"000:18:16.569","Info","Arena",1,"Exit_Zone",3
"000:18:16.569","Info","Arena",1,"Enter_Zone",4
"000:18:17.538","Info","Arena",1,"Exit_Zone",4
"000:18:17.538","Info","Arena",1,"Enter_Zone",1
"000:18:24.204","Info","Arena",1,"Exit_Zone",1
"000:18:24.204","Info","Arena",1,"Enter_Zone",4
"000:18:25.331","Info","Arena",1,"Exit_Zone",4
"000:18:25.331","Info","Arena",1,"Enter_Zone",2
"000:18:30.897","Info","Arena",1,"Exit_Zone",2
"000:18:30.897","Info","Arena",1,"Enter_Zone",4
"000:18:31.497","Info","Arena",1,"Exit_Zone",4
"000:18:31.497","Info","Arena",1,"Enter_Zone",1
"000:18:37.129","Info","Arena",1,"Exit_Zone",1
"000:18:37.129","Info","Arena",1,"Enter_Zone",4
"000:18:37.929","Info","Arena",1,"Exit_Zone",4
"000:18:37.929","Info","Arena",1,"Enter_Zone",3
"000:18:41.996","Info","Arena",1,"Exit_Zone",3
"000:18:41.996","Info","Arena",1,"Enter_Zone",4
"000:18:42.796","Info","Arena",1,"Exit_Zone",4
"000:18:42.796","Info","Arena",1,"Enter_Zone",2
"000:18:46.865","Info","Arena",1,"Exit_Zone",2
"000:18:46.865","Info","Arena",1,"Enter_Zone",4
"000:18:47.364","Info","Arena",1,"Exit_Zone",4
"000:18:47.364","Info","Arena",1,"Enter_Zone",1
"000:18:50.493","Info","Arena",1,"Exit_Zone",1
"000:18:50.493","Info","Arena",1,"Enter_Zone",4
"000:18:51.493","Info","Arena",1,"Exit_Zone",4
"000:18:51.493","Info","Arena",1,"Enter_Zone",3
"000:18:56.793","Info","Arena",1,"Exit_Zone",3
"000:18:56.793","Info","Arena",1,"Enter_Zone",4
"000:18:57.727","Info","Arena",1,"Exit_Zone",4
"000:18:57.727","Info","Arena",1,"Enter_Zone",2
"000:19:02.891","Info","Arena",1,"Exit_Zone",2
"000:19:02.891","Info","Arena",1,"Enter_Zone",4
"000:19:03.528","Info","Arena",1,"Exit_Zone",4
"000:19:03.528","Info","Arena",1,"Enter_Zone",1
"000:19:05.424","Info","Arena",1,"Exit_Zone",1
"000:19:05.424","Info","Arena",1,"Enter_Zone",4
"000:19:06.423","Info","Arena",1,"Exit_Zone",4
"000:19:06.423","Info","Arena",1,"Enter_Zone",3
"000:19:12.889","Info","Arena",1,"Exit_Zone",3
"000:19:12.889","Info","Arena",1,"Enter_Zone",4
"000:19:13.390","Info","Arena",1,"Exit_Zone",4
"000:19:13.390","Info","Arena",1,"Enter_Zone",2
"000:19:42.584","Info","Arena",1,"Exit_Zone",2
"000:19:42.584","Info","Arena",1,"Enter_Zone",4
"000:19:43.449","Info","Arena",1,"Exit_Zone",4
"000:19:43.449","Info","Arena",1,"Enter_Zone",1
"000:19:48.852","Info","Arena",1,"Exit_Zone",1
"000:19:48.852","Info","Arena",1,"Enter_Zone",4
"000:19:49.948","Info","Arena",1,"Exit_Zone",4
"000:19:49.948","Info","Arena",1,"Enter_Zone",3
"000:19:53.351","Info","Arena",1,"Exit_Zone",3
"000:19:53.351","Info","Arena",1,"Enter_Zone",4
"000:19:54.114","Info","Arena",1,"Exit_Zone",4
"000:19:54.114","Info","Arena",1,"Enter_Zone",1
"000:20:01.683","Info","Arena",1,"Exit_Zone",1
"000:20:01.683","Info","Arena",1,"Enter_Zone",4
"000:20:02.479","Info","Arena",1,"Exit_Zone",4
"000:20:02.479","Info","Arena",1,"Enter_Zone",3
"000:20:11.944","Info","Arena",1,"Exit_Zone",3
"000:20:11.944","Info","Arena",1,"Enter_Zone",4
"000:20:12.578","Info","Arena",1,"Exit_Zone",4
"000:20:12.578","Info","Arena",1,"Enter_Zone",2
"000:20:19.609","Info","Arena",1,"Exit_Zone",2
"000:20:19.609","Info","Arena",1,"Enter_Zone",4
"000:20:20.442","Info","Arena",1,"Exit_Zone",4
"000:20:20.442","Info","Arena",1,"Enter_Zone",1
"000:20:24.012","Info","Arena",1,"Exit_Zone",1
"000:20:24.012","Info","Arena",1,"Enter_Zone",4
"000:20:24.776","Info","Arena",1,"Exit_Zone",4
"000:20:24.776","Info","Arena",1,"Enter_Zone",3
"000:20:29.575","Info","Arena",1,"Exit_Zone",3
"000:20:29.575","Info","Arena",1,"Enter_Zone",4
"000:20:30.511","Info","Arena",1,"Exit_Zone",4
"000:20:30.511","Info","Arena",1,"Enter_Zone",2
"000:20:46.537","Info","Arena",1,"Exit_Zone",2
"000:20:46.537","Info","Arena",1,"Enter_Zone",4
"000:20:47.007","Info","Arena",1,"Exit_Zone",4
"000:20:47.007","Info","Arena",1,"Enter_Zone",1
"000:20:54.970","Info","Arena",1,"Exit_Zone",1
"000:20:54.970","Info","Arena",1,"Enter_Zone",4
"000:20:55.935","Info","Arena",1,"Exit_Zone",4
"000:20:55.935","Info","Arena",1,"Enter_Zone",3
"000:20:58.338","Info","Arena",1,"Exit_Zone",3
"000:20:58.338","Info","Arena",1,"Enter_Zone",4
"000:20:59.370","Info","Arena",1,"Exit_Zone",4
"000:20:59.370","Info","Arena",1,"Enter_Zone",2
"000:21:18.864","Info","Arena",1,"Exit_Zone",2
"000:21:18.864","Info","Arena",1,"Enter_Zone",4
"000:21:19.897","Info","Arena",1,"Exit_Zone",4
"000:21:19.897","Info","Arena",1,"Enter_Zone",3
"000:21:24.863","Info","Arena",1,"Exit_Zone",3
"000:21:24.863","Info","Arena",1,"Enter_Zone",4
"000:21:25.429","Info","Arena",1,"Exit_Zone",4
"000:21:25.429","Info","Arena",1,"Enter_Zone",2
"000:21:28.999","Info","Arena",1,"Exit_Zone",2
"000:21:28.999","Info","Arena",1,"Enter_Zone",4
"000:21:29.695","Info","Arena",1,"Exit_Zone",4
"000:21:29.695","Info","Arena",1,"Enter_Zone",3
"000:21:36.227","Info","Arena",1,"Exit_Zone",3
"000:21:36.227","Info","Arena",1,"Enter_Zone",4
"000:21:36.998","Info","Arena",1,"Exit_Zone",4
"000:21:36.998","Info","Arena",1,"Enter_Zone",1
"000:21:42.760","Info","Arena",1,"Exit_Zone",1
"000:21:42.760","Info","Arena",1,"Enter_Zone",4
"000:21:43.859","Info","Arena",1,"Exit_Zone",4
"000:21:43.859","Info","Arena",1,"Enter_Zone",2
"000:21:58.123","Info","Arena",1,"Exit_Zone",2
"000:21:58.123","Info","Arena",1,"Enter_Zone",4
"000:21:58.590","Info","Arena",1,"Exit_Zone",4
"000:21:58.590","Info","Arena",1,"Enter_Zone",1
"000:22:01.289","Info","Arena",1,"Exit_Zone",1
"000:22:01.289","Info","Arena",1,"Enter_Zone",4
"000:22:01.589","Info","Arena",1,"Exit_Zone",4
"000:22:01.589","Info","Arena",1,"Enter_Zone",2
"000:22:04.492","Info","Arena",1,"Exit_Zone",2
"000:22:04.492","Info","Arena",1,"Enter_Zone",4
"000:22:05.055","Info","Arena",1,"Exit_Zone",4
"000:22:05.055","Info","Arena",1,"Enter_Zone",1
"000:22:12.453","Info","Arena",1,"Exit_Zone",1
"000:22:12.453","Info","Arena",1,"Enter_Zone",4
"000:22:14.219","Info","Arena",1,"Exit_Zone",4
"000:22:14.219","Info","Arena",1,"Enter_Zone",2
"000:22:40.318","Info","Arena",1,"Exit_Zone",2
"000:22:40.318","Info","Arena",1,"Enter_Zone",4
"000:22:41.349","Info","Arena",1,"Exit_Zone",4
"000:22:41.349","Info","Arena",1,"Enter_Zone",3
"000:22:49.679","Info","Arena",1,"Exit_Zone",3
"000:22:49.679","Info","Arena",1,"Enter_Zone",4
"000:22:50.712","Info","Arena",1,"Exit_Zone",4
"000:22:50.712","Info","Arena",1,"Enter_Zone",1
"000:23:12.508","Info","Arena",1,"Exit_Zone",1
"000:23:12.508","Info","Arena",1,"Enter_Zone",4
"000:23:14.174","Info","Arena",1,"Exit_Zone",4
"000:23:14.174","Info","Arena",1,"Enter_Zone",2
"000:23:16.874","Info","Arena",1,"Exit_Zone",2
"000:23:16.874","Info","Arena",1,"Enter_Zone",4
"000:23:17.407","Info","Arena",1,"Exit_Zone",4
"000:23:17.407","Info","Arena",1,"Enter_Zone",1
"000:23:38.070","Info","Arena",1,"Exit_Zone",1
"000:23:38.070","Info","Arena",1,"Enter_Zone",4
"000:23:38.869","Info","Arena",1,"Exit_Zone",4
"000:23:38.869","Info","Arena",1,"Enter_Zone",3
"000:23:42.369","Info","Arena",1,"Exit_Zone",3
"000:23:42.369","Info","Arena",1,"Enter_Zone",4
"000:23:43.306","Info","Arena",1,"Exit_Zone",4
"000:23:43.306","Info","Arena",1,"Enter_Zone",1
"000:23:48.201","Info","Arena",1,"Exit_Zone",1
"000:23:48.201","Info","Arena",1,"Enter_Zone",4
"000:23:49.434","Info","Arena",1,"Exit_Zone",4
"000:23:49.434","Info","Arena",1,"Enter_Zone",3
"000:23:50.471","Info","Arena",1,"Exit_Zone",3
"000:23:50.471","Info","Arena",1,"Enter_Zone",4
"000:23:51.000","Info","Arena",1,"Exit_Zone",4
"000:23:51.000","Info","Arena",1,"Enter_Zone",1
"000:24:20.995","Info","Arena",1,"Exit_Zone",1
"000:24:20.995","Info","Arena",1,"Enter_Zone",4
"000:24:21.729","Info","Arena",1,"Exit_Zone",4
"000:24:21.729","Info","Arena",1,"Enter_Zone",3
"000:24:29.259","Info","Arena",1,"Exit_Zone",3
"000:24:29.259","Info","Arena",1,"Enter_Zone",4
"000:24:30.359","Info","Arena",1,"Exit_Zone",4
"000:24:30.359","Info","Arena",1,"Enter_Zone",2
"000:24:45.490","Info","Arena",1,"Exit_Zone",2
"000:24:45.490","Info","Arena",1,"Enter_Zone",4
"000:24:46.023","Info","Arena",1,"Exit_Zone",4
"000:24:46.023","Info","Arena",1,"Enter_Zone",1
"000:24:48.089","Info","Arena",1,"Exit_Zone",1
"000:24:48.089","Info","Arena",1,"Enter_Zone",4
"000:24:49.089","Info","Arena",1,"Exit_Zone",4
"000:24:49.089","Info","Arena",1,"Enter_Zone",3
"000:24:50.555","Info","Arena",1,"Exit_Zone",3
"000:24:50.555","Info","Arena",1,"Enter_Zone",4
"000:24:51.723","Info","Arena",1,"Exit_Zone",4
"000:24:51.723","Info","Arena",1,"Enter_Zone",2
"000:25:12.384","Info","Arena",1,"Exit_Zone",2
"000:25:12.384","Info","Arena",1,"Enter_Zone",4
"000:25:12.919","Info","Arena",1,"Exit_Zone",4
"000:25:12.919","Info","Arena",1,"Enter_Zone",1
"000:25:16.122","Info","Arena",1,"Exit_Zone",1
"000:25:16.122","Info","Arena",1,"Enter_Zone",4
"000:25:16.621","Info","Arena",1,"Exit_Zone",4
"000:25:16.621","Info","Arena",1,"Enter_Zone",2
"000:25:46.712","Info","Arena",1,"Exit_Zone",2
"000:25:46.712","Info","Arena",1,"Enter_Zone",4
"000:25:47.281","Info","Arena",1,"Exit_Zone",4
"000:25:47.281","Info","Arena",1,"Enter_Zone",1
"000:25:51.543","Info","Arena",1,"Exit_Zone",1
"000:25:51.543","Info","Arena",1,"Enter_Zone",4
"000:25:53.176","Info","Arena",1,"Exit_Zone",4
"000:25:53.176","Info","Arena",1,"Enter_Zone",2
"000:25:55.946","Info","Arena",1,"Exit_Zone",2
"000:25:55.946","Info","Arena",1,"Enter_Zone",4
"000:25:56.576","Info","Arena",1,"Exit_Zone",4
"000:25:56.576","Info","Arena",1,"Enter_Zone",1
"000:26:02.075","Info","Arena",1,"Exit_Zone",1
"000:26:02.075","Info","Arena",1,"Enter_Zone",4
"000:26:02.874","Info","Arena",1,"Exit_Zone",4
"000:26:02.874","Info","Arena",1,"Enter_Zone",3
"000:26:12.539","Info","Arena",1,"Exit_Zone",3
"000:26:12.539","Info","Arena",1,"Enter_Zone",4
"000:26:13.339","Info","Arena",1,"Exit_Zone",4
"000:26:13.339","Info","Arena",1,"Enter_Zone",1
"000:26:15.942","Info","Arena",1,"Exit_Zone",1
"000:26:15.942","Info","Arena",1,"Enter_Zone",4
"000:26:16.442","Info","Arena",1,"Exit_Zone",4
"000:26:16.442","Info","Arena",1,"Enter_Zone",3
"000:26:21.171","Info","Arena",1,"Exit_Zone",3
"000:26:21.171","Info","Arena",1,"Enter_Zone",4
"000:26:21.971","Info","Arena",1,"Exit_Zone",4
"000:26:21.971","Info","Arena",1,"Enter_Zone",2
"000:26:36.034","Info","Arena",1,"Exit_Zone",2
"000:26:36.034","Info","Arena",1,"Enter_Zone",4
"000:26:36.438","Info","Arena",1,"Exit_Zone",4
"000:26:36.438","Info","Arena",1,"Enter_Zone",1
"000:26:39.234","Info","Arena",1,"Exit_Zone",1
"000:26:39.234","Info","Arena",1,"Enter_Zone",4
"000:26:39.734","Info","Arena",1,"Exit_Zone",4
"000:26:39.734","Info","Arena",1,"Enter_Zone",2
"000:26:49.500","Info","Arena",1,"Exit_Zone",2
"000:26:49.500","Info","Arena",1,"Enter_Zone",4
"000:26:50.232","Info","Arena",1,"Exit_Zone",4
"000:26:50.232","Info","Arena",1,"Enter_Zone",3
"000:26:56.900","Info","Arena",1,"Exit_Zone",3
"000:26:56.900","Info","Arena",1,"Enter_Zone",4
"000:26:57.498","Info","Arena",1,"Exit_Zone",4
"000:26:57.498","Info","Arena",1,"Enter_Zone",2
"000:27:06.128","Info","Arena",1,"Exit_Zone",2
"000:27:06.128","Info","Arena",1,"Enter_Zone",4
"000:27:07.496","Info","Arena",1,"Exit_Zone",4
"000:27:07.496","Info","Arena",1,"Enter_Zone",1
"000:27:08.128","Info","Arena",1,"Exit_Zone",1
"000:27:08.128","Info","Arena",1,"Enter_Zone",4
"000:27:09.395","Info","Arena",1,"Exit_Zone",4
"000:27:09.395","Info","Arena",1,"Enter_Zone",3
"000:27:12.431","Info","Arena",1,"Exit_Zone",3
"000:27:12.431","Info","Arena",1,"Enter_Zone",4
"000:27:13.560","Info","Arena",1,"Exit_Zone",4
"000:27:13.560","Info","Arena",1,"Enter_Zone",1
"000:27:17.027","Info","Arena",1,"Exit_Zone",1
"000:27:17.027","Info","Arena",1,"Enter_Zone",4
"000:27:17.930","Info","Arena",1,"Exit_Zone",4
"000:27:17.930","Info","Arena",1,"Enter_Zone",3
"000:27:50.320","Info","Arena",1,"Exit_Zone",3
"000:27:50.320","Info","Arena",1,"Enter_Zone",4
"000:27:51.554","Info","Arena",1,"Exit_Zone",4
"000:27:51.554","Info","Arena",1,"Enter_Zone",2
"000:28:07.649","Info","Arena",1,"Exit_Zone",2
"000:28:07.649","Info","Arena",1,"Enter_Zone",4
"000:28:08.550","Info","Arena",1,"Exit_Zone",4
"000:28:08.550","Info","Arena",1,"Enter_Zone",3
"000:28:14.252","Info","Arena",1,"Exit_Zone",3
"000:28:14.252","Info","Arena",1,"Enter_Zone",4
"000:28:14.883","Info","Arena",1,"Exit_Zone",4
"000:28:14.883","Info","Arena",1,"Enter_Zone",2
"000:28:35.844","Info","Arena",1,"Exit_Zone",2
"000:28:35.844","Info","Arena",1,"Enter_Zone",4
"000:28:36.878","Info","Arena",1,"Exit_Zone",4
"000:28:36.878","Info","Arena",1,"Enter_Zone",2
"000:28:43.442","Info","Arena",1,"Exit_Zone",2
"000:28:43.442","Info","Arena",1,"Enter_Zone",4
"000:28:44.677","Info","Arena",1,"Exit_Zone",4
"000:28:44.677","Info","Arena",1,"Enter_Zone",2
"000:28:51.941","Info","Arena",1,"Exit_Zone",2
"000:28:51.941","Info","Arena",1,"Enter_Zone",4
"000:28:52.875","Info","Arena",1,"Exit_Zone",4
"000:28:52.875","Info","Arena",1,"Enter_Zone",3
"000:29:01.576","Info","Arena",1,"Exit_Zone",3
"000:29:01.576","Info","Arena",1,"Enter_Zone",4
"000:29:02.409","Info","Arena",1,"Exit_Zone",4
"000:29:02.409","Info","Arena",1,"Enter_Zone",1
"000:29:13.770","Info","Arena",1,"Exit_Zone",1
"000:29:13.770","Info","Arena",1,"Enter_Zone",4
"000:29:15.075","Info","Arena",1,"Exit_Zone",4
"000:29:15.075","Info","Arena",1,"Enter_Zone",2
"000:29:18.602","Info","Arena",1,"Exit_Zone",2
"000:29:18.602","Info","Arena",1,"Enter_Zone",4
"000:29:19.202","Info","Arena",1,"Exit_Zone",4
"000:29:19.202","Info","Arena",1,"Enter_Zone",1
"000:29:22.701","Info","Arena",1,"Exit_Zone",1
"000:29:22.701","Info","Arena",1,"Enter_Zone",4
"000:29:23.572","Info","Arena",1,"Exit_Zone",4
"000:29:23.572","Info","Arena",1,"Enter_Zone",2
"000:29:26.334","Info","Arena",1,"Exit_Zone",2
"000:29:26.334","Info","Arena",1,"Enter_Zone",4
"000:29:26.906","Info","Arena",1,"Exit_Zone",4
"000:29:26.906","Info","Arena",1,"Enter_Zone",1
"000:29:35.099","Info","Arena",1,"Exit_Zone",1
"000:29:35.099","Info","Arena",1,"Enter_Zone",4
"000:29:35.799","Info","Arena",1,"Exit_Zone",4
"000:29:35.799","Info","Arena",1,"Enter_Zone",2
"000:29:45.763","Info","Arena",1,"Exit_Zone",2
"000:29:45.763","Info","Arena",1,"Enter_Zone",4
"000:29:46.234","Info","Arena",1,"Exit_Zone",4
"000:29:46.234","Info","Arena",1,"Enter_Zone",1
"000:29:50.264","Info","Arena",1,"Exit_Zone",1
"000:29:50.264","Info","Arena",1,"Enter_Zone",4
"000:29:52.129","Info","Arena",1,"Exit_Zone",4
"000:29:52.129","Info","Arena",1,"Enter_Zone",1
"000:29:58.161","Info","Arena",1,"Exit_Zone",1
"000:29:58.161","Info","Arena",1,"Enter_Zone",4
"000:29:59.427","Info","Arena",1,"Exit_Zone",4
"000:29:59.427","Info","Arena",1,"Enter_Zone",2
"000:30:11.525","Info","Arena",1,"Exit_Zone",2
"000:30:11.525","Info","Arena",1,"Enter_Zone",4
"000:30:11.625","Info","Arena",1,"Exit_Zone",4
"000:30:11.625","Info","Arena",1,"Enter_Zone",2
"000:30:30.892","Info","Arena",1,"Exit_Zone",2
"000:30:30.892","Info","Arena",1,"Enter_Zone",4
"000:30:31.288","Info","Arena",1,"Exit_Zone",4
"000:30:31.288","Info","Arena",1,"Enter_Zone",3
"000:30:41.654","Info","Arena",1,"Exit_Zone",3
"000:30:41.654","Info","Arena",1,"Enter_Zone",4
"000:30:42.454","Info","Arena",1,"Exit_Zone",4
"000:30:42.454","Info","Arena",1,"Enter_Zone",2
"000:30:45.985","Info","Arena",1,"Exit_Zone",2
"000:30:45.985","Info","Arena",1,"Enter_Zone",4
"000:30:46.285","Info","Arena",1,"Exit_Zone",4
"000:30:46.285","Info","Arena",1,"Enter_Zone",3
"000:30:56.518","Info","Arena",1,"Exit_Zone",3
"000:30:56.518","Info","Arena",1,"Enter_Zone",4
"000:30:56.983","Info","Arena",1,"Exit_Zone",4
"000:30:56.983","Info","Arena",1,"Enter_Zone",2
"000:31:03.415","Info","Arena",1,"Exit_Zone",2
"000:31:03.415","Info","Arena",1,"Enter_Zone",4
"000:31:03.948","Info","Arena",1,"Exit_Zone",4
"000:31:03.948","Info","Arena",1,"Enter_Zone",3
"000:31:07.248","Info","Arena",1,"Exit_Zone",3
"000:31:07.248","Info","Arena",1,"Enter_Zone",4
"000:31:07.747","Info","Arena",1,"Exit_Zone",4
"000:31:07.747","Info","Arena",1,"Enter_Zone",2
"000:31:16.312","Info","Arena",1,"Exit_Zone",2
"000:31:16.312","Info","Arena",1,"Enter_Zone",4
"000:31:16.745","Info","Arena",1,"Exit_Zone",4
"000:31:16.745","Info","Arena",1,"Enter_Zone",3
"000:31:38.608","Info","Arena",1,"Exit_Zone",3
"000:31:38.608","Info","Arena",1,"Enter_Zone",4
"000:31:39.046","Info","Arena",1,"Exit_Zone",4
"000:31:39.046","Info","Arena",1,"Enter_Zone",2
"000:31:43.507","Info","Arena",1,"Exit_Zone",2
"000:31:43.507","Info","Arena",1,"Enter_Zone",4
"000:31:43.877","Info","Arena",1,"Exit_Zone",4
"000:31:43.877","Info","Arena",1,"Enter_Zone",3
"000:31:52.875","Info","Arena",1,"Exit_Zone",3
"000:31:52.875","Info","Arena",1,"Enter_Zone",4
"000:31:53.339","Info","Arena",1,"Exit_Zone",4
"000:31:53.339","Info","Arena",1,"Enter_Zone",2
"000:32:13.835","Info","Arena",1,"Exit_Zone",2
"000:32:13.835","Info","Arena",1,"Enter_Zone",4
"000:32:14.501","Info","Arena",1,"Exit_Zone",4
"000:32:14.501","Info","Arena",1,"Enter_Zone",3
"000:32:19.466","Info","Arena",1,"Exit_Zone",3
"000:32:19.466","Info","Arena",1,"Enter_Zone",4
"000:32:20.067","Info","Arena",1,"Exit_Zone",4
"000:32:20.067","Info","Arena",1,"Enter_Zone",2
"000:32:30.465","Info","Arena",1,"Exit_Zone",2
"000:32:30.465","Info","Arena",1,"Enter_Zone",4
"000:32:30.832","Info","Arena",1,"Exit_Zone",4
"000:32:30.832","Info","Arena",1,"Enter_Zone",1
"000:32:34.897","Info","Arena",1,"Exit_Zone",1
"000:32:34.897","Info","Arena",1,"Enter_Zone",4
"000:32:35.534","Info","Arena",1,"Exit_Zone",4
"000:32:35.534","Info","Arena",1,"Enter_Zone",2
"000:32:35.897","Info","Arena",1,"Exit_Zone",2
"000:32:35.897","Info","Arena",1,"Enter_Zone",4
"000:32:36.200","Info","Arena",1,"Exit_Zone",4
"000:32:36.200","Info","Arena",1,"Enter_Zone",1
"000:32:47.794","Info","Arena",1,"Exit_Zone",1
"000:32:47.794","Info","Arena",1,"Enter_Zone",4
"000:32:48.994","Info","Arena",1,"Exit_Zone",4
"000:32:48.994","Info","Arena",1,"Enter_Zone",1
"000:32:52.927","Info","Arena",1,"Exit_Zone",1
"000:32:52.927","Info","Arena",1,"Enter_Zone",4
"000:32:53.531","Info","Arena",1,"Exit_Zone",4
"000:32:53.531","Info","Arena",1,"Enter_Zone",2
"000:32:58.529","Info","Arena",1,"Exit_Zone",2
"000:32:58.529","Info","Arena",1,"Enter_Zone",4
"000:32:59.196","Info","Arena",1,"Exit_Zone",4
"000:32:59.196","Info","Arena",1,"Enter_Zone",1
"000:33:05.724","Info","Arena",1,"Exit_Zone",1
"000:33:05.724","Info","Arena",1,"Enter_Zone",4
"000:33:06.194","Info","Arena",1,"Exit_Zone",4
"000:33:06.194","Info","Arena",1,"Enter_Zone",3
"000:33:13.989","Info","Arena",1,"Exit_Zone",3
"000:33:13.989","Info","Arena",1,"Enter_Zone",4
"000:33:14.359","Info","Arena",1,"Exit_Zone",4
"000:33:14.359","Info","Arena",1,"Enter_Zone",1
"000:33:21.191","Info","Arena",1,"Exit_Zone",1
"000:33:21.191","Info","Arena",1,"Enter_Zone",4
"000:33:21.487","Info","Arena",1,"Exit_Zone",4
"000:33:21.487","Info","Arena",1,"Enter_Zone",2
"000:33:27.523","Info","Arena",1,"Exit_Zone",2
"000:33:27.523","Info","Arena",1,"Enter_Zone",4
"000:33:27.986","Info","Arena",1,"Exit_Zone",4
"000:33:27.986","Info","Arena",1,"Enter_Zone",1
"000:33:31.319","Info","Arena",1,"Exit_Zone",1
"000:33:31.319","Info","Arena",1,"Enter_Zone",4
"000:33:31.985","Info","Arena",1,"Exit_Zone",4
"000:33:31.985","Info","Arena",1,"Enter_Zone",2
"000:33:41.984","Info","Arena",1,"Exit_Zone",2
"000:33:41.984","Info","Arena",1,"Enter_Zone",4
"000:33:42.916","Info","Arena",1,"Exit_Zone",4
"000:33:42.916","Info","Arena",1,"Enter_Zone",1
"000:33:50.315","Info","Arena",1,"Exit_Zone",1
"000:33:50.315","Info","Arena",1,"Enter_Zone",4
"000:33:50.686","Info","Arena",1,"Exit_Zone",4
"000:33:50.686","Info","Arena",1,"Enter_Zone",2
"000:33:56.184","Info","Arena",1,"Exit_Zone",2
"000:33:56.184","Info","Arena",1,"Enter_Zone",4
"000:33:56.548","Info","Arena",1,"Exit_Zone",4
"000:33:56.548","Info","Arena",1,"Enter_Zone",1
"000:34:03.616","Info","Arena",1,"Exit_Zone",1
"000:34:03.616","Info","Arena",1,"Enter_Zone",4
"000:34:04.279","Info","Arena",1,"Exit_Zone",4
"000:34:04.279","Info","Arena",1,"Enter_Zone",2
"000:34:37.439","Info","Arena",1,"Exit_Zone",2
"000:34:37.439","Info","Arena",1,"Enter_Zone",4
"000:34:37.843","Info","Arena",1,"Exit_Zone",4
"000:34:37.843","Info","Arena",1,"Enter_Zone",1
"000:34:39.972","Info","Arena",1,"Exit_Zone",1
"000:34:39.972","Info","Arena",1,"Enter_Zone",4
"000:34:40.206","Info","Arena",1,"Exit_Zone",4
"000:34:40.206","Info","Arena",1,"Enter_Zone",2
"000:34:54.603","Info","Arena",1,"Exit_Zone",2
"000:34:54.603","Info","Arena",1,"Enter_Zone",4
"000:34:55.007","Info","Arena",1,"Exit_Zone",4
"000:34:55.007","Info","Arena",1,"Enter_Zone",1
"000:35:02.671","Info","Arena",1,"Exit_Zone",1
"000:35:02.671","Info","Arena",1,"Enter_Zone",4
"000:35:02.934","Info","Arena",1,"Exit_Zone",4
"000:35:02.934","Info","Arena",1,"Enter_Zone",2
"000:35:37.831","Info","Arena",1,"Exit_Zone",2
"000:35:37.831","Info","Arena",1,"Enter_Zone",4
"000:35:38.294","Info","Arena",1,"Exit_Zone",4
"000:35:38.294","Info","Arena",1,"Enter_Zone",1
"000:35:41.126","Info","Arena",1,"Exit_Zone",1
"000:35:41.126","Info","Arena",1,"Enter_Zone",4
"000:35:41.426","Info","Arena",1,"Exit_Zone",4
"000:35:41.426","Info","Arena",1,"Enter_Zone",2
"000:35:44.226","Info","Arena",1,"Exit_Zone",2
"000:35:44.226","Info","Arena",1,"Enter_Zone",4
"000:35:44.559","Info","Arena",1,"Exit_Zone",4
"000:35:44.559","Info","Arena",1,"Enter_Zone",1
"000:35:47.525","Info","Arena",1,"Exit_Zone",1
"000:35:47.525","Info","Arena",1,"Enter_Zone",4
"000:35:47.793","Info","Arena",1,"Exit_Zone",4
"000:35:47.793","Info","Arena",1,"Enter_Zone",2
"000:35:51.291","Info","Arena",1,"Exit_Zone",2
"000:35:51.291","Info","Arena",1,"Enter_Zone",4
"000:35:51.724","Info","Arena",1,"Exit_Zone",4
"000:35:51.724","Info","Arena",1,"Enter_Zone",1
"000:35:53.828","Info","Arena",1,"Exit_Zone",1
"000:35:53.828","Info","Arena",1,"Enter_Zone",4
"000:35:54.393","Info","Arena",1,"Exit_Zone",4
"000:35:54.393","Info","Arena",1,"Enter_Zone",2
"000:36:24.018","Info","Arena",1,"Exit_Zone",2
"000:36:24.018","Info","Arena",1,"Enter_Zone",4
"000:36:24.618","Info","Arena",1,"Exit_Zone",4
"000:36:24.618","Info","Arena",1,"Enter_Zone",1
"000:36:26.717","Info","Arena",1,"Exit_Zone",1
"000:36:26.717","Info","Arena",1,"Enter_Zone",4
"000:36:27.321","Info","Arena",1,"Exit_Zone",4
"000:36:27.321","Info","Arena",1,"Enter_Zone",2
"000:36:31.185","Info","Arena",1,"Exit_Zone",2
"000:36:31.185","Info","Arena",1,"Enter_Zone",4
"000:36:31.487","Info","Arena",1,"Exit_Zone",4
"000:36:31.487","Info","Arena",1,"Enter_Zone",1
"000:36:32.749","Info","Arena",1,"Exit_Zone",1
"000:36:32.749","Info","Arena",1,"Enter_Zone",4
"000:36:32.949","Info","Arena",1,"Exit_Zone",4
"000:36:32.949","Info","Arena",1,"Enter_Zone",2
"000:36:42.747","Info","Arena",1,"Exit_Zone",2
"000:36:42.747","Info","Arena",1,"Enter_Zone",4
"000:36:43.248","Info","Arena",1,"Exit_Zone",4
"000:36:43.248","Info","Arena",1,"Enter_Zone",1
"000:36:47.013","Info","Arena",1,"Exit_Zone",1
"000:36:47.013","Info","Arena",1,"Enter_Zone",4
"000:36:47.213","Info","Arena",1,"Exit_Zone",4
"000:36:47.213","Info","Arena",1,"Enter_Zone",2
"000:37:01.877","Info","Arena",1,"Exit_Zone",2
"000:37:01.877","Info","Arena",1,"Enter_Zone",4
"000:37:02.378","Info","Arena",1,"Exit_Zone",4
"000:37:02.378","Info","Arena",1,"Enter_Zone",1
"000:37:04.944","Info","Arena",1,"Exit_Zone",1
"000:37:04.944","Info","Arena",1,"Enter_Zone",4
"000:37:05.610","Info","Arena",1,"Exit_Zone",4
"000:37:05.610","Info","Arena",1,"Enter_Zone",2
"000:38:09.864","Info","Arena",1,"Exit_Zone",2
"000:38:09.864","Info","Arena",1,"Enter_Zone",4
"000:38:10.663","Info","Arena",1,"Exit_Zone",4
"000:38:10.663","Info","Arena",1,"Enter_Zone",2
"000:38:23.631","Info","Arena",1,"Exit_Zone",2
"000:38:23.631","Info","Arena",1,"Enter_Zone",4
"000:38:24.194","Info","Arena",1,"Exit_Zone",4
"000:38:24.194","Info","Arena",1,"Enter_Zone",1
"000:38:24.798","Info","Arena",1,"Exit_Zone",1
"000:38:24.798","Info","Arena",1,"Enter_Zone",4
"000:38:25.527","Info","Arena",1,"Exit_Zone",4
"000:38:25.527","Info","Arena",1,"Enter_Zone",2
"000:38:32.692","Info","Arena",1,"Exit_Zone",2
"000:38:32.692","Info","Arena",1,"Enter_Zone",4
"000:38:33.059","Info","Arena",1,"Exit_Zone",4
"000:38:33.059","Info","Arena",1,"Enter_Zone",1
"000:38:42.424","Info","Arena",1,"Exit_Zone",1
"000:38:42.424","Info","Arena",1,"Enter_Zone",4
"000:38:43.461","Info","Arena",1,"Exit_Zone",4
"000:38:43.461","Info","Arena",1,"Enter_Zone",2
"000:38:46.723","Info","Arena",1,"Exit_Zone",2
"000:38:46.723","Info","Arena",1,"Enter_Zone",4
"000:38:47.157","Info","Arena",1,"Exit_Zone",4
"000:38:47.157","Info","Arena",1,"Enter_Zone",1
"000:38:51.022","Info","Arena",1,"Exit_Zone",1
"000:38:51.022","Info","Arena",1,"Enter_Zone",4
"000:38:51.356","Info","Arena",1,"Exit_Zone",4
"000:38:51.356","Info","Arena",1,"Enter_Zone",2
"000:38:55.723","Info","Arena",1,"Exit_Zone",2
"000:38:55.723","Info","Arena",1,"Enter_Zone",4
"000:38:55.921","Info","Arena",1,"Exit_Zone",4
"000:38:55.921","Info","Arena",1,"Enter_Zone",1
"000:38:56.721","Info","Arena",1,"Exit_Zone",1
"000:38:56.721","Info","Arena",1,"Enter_Zone",4
"000:38:56.888","Info","Arena",1,"Exit_Zone",4
"000:38:56.888","Info","Arena",1,"Enter_Zone",2
"000:39:12.584","Info","Arena",1,"Exit_Zone",2
"000:39:12.584","Info","Arena",1,"Enter_Zone",4
"000:39:13.018","Info","Arena",1,"Exit_Zone",4
"000:39:13.018","Info","Arena",1,"Enter_Zone",1
"000:39:19.083","Info","Arena",1,"Exit_Zone",1
"000:39:19.083","Info","Arena",1,"Enter_Zone",4
"000:39:19.717","Info","Arena",1,"Exit_Zone",4
"000:39:19.717","Info","Arena",1,"Enter_Zone",2
"000:39:49.510","Info","Arena",1,"Exit_Zone",2
"000:39:49.510","Info","Arena",1,"Enter_Zone",4
"000:39:49.844","Info","Arena",1,"Exit_Zone",4
"000:39:49.844","Info","Arena",1,"Enter_Zone",1
"000:39:51.877","Info","Arena",1,"Exit_Zone",1
"000:39:51.877","Info","Arena",1,"Enter_Zone",4
"000:39:52.177","Info","Arena",1,"Exit_Zone",4
"000:39:52.177","Info","Arena",1,"Enter_Zone",2
"000:41:23.492","Info","Arena",1,"Exit_Zone",2
"000:41:23.492","Info","Arena",1,"Enter_Zone",4
"000:41:23.792","Info","Arena",1,"Exit_Zone",4
"000:41:23.792","Info","Arena",1,"Enter_Zone",1
"000:41:24.458","Info","Arena",1,"Exit_Zone",1
"000:41:24.458","Info","Arena",1,"Enter_Zone",4
"000:41:25.025","Info","Arena",1,"Exit_Zone",4
"000:41:25.025","Info","Arena",1,"Enter_Zone",2
"000:41:44.355","Info","Arena",1,"Exit_Zone",2
"000:41:44.355","Info","Arena",1,"Enter_Zone",4
"000:41:44.788","Info","Arena",1,"Exit_Zone",4
"000:41:44.788","Info","Arena",1,"Enter_Zone",1
"000:41:48.121","Info","Arena",1,"Exit_Zone",1
"000:41:48.121","Info","Arena",1,"Enter_Zone",4
"000:41:48.521","Info","Arena",1,"Exit_Zone",4
"000:41:48.521","Info","Arena",1,"Enter_Zone",2
"000:41:55.589","Info","Arena",1,"Exit_Zone",2
"000:41:55.589","Info","Arena",1,"Enter_Zone",4
"000:41:56.185","Info","Arena",1,"Exit_Zone",4
"000:41:56.185","Info","Arena",1,"Enter_Zone",1
"000:42:01.651","Info","Arena",1,"Exit_Zone",1
"000:42:01.651","Info","Arena",1,"Enter_Zone",4
"000:42:02.588","Info","Arena",1,"Exit_Zone",4
"000:42:02.588","Info","Arena",1,"Enter_Zone",3
"000:42:07.050","Info","Arena",1,"Exit_Zone",3
"000:42:07.050","Info","Arena",1,"Enter_Zone",4
"000:42:07.754","Info","Arena",1,"Exit_Zone",4
"000:42:07.754","Info","Arena",1,"Enter_Zone",1
"000:42:10.482","Info","Arena",1,"Exit_Zone",1
"000:42:10.482","Info","Arena",1,"Enter_Zone",4
"000:42:11.117","Info","Arena",1,"Exit_Zone",4
"000:42:11.117","Info","Arena",1,"Enter_Zone",3
"000:42:18.281","Info","Arena",1,"Exit_Zone",3
"000:42:18.281","Info","Arena",1,"Enter_Zone",4
"000:42:18.814","Info","Arena",1,"Exit_Zone",4
"000:42:18.814","Info","Arena",1,"Enter_Zone",1
"000:42:19.214","Info","Arena",1,"Exit_Zone",1
"000:42:19.214","Info","Arena",1,"Enter_Zone",4
"000:42:19.716","Info","Arena",1,"Exit_Zone",4
"000:42:19.716","Info","Arena",1,"Enter_Zone",3
"000:42:25.250","Info","Arena",1,"Exit_Zone",3
"000:42:25.250","Info","Arena",1,"Enter_Zone",4
"000:42:25.918","Info","Arena",1,"Exit_Zone",4
"000:42:25.918","Info","Arena",1,"Enter_Zone",2
"000:42:28.917","Info","Arena",1,"Exit_Zone",2
"000:42:28.917","Info","Arena",1,"Enter_Zone",4
"000:42:29.612","Info","Arena",1,"Exit_Zone",4
"000:42:29.612","Info","Arena",1,"Enter_Zone",1
"000:42:32.045","Info","Arena",1,"Exit_Zone",1
"000:42:32.045","Info","Arena",1,"Enter_Zone",4
"000:42:32.582","Info","Arena",1,"Exit_Zone",4
"000:42:32.582","Info","Arena",1,"Enter_Zone",3
"000:42:42.443","Info","Arena",1,"Exit_Zone",3
"000:42:42.443","Info","Arena",1,"Enter_Zone",4
"000:42:42.976","Info","Arena",1,"Exit_Zone",4
"000:42:42.976","Info","Arena",1,"Enter_Zone",1
"000:42:48.042","Info","Arena",1,"Exit_Zone",1
"000:42:48.042","Info","Arena",1,"Enter_Zone",4
"000:42:48.709","Info","Arena",1,"Exit_Zone",4
"000:42:48.709","Info","Arena",1,"Enter_Zone",3
"000:42:51.942","Info","Arena",1,"Exit_Zone",3
"000:42:51.942","Info","Arena",1,"Enter_Zone",4
"000:42:52.641","Info","Arena",1,"Exit_Zone",4
"000:42:52.641","Info","Arena",1,"Enter_Zone",1
"000:42:55.640","Info","Arena",1,"Exit_Zone",1
"000:42:55.640","Info","Arena",1,"Enter_Zone",4
"000:42:56.373","Info","Arena",1,"Exit_Zone",4
"000:42:56.373","Info","Arena",1,"Enter_Zone",3
"000:42:59.173","Info","Arena",1,"Exit_Zone",3
"000:42:59.173","Info","Arena",1,"Enter_Zone",4
"000:42:59.707","Info","Arena",1,"Exit_Zone",4
"000:42:59.707","Info","Arena",1,"Enter_Zone",1
"000:43:02.206","Info","Arena",1,"Exit_Zone",1
"000:43:02.206","Info","Arena",1,"Enter_Zone",4
"000:43:02.539","Info","Arena",1,"Exit_Zone",4
"000:43:02.539","Info","Arena",1,"Enter_Zone",3
"000:43:04.638","Info","Arena",1,"Exit_Zone",3
"000:43:04.638","Info","Arena",1,"Enter_Zone",4
"000:43:04.838","Info","Arena",1,"Exit_Zone",4
"000:43:04.838","Info","Arena",1,"Enter_Zone",1
"000:43:05.805","Info","Arena",1,"Exit_Zone",1
"000:43:05.805","Info","Arena",1,"Enter_Zone",4
"000:43:05.972","Info","Arena",1,"Exit_Zone",4
"000:43:05.972","Info","Arena",1,"Enter_Zone",3
"000:43:06.272","Info","Arena",1,"Exit_Zone",3
"000:43:06.272","Info","Arena",1,"Enter_Zone",4
"000:43:06.506","Info","Arena",1,"Exit_Zone",4
"000:43:06.506","Info","Arena",1,"Enter_Zone",1
"000:43:21.035","Info","Arena",1,"Exit_Zone",1
"000:43:21.035","Info","Arena",1,"Enter_Zone",4
"000:43:21.668","Info","Arena",1,"Exit_Zone",4
"000:43:21.668","Info","Arena",1,"Enter_Zone",3
"000:43:24.035","Info","Arena",1,"Exit_Zone",3
"000:43:24.035","Info","Arena",1,"Enter_Zone",4
"000:43:24.738","Info","Arena",1,"Exit_Zone",4
"000:43:24.738","Info","Arena",1,"Enter_Zone",1
"000:43:29.905","Info","Arena",1,"Exit_Zone",1
"000:43:29.905","Info","Arena",1,"Enter_Zone",4
"000:43:30.701","Info","Arena",1,"Exit_Zone",4
"000:43:30.701","Info","Arena",1,"Enter_Zone",3
"000:43:33.403","Info","Arena",1,"Exit_Zone",3
"000:43:33.403","Info","Arena",1,"Enter_Zone",4
"000:43:33.999","Info","Arena",1,"Exit_Zone",4
"000:43:33.999","Info","Arena",1,"Enter_Zone",1
"000:43:38.133","Info","Arena",1,"Exit_Zone",1
"000:43:38.133","Info","Arena",1,"Enter_Zone",4
"000:43:38.598","Info","Arena",1,"Exit_Zone",4
"000:43:38.598","Info","Arena",1,"Enter_Zone",2
"000:43:42.864","Info","Arena",1,"Exit_Zone",2
"000:43:42.864","Info","Arena",1,"Enter_Zone",4
"000:43:43.164","Info","Arena",1,"Exit_Zone",4
"000:43:43.164","Info","Arena",1,"Enter_Zone",1
"000:44:01.027","Info","Arena",1,"Exit_Zone",1
"000:44:01.027","Info","Arena",1,"Enter_Zone",4
"000:44:01.899","Info","Arena",1,"Exit_Zone",4
"000:44:01.899","Info","Arena",1,"Enter_Zone",3
"000:44:04.427","Info","Arena",1,"Exit_Zone",3
"000:44:04.427","Info","Arena",1,"Enter_Zone",4
"000:44:04.960","Info","Arena",1,"Exit_Zone",4
"000:44:04.960","Info","Arena",1,"Enter_Zone",1
"000:44:11.396","Info","Arena",1,"Exit_Zone",1
"000:44:11.396","Info","Arena",1,"Enter_Zone",4
"000:44:11.525","Info","Arena",1,"Exit_Zone",4
"000:44:11.525","Info","Arena",1,"Enter_Zone",1
"000:44:16.561","Info","Arena",1,"Exit_Zone",1
"000:44:16.561","Info","Arena",1,"Enter_Zone",4
"000:44:16.824","Info","Arena",1,"Exit_Zone",4
"000:44:16.824","Info","Arena",1,"Enter_Zone",3
"000:44:17.324","Info","Arena",1,"Exit_Zone",3
"000:44:17.324","Info","Arena",1,"Enter_Zone",4
"000:44:17.524","Info","Arena",1,"Exit_Zone",4
"000:44:17.524","Info","Arena",1,"Enter_Zone",1
"000:44:19.191","Info","Arena",1,"Exit_Zone",1
"000:44:19.191","Info","Arena",1,"Enter_Zone",4
"000:44:19.394","Info","Arena",1,"Exit_Zone",4
"000:44:19.394","Info","Arena",1,"Enter_Zone",2
"000:45:40.908","Info","Arena",1,"Exit_Zone",2
"000:45:40.908","Info","Arena",1,"Enter_Zone",4
"000:45:41.441","Info","Arena",1,"Exit_Zone",4
"000:45:41.441","Info","Arena",1,"Enter_Zone",3
"000:45:44.240","Info","Arena",1,"Exit_Zone",3
"000:45:44.240","Info","Arena",1,"Enter_Zone",4
"000:45:44.711","Info","Arena",1,"Exit_Zone",4
"000:45:44.711","Info","Arena",1,"Enter_Zone",1
"000:45:56.208","Info","Arena",1,"Exit_Zone",1
"000:45:56.208","Info","Arena",1,"Enter_Zone",4
"000:45:56.971","Info","Arena",1,"Exit_Zone",4
"000:45:56.971","Info","Arena",1,"Enter_Zone",3
"000:46:04.903","Info","Arena",1,"Exit_Zone",3
"000:46:04.903","Info","Arena",1,"Enter_Zone",4
"000:46:05.436","Info","Arena",1,"Exit_Zone",4
"000:46:05.436","Info","Arena",1,"Enter_Zone",1
"000:46:13.134","Info","Arena",1,"Exit_Zone",1
"000:46:13.134","Info","Arena",1,"Enter_Zone",4
"000:46:13.872","Info","Arena",1,"Exit_Zone",4
"000:46:13.872","Info","Arena",1,"Enter_Zone",3
"000:46:17.038","Info","Arena",1,"Exit_Zone",3
"000:46:17.038","Info","Arena",1,"Enter_Zone",4
"000:46:17.634","Info","Arena",1,"Exit_Zone",4
"000:46:17.634","Info","Arena",1,"Enter_Zone",1
"000:46:25.268","Info","Arena",1,"Exit_Zone",1
"000:46:25.268","Info","Arena",1,"Enter_Zone",4
"000:46:25.765","Info","Arena",1,"Exit_Zone",4
"000:46:25.765","Info","Arena",1,"Enter_Zone",2
"000:46:55.893","Info","Arena",1,"Exit_Zone",2
"000:46:55.893","Info","Arena",1,"Enter_Zone",4
"000:46:56.426","Info","Arena",1,"Exit_Zone",4
"000:46:56.426","Info","Arena",1,"Enter_Zone",3
"000:47:01.029","Info","Arena",1,"Exit_Zone",3
"000:47:01.029","Info","Arena",1,"Enter_Zone",4
"000:47:01.725","Info","Arena",1,"Exit_Zone",4
"000:47:01.725","Info","Arena",1,"Enter_Zone",2
"000:47:13.823","Info","Arena",1,"Exit_Zone",2
"000:47:13.823","Info","Arena",1,"Enter_Zone",4
"000:47:14.322","Info","Arena",1,"Exit_Zone",4
"000:47:14.322","Info","Arena",1,"Enter_Zone",3
"000:47:16.089","Info","Arena",1,"Exit_Zone",3
"000:47:16.089","Info","Arena",1,"Enter_Zone",4
"000:47:16.692","Info","Arena",1,"Exit_Zone",4
"000:47:16.692","Info","Arena",1,"Enter_Zone",1
"000:47:23.691","Info","Arena",1,"Exit_Zone",1
"000:47:23.691","Info","Arena",1,"Enter_Zone",4
"000:47:24.524","Info","Arena",1,"Exit_Zone",4
"000:47:24.524","Info","Arena",1,"Enter_Zone",2
"000:47:49.149","Info","Arena",1,"Exit_Zone",2
"000:47:49.149","Info","Arena",1,"Enter_Zone",4
"000:47:49.549","Info","Arena",1,"Exit_Zone",4
"000:47:49.549","Info","Arena",1,"Enter_Zone",1
"000:47:52.882","Info","Arena",1,"Exit_Zone",1
"000:47:52.882","Info","Arena",1,"Enter_Zone",4
"000:47:53.381","Info","Arena",1,"Exit_Zone",4
"000:47:53.381","Info","Arena",1,"Enter_Zone",2
"000:48:41.272","Info","Arena",1,"Exit_Zone",2
"000:48:41.272","Info","Arena",1,"Enter_Zone",4
"000:48:41.938","Info","Arena",1,"Exit_Zone",4
"000:48:41.938","Info","Arena",1,"Enter_Zone",1
"000:48:46.508","Info","Arena",1,"Exit_Zone",1
"000:48:46.508","Info","Arena",1,"Enter_Zone",4
"000:48:49.070","Info","Arena",1,"Exit_Zone",4
"000:48:49.070","Info","Arena",1,"Enter_Zone",2
"000:50:07.055","Info","Arena",1,"Exit_Zone",2
"000:50:07.055","Info","Arena",1,"Enter_Zone",4
"000:50:07.622","Info","Arena",1,"Exit_Zone",4
"000:50:07.622","Info","Arena",1,"Enter_Zone",3
"000:50:17.386","Info","Arena",1,"Exit_Zone",3
"000:50:17.386","Info","Arena",1,"Enter_Zone",4
"000:50:18.119","Info","Arena",1,"Exit_Zone",4
"000:50:18.119","Info","Arena",1,"Enter_Zone",2
"000:50:19.886","Info","Arena",1,"Exit_Zone",2
"000:50:19.886","Info","Arena",1,"Enter_Zone",4
"000:50:20.252","Info","Arena",1,"Exit_Zone",4
"000:50:20.252","Info","Arena",1,"Enter_Zone",3
"000:50:22.385","Info","Arena",1,"Exit_Zone",3
"000:50:22.385","Info","Arena",1,"Enter_Zone",4
"000:50:22.785","Info","Arena",1,"Exit_Zone",4
"000:50:22.785","Info","Arena",1,"Enter_Zone",2
"000:50:55.345","Info","Arena",1,"Exit_Zone",2
"000:50:55.345","Info","Arena",1,"Enter_Zone",4
"000:50:56.649","Info","Arena",1,"Exit_Zone",4
"000:50:56.649","Info","Arena",1,"Enter_Zone",3
"000:51:03.277","Info","Arena",1,"Exit_Zone",3
"000:51:03.277","Info","Arena",1,"Enter_Zone",4
"000:51:03.677","Info","Arena",1,"Exit_Zone",4
"000:51:03.677","Info","Arena",1,"Enter_Zone",2
"000:51:08.646","Info","Arena",1,"Exit_Zone",2
"000:51:08.646","Info","Arena",1,"Enter_Zone",4
"000:51:09.042","Info","Arena",1,"Exit_Zone",4
"000:51:09.042","Info","Arena",1,"Enter_Zone",3
"000:51:13.479","Info","Arena",1,"Exit_Zone",3
"000:51:13.479","Info","Arena",1,"Enter_Zone",4
"000:51:13.941","Info","Arena",1,"Exit_Zone",4
"000:51:13.941","Info","Arena",1,"Enter_Zone",2
"000:51:36.704","Info","Arena",1,"Exit_Zone",2
"000:51:36.704","Info","Arena",1,"Enter_Zone",4
"000:51:37.670","Info","Arena",1,"Exit_Zone",4
"000:51:37.670","Info","Arena",1,"Enter_Zone",2
"000:51:43.769","Info","Arena",1,"Exit_Zone",2
"000:51:43.769","Info","Arena",1,"Enter_Zone",4
"000:51:44.004","Info","Arena",1,"Exit_Zone",4
"000:51:44.004","Info","Arena",1,"Enter_Zone",1
"000:51:49.734","Info","Arena",1,"Exit_Zone",1
"000:51:49.734","Info","Arena",1,"Enter_Zone",4
"000:51:50.035","Info","Arena",1,"Exit_Zone",4
"000:51:50.035","Info","Arena",1,"Enter_Zone",2
"000:51:54.667","Info","Arena",1,"Exit_Zone",2
"000:51:54.667","Info","Arena",1,"Enter_Zone",4
"000:51:55.334","Info","Arena",1,"Exit_Zone",4
"000:51:55.334","Info","Arena",1,"Enter_Zone",1
"000:52:02.032","Info","Arena",1,"Exit_Zone",1
"000:52:02.032","Info","Arena",1,"Enter_Zone",4
"000:52:02.533","Info","Arena",1,"Exit_Zone",4
"000:52:02.533","Info","Arena",1,"Enter_Zone",2
"000:52:38.492","Info","Arena",1,"Exit_Zone",2
"000:52:38.492","Info","Arena",1,"Enter_Zone",4
"000:52:39.425","Info","Arena",1,"Exit_Zone",4
"000:52:39.425","Info","Arena",1,"Enter_Zone",1
"000:52:40.091","Info","Arena",1,"Exit_Zone",1
"000:52:40.091","Info","Arena",1,"Enter_Zone",4
"000:52:40.691","Info","Arena",1,"Exit_Zone",4
"000:52:40.691","Info","Arena",1,"Enter_Zone",2
"000:52:43.157","Info","Arena",1,"Exit_Zone",2
"000:52:43.157","Info","Arena",1,"Enter_Zone",4
"000:52:43.857","Info","Arena",1,"Exit_Zone",4
"000:52:43.857","Info","Arena",1,"Enter_Zone",1
"000:52:48.723","Info","Arena",1,"Exit_Zone",1
"000:52:48.723","Info","Arena",1,"Enter_Zone",4
"000:52:49.627","Info","Arena",1,"Exit_Zone",4
"000:52:49.627","Info","Arena",1,"Enter_Zone",2
"000:52:54.055","Info","Arena",1,"Exit_Zone",2
"000:52:54.055","Info","Arena",1,"Enter_Zone",4
"000:52:54.488","Info","Arena",1,"Exit_Zone",4
"000:52:54.488","Info","Arena",1,"Enter_Zone",1
"000:52:57.589","Info","Arena",1,"Exit_Zone",1
"000:52:57.589","Info","Arena",1,"Enter_Zone",4
"000:52:57.958","Info","Arena",1,"Exit_Zone",4
"000:52:57.958","Info","Arena",1,"Enter_Zone",2
"000:53:02.487","Info","Arena",1,"Exit_Zone",2
"000:53:02.487","Info","Arena",1,"Enter_Zone",4
"000:53:03.053","Info","Arena",1,"Exit_Zone",4
"000:53:03.053","Info","Arena",1,"Enter_Zone",1
"000:53:06.153","Info","Arena",1,"Exit_Zone",1
"000:53:06.153","Info","Arena",1,"Enter_Zone",4
"000:53:07.520","Info","Arena",1,"Exit_Zone",4
"000:53:07.520","Info","Arena",1,"Enter_Zone",3
"000:53:16.684","Info","Arena",1,"Exit_Zone",3
"000:53:16.684","Info","Arena",1,"Enter_Zone",4
"000:53:17.517","Info","Arena",1,"Exit_Zone",4
"000:53:17.517","Info","Arena",1,"Enter_Zone",2
"000:53:17.717","Info","Arena",1,"Exit_Zone",2
"000:53:17.717","Info","Arena",1,"Enter_Zone",4
"000:53:18.484","Info","Arena",1,"Exit_Zone",4
"000:53:18.484","Info","Arena",1,"Enter_Zone",3
"000:53:24.549","Info","Arena",1,"Exit_Zone",3
"000:53:24.549","Info","Arena",1,"Enter_Zone",4
"000:53:26.049","Info","Arena",1,"Exit_Zone",4
"000:53:26.049","Info","Arena",1,"Enter_Zone",2
"000:53:52.477","Info","Arena",1,"Exit_Zone",2
"000:53:52.477","Info","Arena",1,"Enter_Zone",4
"000:53:52.910","Info","Arena",1,"Exit_Zone",4
"000:53:52.910","Info","Arena",1,"Enter_Zone",3
"000:53:57.309","Info","Arena",1,"Exit_Zone",3
"000:53:57.309","Info","Arena",1,"Enter_Zone",4
"000:53:57.781","Info","Arena",1,"Exit_Zone",4
"000:53:57.781","Info","Arena",1,"Enter_Zone",2
"000:53:59.376","Info","Arena",1,"Exit_Zone",2
"000:53:59.376","Info","Arena",1,"Enter_Zone",4
"000:53:59.742","Info","Arena",1,"Exit_Zone",4
"000:53:59.742","Info","Arena",1,"Enter_Zone",3
"000:54:05.041","Info","Arena",1,"Exit_Zone",3
"000:54:05.041","Info","Arena",1,"Enter_Zone",4
"000:54:05.575","Info","Arena",1,"Exit_Zone",4
"000:54:05.575","Info","Arena",1,"Enter_Zone",2
"000:54:10.277","Info","Arena",1,"Exit_Zone",2
"000:54:10.277","Info","Arena",1,"Enter_Zone",4
"000:54:10.673","Info","Arena",1,"Exit_Zone",4
"000:54:10.673","Info","Arena",1,"Enter_Zone",3
"000:54:14.374","Info","Arena",1,"Exit_Zone",3
"000:54:14.374","Info","Arena",1,"Enter_Zone",4
"000:54:14.839","Info","Arena",1,"Exit_Zone",4
"000:54:14.839","Info","Arena",1,"Enter_Zone",2
"000:54:48.567","Info","Arena",1,"Exit_Zone",2
"000:54:48.567","Info","Arena",1,"Enter_Zone",4
"000:54:49.699","Info","Arena",1,"Exit_Zone",4
"000:54:49.699","Info","Arena",1,"Enter_Zone",2
"000:55:41.888","Info","Arena",1,"Exit_Zone",2
"000:55:41.888","Info","Arena",1,"Enter_Zone",4
"000:55:42.426","Info","Arena",1,"Exit_Zone",4
"000:55:42.426","Info","Arena",1,"Enter_Zone",1
"000:55:47.221","Info","Arena",1,"Exit_Zone",1
"000:55:47.221","Info","Arena",1,"Enter_Zone",4
"000:55:48.054","Info","Arena",1,"Exit_Zone",4
"000:55:48.054","Info","Arena",1,"Enter_Zone",2
"000:56:00.018","Info","Arena",1,"Exit_Zone",2
"000:56:00.018","Info","Arena",1,"Enter_Zone",4
"000:56:00.685","Info","Arena",1,"Exit_Zone",4
"000:56:00.685","Info","Arena",1,"Enter_Zone",3
"000:56:03.517","Info","Arena",1,"Exit_Zone",3
"000:56:03.517","Info","Arena",1,"Enter_Zone",4
"000:56:04.152","Info","Arena",1,"Exit_Zone",4
"000:56:04.152","Info","Arena",1,"Enter_Zone",2
"000:56:09.552","Info","Arena",1,"Exit_Zone",2
"000:56:09.552","Info","Arena",1,"Enter_Zone",4
"000:56:10.016","Info","Arena",1,"Exit_Zone",4
"000:56:10.016","Info","Arena",1,"Enter_Zone",3
"000:56:17.549","Info","Arena",1,"Exit_Zone",3
"000:56:17.549","Info","Arena",1,"Enter_Zone",4
"000:56:18.015","Info","Arena",1,"Exit_Zone",4
"000:56:18.015","Info","Arena",1,"Enter_Zone",1
"000:56:29.547","Info","Arena",1,"Exit_Zone",1
"000:56:29.547","Info","Arena",1,"Enter_Zone",4
"000:56:31.878","Info","Arena",1,"Exit_Zone",4
"000:56:31.878","Info","Arena",1,"Enter_Zone",2
"000:57:23.868","Info","Arena",1,"Exit_Zone",2
"000:57:23.868","Info","Arena",1,"Enter_Zone",4
"000:57:24.405","Info","Arena",1,"Exit_Zone",4
"000:57:24.405","Info","Arena",1,"Enter_Zone",1
"000:57:33.167","Info","Arena",1,"Exit_Zone",1
"000:57:33.167","Info","Arena",1,"Enter_Zone",4
"000:57:33.500","Info","Arena",1,"Exit_Zone",4
"000:57:33.500","Info","Arena",1,"Enter_Zone",2
"000:57:39.569","Info","Arena",1,"Exit_Zone",2
"000:57:39.569","Info","Arena",1,"Enter_Zone",4
"000:57:40.165","Info","Arena",1,"Exit_Zone",4
"000:57:40.165","Info","Arena",1,"Enter_Zone",1
"000:57:44.031","Info","Arena",1,"Exit_Zone",1
"000:57:44.031","Info","Arena",1,"Enter_Zone",4
"000:57:44.364","Info","Arena",1,"Exit_Zone",4
"000:57:44.364","Info","Arena",1,"Enter_Zone",2
"000:58:07.160","Info","Arena",1,"Exit_Zone",2
"000:58:07.160","Info","Arena",1,"Enter_Zone",4
"000:58:07.593","Info","Arena",1,"Exit_Zone",4
"000:58:07.593","Info","Arena",1,"Enter_Zone",3
"000:58:10.593","Info","Arena",1,"Exit_Zone",3
"000:58:10.593","Info","Arena",1,"Enter_Zone",4
"000:58:10.992","Info","Arena",1,"Exit_Zone",4
"000:58:10.992","Info","Arena",1,"Enter_Zone",2
"000:58:17.358","Info","Arena",1,"Exit_Zone",2
"000:58:17.358","Info","Arena",1,"Enter_Zone",4
"000:58:18.857","Info","Arena",1,"Exit_Zone",4
"000:58:18.857","Info","Arena",1,"Enter_Zone",2
"000:59:01.016","Info","Arena",1,"Exit_Zone",2
"000:59:01.016","Info","Arena",1,"Enter_Zone",4
"000:59:01.517","Info","Arena",1,"Exit_Zone",4
"000:59:01.517","Info","Arena",1,"Enter_Zone",1
"000:59:05.885","Info","Arena",1,"Exit_Zone",1
"000:59:05.885","Info","Arena",1,"Enter_Zone",4
"000:59:06.516","Info","Arena",1,"Exit_Zone",4
"000:59:06.516","Info","Arena",1,"Enter_Zone",2
"000:59:16.514","Info","Arena",1,"Exit_Zone",2
"000:59:16.514","Info","Arena",1,"Enter_Zone",4
"000:59:17.013","Info","Arena",1,"Exit_Zone",4
"000:59:17.013","Info","Arena",1,"Enter_Zone",3
"000:59:21.745","Info","Arena",1,"Exit_Zone",3
"000:59:21.745","Info","Arena",1,"Enter_Zone",4
"000:59:22.411","Info","Arena",1,"Exit_Zone",4
"000:59:22.411","Info","Arena",1,"Enter_Zone",2
"000:59:30.677","Info","Arena",1,"Exit_Zone",2
"000:59:30.677","Info","Arena",1,"Enter_Zone",4
"000:59:31.176","Info","Arena",1,"Exit_Zone",4
"000:59:31.176","Info","Arena",1,"Enter_Zone",3
"000:59:51.139","Info","Arena",1,"Exit_Zone",3
"000:59:51.139","Info","Arena",1,"Enter_Zone",4
"000:59:51.672","Info","Arena",1,"Exit_Zone",4
"000:59:51.672","Info","Arena",1,"Enter_Zone",2
"001:00:30.728","Info","2021-11-05 05:20:32","Service 'qwer_mid_detect_vid_2' : Execution end"
