"000:00:00.000","Info","2022-01-06 05:34:29","Service 'qwer_large_detect_vid' : Execution start"
"000:00:00.000","Info","Subject Identification","56 57"
"000:00:00.000","Info","Apparatus","Zantiks Unit"
"000:00:00.000","Info","Unit ID","992BEA"
"000:00:30.699","Info","Arena",1,"Enter_Zone",1
"000:00:30.699","Info","Arena",2,"Enter_Zone",1
"000:00:37.101","Info","Arena",2,"Exit_Zone",1
"000:00:37.101","Info","Arena",2,"Enter_Zone",4
"000:00:37.464","Info","Arena",2,"Exit_Zone",4
"000:00:37.464","Info","Arena",2,"Enter_Zone",2
"000:00:44.729","Info","Arena",2,"Exit_Zone",2
"000:00:44.729","Info","Arena",2,"Enter_Zone",4
"000:00:45.895","Info","Arena",2,"Exit_Zone",4
"000:00:45.895","Info","Arena",2,"Enter_Zone",1
"000:00:47.128","Info","Arena",2,"Exit_Zone",1
"000:00:47.128","Info","Arena",2,"Enter_Zone",4
"000:00:49.461","Info","Arena",2,"Exit_Zone",4
"000:00:49.461","Info","Arena",2,"Enter_Zone",1
"000:00:49.598","Info","Arena",2,"Exit_Zone",1
"000:00:49.598","Info","Arena",2,"Enter_Zone",4
"000:00:50.128","Info","Arena",2,"Exit_Zone",4
"000:00:50.128","Info","Arena",2,"Enter_Zone",3
"000:00:58.659","Info","Arena",2,"Exit_Zone",3
"000:00:58.659","Info","Arena",2,"Enter_Zone",4
"000:00:58.826","Info","Arena",2,"Exit_Zone",4
"000:00:58.826","Info","Arena",2,"Enter_Zone",1
"000:01:21.488","Info","Arena",2,"Exit_Zone",1
"000:01:21.488","Info","Arena",2,"Enter_Zone",4
"000:01:21.655","Info","Arena",2,"Exit_Zone",4
"000:01:21.655","Info","Arena",2,"Enter_Zone",1
"000:01:22.926","Info","Arena",2,"Exit_Zone",1
"000:01:22.926","Info","Arena",2,"Enter_Zone",4
"000:01:23.522","Info","Arena",2,"Exit_Zone",4
"000:01:23.522","Info","Arena",2,"Enter_Zone",2
"000:01:29.220","Info","Arena",2,"Exit_Zone",2
"000:01:29.220","Info","Arena",2,"Enter_Zone",4
"000:01:30.121","Info","Arena",2,"Exit_Zone",4
"000:01:30.121","Info","Arena",2,"Enter_Zone",3
"000:01:36.319","Info","Arena",2,"Exit_Zone",3
"000:01:36.319","Info","Arena",2,"Enter_Zone",4
"000:01:36.757","Info","Arena",2,"Exit_Zone",4
"000:01:36.757","Info","Arena",2,"Enter_Zone",1
"000:01:38.853","Info","Arena",2,"Exit_Zone",1
"000:01:38.853","Info","Arena",2,"Enter_Zone",4
"000:01:39.052","Info","Arena",2,"Exit_Zone",4
"000:01:39.052","Info","Arena",2,"Enter_Zone",3
"000:01:45.283","Info","Arena",2,"Exit_Zone",3
"000:01:45.283","Info","Arena",2,"Enter_Zone",4
"000:01:45.587","Info","Arena",2,"Exit_Zone",4
"000:01:45.587","Info","Arena",2,"Enter_Zone",1
"000:02:01.417","Info","Arena",2,"Exit_Zone",1
"000:02:01.417","Info","Arena",2,"Enter_Zone",4
"000:02:01.847","Info","Arena",2,"Exit_Zone",4
"000:02:01.847","Info","Arena",2,"Enter_Zone",3
"000:02:06.479","Info","Arena",2,"Exit_Zone",3
"000:02:06.479","Info","Arena",2,"Enter_Zone",4
"000:02:07.212","Info","Arena",2,"Exit_Zone",4
"000:02:07.212","Info","Arena",2,"Enter_Zone",2
"000:02:09.279","Info","Arena",2,"Exit_Zone",2
"000:02:09.279","Info","Arena",2,"Enter_Zone",4
"000:02:09.845","Info","Arena",2,"Exit_Zone",4
"000:02:09.845","Info","Arena",2,"Enter_Zone",3
"000:02:14.081","Info","Arena",2,"Exit_Zone",3
"000:02:14.081","Info","Arena",2,"Enter_Zone",4
"000:02:14.644","Info","Arena",2,"Exit_Zone",4
"000:02:14.644","Info","Arena",2,"Enter_Zone",1
"000:02:17.777","Info","Arena",2,"Exit_Zone",1
"000:02:17.777","Info","Arena",2,"Enter_Zone",4
"000:02:18.377","Info","Arena",2,"Exit_Zone",4
"000:02:18.377","Info","Arena",2,"Enter_Zone",3
"000:02:21.544","Info","Arena",2,"Exit_Zone",3
"000:02:21.544","Info","Arena",2,"Enter_Zone",4
"000:02:22.209","Info","Arena",2,"Exit_Zone",4
"000:02:22.209","Info","Arena",2,"Enter_Zone",2
"000:02:25.475","Info","Arena",2,"Exit_Zone",2
"000:02:25.475","Info","Arena",2,"Enter_Zone",4
"000:02:26.009","Info","Arena",2,"Exit_Zone",4
"000:02:26.009","Info","Arena",2,"Enter_Zone",1
"000:02:29.579","Info","Arena",2,"Exit_Zone",1
"000:02:29.579","Info","Arena",2,"Enter_Zone",4
"000:02:29.775","Info","Arena",2,"Exit_Zone",4
"000:02:29.775","Info","Arena",2,"Enter_Zone",3
"000:02:32.974","Info","Arena",2,"Exit_Zone",3
"000:02:32.974","Info","Arena",2,"Enter_Zone",4
"000:02:33.441","Info","Arena",2,"Exit_Zone",4
"000:02:33.441","Info","Arena",2,"Enter_Zone",2
"000:02:37.307","Info","Arena",2,"Exit_Zone",2
"000:02:37.307","Info","Arena",2,"Enter_Zone",4
"000:02:38.274","Info","Arena",2,"Exit_Zone",4
"000:02:38.274","Info","Arena",2,"Enter_Zone",1
"000:02:41.506","Info","Arena",2,"Exit_Zone",1
"000:02:41.506","Info","Arena",2,"Enter_Zone",4
"000:02:41.972","Info","Arena",2,"Exit_Zone",4
"000:02:41.972","Info","Arena",2,"Enter_Zone",3
"000:02:43.745","Info","Arena",2,"Exit_Zone",3
"000:02:43.745","Info","Arena",2,"Enter_Zone",4
"000:02:44.409","Info","Arena",2,"Exit_Zone",4
"000:02:44.409","Info","Arena",2,"Enter_Zone",2
"000:02:47.743","Info","Arena",2,"Exit_Zone",2
"000:02:47.743","Info","Arena",2,"Enter_Zone",4
"000:02:48.339","Info","Arena",2,"Exit_Zone",4
"000:02:48.339","Info","Arena",2,"Enter_Zone",1
"000:02:51.538","Info","Arena",2,"Exit_Zone",1
"000:02:51.538","Info","Arena",2,"Enter_Zone",4
"000:02:51.908","Info","Arena",2,"Exit_Zone",4
"000:02:51.908","Info","Arena",2,"Enter_Zone",3
"000:02:53.803","Info","Arena",2,"Exit_Zone",3
"000:02:53.803","Info","Arena",2,"Enter_Zone",4
"000:02:54.303","Info","Arena",2,"Exit_Zone",4
"000:02:54.303","Info","Arena",2,"Enter_Zone",2
"000:02:57.169","Info","Arena",2,"Exit_Zone",2
"000:02:57.169","Info","Arena",2,"Enter_Zone",4
"000:02:57.202","Info","Arena",2,"Exit_Zone",4
"000:02:57.202","Info","Arena",2,"Enter_Zone",2
"000:02:57.240","Info","Arena",2,"Exit_Zone",2
"000:02:57.240","Info","Arena",2,"Enter_Zone",4
"000:02:57.669","Info","Arena",2,"Exit_Zone",4
"000:02:57.669","Info","Arena",2,"Enter_Zone",1
"000:03:01.072","Info","Arena",2,"Exit_Zone",1
"000:03:01.072","Info","Arena",2,"Enter_Zone",4
"000:03:01.102","Info","Arena",2,"Exit_Zone",4
"000:03:01.102","Info","Arena",2,"Enter_Zone",1
"000:03:01.136","Info","Arena",2,"Exit_Zone",1
"000:03:01.136","Info","Arena",2,"Enter_Zone",4
"000:03:02.072","Info","Arena",2,"Exit_Zone",4
"000:03:02.072","Info","Arena",2,"Enter_Zone",2
"000:03:08.904","Info","Arena",2,"Exit_Zone",2
"000:03:08.904","Info","Arena",2,"Enter_Zone",4
"000:03:09.667","Info","Arena",2,"Exit_Zone",4
"000:03:09.667","Info","Arena",2,"Enter_Zone",3
"000:03:12.500","Info","Arena",2,"Exit_Zone",3
"000:03:12.500","Info","Arena",2,"Enter_Zone",4
"000:03:13.466","Info","Arena",2,"Exit_Zone",4
"000:03:13.466","Info","Arena",2,"Enter_Zone",2
"000:03:17.965","Info","Arena",2,"Exit_Zone",2
"000:03:17.965","Info","Arena",2,"Enter_Zone",4
"000:03:19.134","Info","Arena",2,"Exit_Zone",4
"000:03:19.134","Info","Arena",2,"Enter_Zone",1
"000:03:23.902","Info","Arena",2,"Exit_Zone",1
"000:03:23.902","Info","Arena",2,"Enter_Zone",4
"000:03:24.235","Info","Arena",2,"Exit_Zone",4
"000:03:24.235","Info","Arena",2,"Enter_Zone",3
"000:03:27.364","Info","Arena",2,"Exit_Zone",3
"000:03:27.364","Info","Arena",2,"Enter_Zone",4
"000:03:27.697","Info","Arena",2,"Exit_Zone",4
"000:03:27.697","Info","Arena",2,"Enter_Zone",1
"000:03:29.763","Info","Arena",2,"Exit_Zone",1
"000:03:29.763","Info","Arena",2,"Enter_Zone",4
"000:03:30.263","Info","Arena",2,"Exit_Zone",4
"000:03:30.263","Info","Arena",2,"Enter_Zone",3
"000:03:34.029","Info","Arena",2,"Exit_Zone",3
"000:03:34.029","Info","Arena",2,"Enter_Zone",4
"000:03:34.862","Info","Arena",2,"Exit_Zone",4
"000:03:34.862","Info","Arena",2,"Enter_Zone",1
"000:03:37.661","Info","Arena",2,"Exit_Zone",1
"000:03:37.661","Info","Arena",2,"Enter_Zone",4
"000:03:38.565","Info","Arena",2,"Exit_Zone",4
"000:03:38.565","Info","Arena",2,"Enter_Zone",2
"000:03:42.360","Info","Arena",2,"Exit_Zone",2
"000:03:42.360","Info","Arena",2,"Enter_Zone",4
"000:03:43.231","Info","Arena",2,"Exit_Zone",4
"000:03:43.231","Info","Arena",2,"Enter_Zone",1
"000:03:47.063","Info","Arena",2,"Exit_Zone",1
"000:03:47.063","Info","Arena",2,"Enter_Zone",4
"000:03:47.659","Info","Arena",2,"Exit_Zone",4
"000:03:47.659","Info","Arena",2,"Enter_Zone",3
"000:03:50.959","Info","Arena",2,"Exit_Zone",3
"000:03:50.959","Info","Arena",2,"Enter_Zone",4
"000:03:52.126","Info","Arena",2,"Exit_Zone",4
"000:03:52.126","Info","Arena",2,"Enter_Zone",2
"000:03:59.457","Info","Arena",2,"Exit_Zone",2
"000:03:59.457","Info","Arena",2,"Enter_Zone",4
"000:04:00.257","Info","Arena",2,"Exit_Zone",4
"000:04:00.257","Info","Arena",2,"Enter_Zone",1
"000:04:03.894","Info","Arena",2,"Exit_Zone",1
"000:04:03.894","Info","Arena",2,"Enter_Zone",4
"000:04:04.456","Info","Arena",2,"Exit_Zone",4
"000:04:04.456","Info","Arena",2,"Enter_Zone",2
"000:04:07.489","Info","Arena",2,"Exit_Zone",2
"000:04:07.489","Info","Arena",2,"Enter_Zone",4
"000:04:07.525","Info","Arena",2,"Exit_Zone",4
"000:04:07.525","Info","Arena",2,"Enter_Zone",2
"000:04:07.559","Info","Arena",2,"Exit_Zone",2
"000:04:07.559","Info","Arena",2,"Enter_Zone",4
"000:04:08.089","Info","Arena",2,"Exit_Zone",4
"000:04:08.089","Info","Arena",2,"Enter_Zone",1
"000:04:10.688","Info","Arena",1,"Exit_Zone",1
"000:04:10.688","Info","Arena",1,"Enter_Zone",4
"000:04:10.821","Info","Arena",2,"Exit_Zone",1
"000:04:10.821","Info","Arena",2,"Enter_Zone",4
"000:04:11.122","Info","Arena",1,"Exit_Zone",4
"000:04:11.122","Info","Arena",1,"Enter_Zone",1
"000:04:11.558","Info","Arena",2,"Exit_Zone",4
"000:04:11.558","Info","Arena",2,"Enter_Zone",3
"000:04:14.154","Info","Arena",2,"Exit_Zone",3
"000:04:14.154","Info","Arena",2,"Enter_Zone",4
"000:04:15.087","Info","Arena",2,"Exit_Zone",4
"000:04:15.087","Info","Arena",2,"Enter_Zone",1
"000:04:18.121","Info","Arena",2,"Exit_Zone",1
"000:04:18.121","Info","Arena",2,"Enter_Zone",4
"000:04:18.853","Info","Arena",2,"Exit_Zone",4
"000:04:18.853","Info","Arena",2,"Enter_Zone",2
"000:04:22.252","Info","Arena",2,"Exit_Zone",2
"000:04:22.252","Info","Arena",2,"Enter_Zone",4
"000:04:22.352","Info","Arena",1,"Exit_Zone",1
"000:04:22.352","Info","Arena",1,"Enter_Zone",4
"000:04:22.452","Info","Arena",1,"Exit_Zone",4
"000:04:22.452","Info","Arena",1,"Enter_Zone",1
"000:04:22.952","Info","Arena",2,"Exit_Zone",4
"000:04:22.952","Info","Arena",2,"Enter_Zone",3
"000:04:25.686","Info","Arena",2,"Exit_Zone",3
"000:04:25.686","Info","Arena",2,"Enter_Zone",4
"000:04:26.418","Info","Arena",2,"Exit_Zone",4
"000:04:26.418","Info","Arena",2,"Enter_Zone",2
"000:04:30.617","Info","Arena",2,"Exit_Zone",2
"000:04:30.617","Info","Arena",2,"Enter_Zone",4
"000:04:31.417","Info","Arena",2,"Exit_Zone",4
"000:04:31.417","Info","Arena",2,"Enter_Zone",1
"000:04:34.150","Info","Arena",2,"Exit_Zone",1
"000:04:34.150","Info","Arena",2,"Enter_Zone",4
"000:04:34.817","Info","Arena",2,"Exit_Zone",4
"000:04:34.817","Info","Arena",2,"Enter_Zone",3
"000:04:37.616","Info","Arena",2,"Exit_Zone",3
"000:04:37.616","Info","Arena",2,"Enter_Zone",4
"000:04:38.117","Info","Arena",2,"Exit_Zone",4
"000:04:38.117","Info","Arena",2,"Enter_Zone",2
"000:04:45.181","Info","Arena",2,"Exit_Zone",2
"000:04:45.181","Info","Arena",2,"Enter_Zone",4
"000:04:46.115","Info","Arena",2,"Exit_Zone",4
"000:04:46.115","Info","Arena",2,"Enter_Zone",3
"000:04:51.050","Info","Arena",2,"Exit_Zone",3
"000:04:51.050","Info","Arena",2,"Enter_Zone",4
"000:04:51.580","Info","Arena",2,"Exit_Zone",4
"000:04:51.580","Info","Arena",2,"Enter_Zone",1
"000:04:53.579","Info","Arena",2,"Exit_Zone",1
"000:04:53.579","Info","Arena",2,"Enter_Zone",4
"000:04:54.446","Info","Arena",2,"Exit_Zone",4
"000:04:54.446","Info","Arena",2,"Enter_Zone",2
"000:04:58.513","Info","Arena",2,"Exit_Zone",2
"000:04:58.513","Info","Arena",2,"Enter_Zone",4
"000:04:59.382","Info","Arena",2,"Exit_Zone",4
"000:04:59.382","Info","Arena",2,"Enter_Zone",3
"000:05:05.112","Info","Arena",2,"Exit_Zone",3
"000:05:05.112","Info","Arena",2,"Enter_Zone",4
"000:05:05.810","Info","Arena",2,"Exit_Zone",4
"000:05:05.810","Info","Arena",2,"Enter_Zone",2
"000:05:09.610","Info","Arena",2,"Exit_Zone",2
"000:05:09.610","Info","Arena",2,"Enter_Zone",4
"000:05:10.443","Info","Arena",2,"Exit_Zone",4
"000:05:10.443","Info","Arena",2,"Enter_Zone",1
"000:05:14.609","Info","Arena",2,"Exit_Zone",1
"000:05:14.609","Info","Arena",2,"Enter_Zone",4
"000:05:15.110","Info","Arena",2,"Exit_Zone",4
"000:05:15.110","Info","Arena",2,"Enter_Zone",2
"000:05:25.940","Info","Arena",2,"Exit_Zone",2
"000:05:25.940","Info","Arena",2,"Enter_Zone",4
"000:05:26.307","Info","Arena",2,"Exit_Zone",4
"000:05:26.307","Info","Arena",2,"Enter_Zone",1
"000:05:26.973","Info","Arena",1,"Exit_Zone",1
"000:05:26.973","Info","Arena",1,"Enter_Zone",4
"000:05:27.240","Info","Arena",1,"Exit_Zone",4
"000:05:27.240","Info","Arena",1,"Enter_Zone",2
"000:05:28.739","Info","Arena",1,"Exit_Zone",2
"000:05:28.739","Info","Arena",1,"Enter_Zone",4
"000:05:28.839","Info","Arena",1,"Exit_Zone",4
"000:05:28.839","Info","Arena",1,"Enter_Zone",3
"000:05:31.306","Info","Arena",1,"Exit_Zone",3
"000:05:31.306","Info","Arena",1,"Enter_Zone",4
"000:05:31.772","Info","Arena",1,"Exit_Zone",4
"000:05:31.772","Info","Arena",1,"Enter_Zone",1
"000:05:32.772","Info","Arena",2,"Exit_Zone",1
"000:05:32.772","Info","Arena",2,"Enter_Zone",4
"000:05:33.272","Info","Arena",2,"Exit_Zone",4
"000:05:33.272","Info","Arena",2,"Enter_Zone",2
"000:05:39.874","Info","Arena",2,"Exit_Zone",2
"000:05:39.874","Info","Arena",2,"Enter_Zone",4
"000:05:40.207","Info","Arena",2,"Exit_Zone",4
"000:05:40.207","Info","Arena",2,"Enter_Zone",1
"000:05:50.872","Info","Arena",2,"Exit_Zone",1
"000:05:50.872","Info","Arena",2,"Enter_Zone",4
"000:05:51.468","Info","Arena",2,"Exit_Zone",4
"000:05:51.468","Info","Arena",2,"Enter_Zone",2
"000:05:51.935","Info","Arena",1,"Exit_Zone",1
"000:05:51.935","Info","Arena",1,"Enter_Zone",4
"000:05:52.205","Info","Arena",1,"Exit_Zone",4
"000:05:52.205","Info","Arena",1,"Enter_Zone",3
"000:05:52.872","Info","Arena",1,"Exit_Zone",3
"000:05:52.872","Info","Arena",1,"Enter_Zone",4
"000:05:53.102","Info","Arena",1,"Exit_Zone",4
"000:05:53.102","Info","Arena",1,"Enter_Zone",1
"000:05:55.038","Info","Arena",2,"Exit_Zone",2
"000:05:55.038","Info","Arena",2,"Enter_Zone",4
"000:05:55.871","Info","Arena",2,"Exit_Zone",4
"000:05:55.871","Info","Arena",2,"Enter_Zone",1
"000:05:59.567","Info","Arena",2,"Exit_Zone",1
"000:05:59.567","Info","Arena",2,"Enter_Zone",4
"000:06:00.433","Info","Arena",2,"Exit_Zone",4
"000:06:00.433","Info","Arena",2,"Enter_Zone",3
"000:06:05.066","Info","Arena",2,"Exit_Zone",3
"000:06:05.066","Info","Arena",2,"Enter_Zone",4
"000:06:05.704","Info","Arena",2,"Exit_Zone",4
"000:06:05.704","Info","Arena",2,"Enter_Zone",2
"000:06:08.035","Info","Arena",1,"Exit_Zone",1
"000:06:08.035","Info","Arena",1,"Enter_Zone",4
"000:06:08.265","Info","Arena",1,"Exit_Zone",4
"000:06:08.265","Info","Arena",1,"Enter_Zone",1
"000:06:08.798","Info","Arena",2,"Exit_Zone",2
"000:06:08.798","Info","Arena",2,"Enter_Zone",4
"000:06:09.631","Info","Arena",2,"Exit_Zone",4
"000:06:09.631","Info","Arena",2,"Enter_Zone",1
"000:06:12.731","Info","Arena",2,"Exit_Zone",1
"000:06:12.731","Info","Arena",2,"Enter_Zone",4
"000:06:13.098","Info","Arena",2,"Exit_Zone",4
"000:06:13.098","Info","Arena",2,"Enter_Zone",3
"000:06:16.596","Info","Arena",2,"Exit_Zone",3
"000:06:16.596","Info","Arena",2,"Enter_Zone",4
"000:06:16.797","Info","Arena",2,"Exit_Zone",4
"000:06:16.797","Info","Arena",2,"Enter_Zone",1
"000:06:18.929","Info","Arena",2,"Exit_Zone",1
"000:06:18.929","Info","Arena",2,"Enter_Zone",4
"000:06:19.562","Info","Arena",2,"Exit_Zone",4
"000:06:19.562","Info","Arena",2,"Enter_Zone",2
"000:06:21.795","Info","Arena",2,"Exit_Zone",2
"000:06:21.795","Info","Arena",2,"Enter_Zone",4
"000:06:22.395","Info","Arena",2,"Exit_Zone",4
"000:06:22.395","Info","Arena",2,"Enter_Zone",1
"000:06:24.828","Info","Arena",2,"Exit_Zone",1
"000:06:24.828","Info","Arena",2,"Enter_Zone",4
"000:06:25.296","Info","Arena",2,"Exit_Zone",4
"000:06:25.296","Info","Arena",2,"Enter_Zone",3
"000:06:42.558","Info","Arena",2,"Exit_Zone",3
"000:06:42.558","Info","Arena",2,"Enter_Zone",4
"000:06:42.825","Info","Arena",2,"Exit_Zone",4
"000:06:42.825","Info","Arena",2,"Enter_Zone",1
"000:06:43.892","Info","Arena",2,"Exit_Zone",1
"000:06:43.892","Info","Arena",2,"Enter_Zone",4
"000:06:44.195","Info","Arena",2,"Exit_Zone",4
"000:06:44.195","Info","Arena",2,"Enter_Zone",3
"000:06:48.158","Info","Arena",2,"Exit_Zone",3
"000:06:48.158","Info","Arena",2,"Enter_Zone",4
"000:06:49.194","Info","Arena",2,"Exit_Zone",4
"000:06:49.194","Info","Arena",2,"Enter_Zone",1
"000:06:52.156","Info","Arena",2,"Exit_Zone",1
"000:06:52.156","Info","Arena",2,"Enter_Zone",4
"000:06:52.822","Info","Arena",2,"Exit_Zone",4
"000:06:52.822","Info","Arena",2,"Enter_Zone",2
"000:06:54.090","Info","Arena",1,"Exit_Zone",1
"000:06:54.090","Info","Arena",1,"Enter_Zone",4
"000:06:54.156","Info","Arena",1,"Exit_Zone",4
"000:06:54.156","Info","Arena",1,"Enter_Zone",2
"000:06:55.193","Info","Arena",1,"Exit_Zone",2
"000:06:55.193","Info","Arena",1,"Enter_Zone",4
"000:06:55.323","Info","Arena",2,"Exit_Zone",2
"000:06:55.323","Info","Arena",2,"Enter_Zone",4
"000:06:55.589","Info","Arena",1,"Exit_Zone",4
"000:06:55.589","Info","Arena",1,"Enter_Zone",3
"000:06:56.056","Info","Arena",2,"Exit_Zone",4
"000:06:56.056","Info","Arena",2,"Enter_Zone",3
"000:06:58.055","Info","Arena",1,"Exit_Zone",3
"000:06:58.055","Info","Arena",1,"Enter_Zone",4
"000:06:58.525","Info","Arena",1,"Exit_Zone",4
"000:06:58.525","Info","Arena",1,"Enter_Zone",1
"000:07:01.192","Info","Arena",2,"Exit_Zone",3
"000:07:01.192","Info","Arena",2,"Enter_Zone",4
"000:07:01.554","Info","Arena",2,"Exit_Zone",4
"000:07:01.554","Info","Arena",2,"Enter_Zone",2
"000:07:05.654","Info","Arena",2,"Exit_Zone",2
"000:07:05.654","Info","Arena",2,"Enter_Zone",4
"000:07:06.153","Info","Arena",2,"Exit_Zone",4
"000:07:06.153","Info","Arena",2,"Enter_Zone",3
"000:07:11.719","Info","Arena",2,"Exit_Zone",3
"000:07:11.719","Info","Arena",2,"Enter_Zone",4
"000:07:12.252","Info","Arena",2,"Exit_Zone",4
"000:07:12.252","Info","Arena",2,"Enter_Zone",2
"000:07:15.189","Info","Arena",2,"Exit_Zone",2
"000:07:15.189","Info","Arena",2,"Enter_Zone",4
"000:07:15.585","Info","Arena",2,"Exit_Zone",4
"000:07:15.585","Info","Arena",2,"Enter_Zone",3
"000:07:19.617","Info","Arena",2,"Exit_Zone",3
"000:07:19.617","Info","Arena",2,"Enter_Zone",4
"000:07:20.021","Info","Arena",2,"Exit_Zone",4
"000:07:20.021","Info","Arena",2,"Enter_Zone",2
"000:07:23.583","Info","Arena",2,"Exit_Zone",2
"000:07:23.583","Info","Arena",2,"Enter_Zone",4
"000:07:24.050","Info","Arena",2,"Exit_Zone",4
"000:07:24.050","Info","Arena",2,"Enter_Zone",3
"000:07:29.519","Info","Arena",2,"Exit_Zone",3
"000:07:29.519","Info","Arena",2,"Enter_Zone",4
"000:07:29.982","Info","Arena",2,"Exit_Zone",4
"000:07:29.982","Info","Arena",2,"Enter_Zone",2
"000:07:33.018","Info","Arena",2,"Exit_Zone",2
"000:07:33.018","Info","Arena",2,"Enter_Zone",4
"000:07:33.518","Info","Arena",2,"Exit_Zone",4
"000:07:33.518","Info","Arena",2,"Enter_Zone",3
"000:07:37.082","Info","Arena",2,"Exit_Zone",3
"000:07:37.082","Info","Arena",2,"Enter_Zone",4
"000:07:37.518","Info","Arena",2,"Exit_Zone",4
"000:07:37.518","Info","Arena",2,"Enter_Zone",1
"000:07:42.913","Info","Arena",2,"Exit_Zone",1
"000:07:42.913","Info","Arena",2,"Enter_Zone",4
"000:07:43.280","Info","Arena",2,"Exit_Zone",4
"000:07:43.280","Info","Arena",2,"Enter_Zone",3
"000:07:49.811","Info","Arena",2,"Exit_Zone",3
"000:07:49.811","Info","Arena",2,"Enter_Zone",4
"000:07:50.412","Info","Arena",2,"Exit_Zone",4
"000:07:50.412","Info","Arena",2,"Enter_Zone",2
"000:07:53.111","Info","Arena",2,"Exit_Zone",2
"000:07:53.111","Info","Arena",2,"Enter_Zone",4
"000:07:53.544","Info","Arena",2,"Exit_Zone",4
"000:07:53.544","Info","Arena",2,"Enter_Zone",3
"000:08:04.942","Info","Arena",2,"Exit_Zone",3
"000:08:04.942","Info","Arena",2,"Enter_Zone",4
"000:08:05.076","Info","Arena",2,"Exit_Zone",4
"000:08:05.076","Info","Arena",2,"Enter_Zone",1
"000:08:09.679","Info","Arena",2,"Exit_Zone",1
"000:08:09.679","Info","Arena",2,"Enter_Zone",4
"000:08:10.011","Info","Arena",2,"Exit_Zone",4
"000:08:10.011","Info","Arena",2,"Enter_Zone",3
"000:08:20.639","Info","Arena",2,"Exit_Zone",3
"000:08:20.639","Info","Arena",2,"Enter_Zone",4
"000:08:21.105","Info","Arena",2,"Exit_Zone",4
"000:08:21.105","Info","Arena",2,"Enter_Zone",1
"000:08:26.472","Info","Arena",2,"Exit_Zone",1
"000:08:26.472","Info","Arena",2,"Enter_Zone",4
"000:08:26.737","Info","Arena",2,"Exit_Zone",4
"000:08:26.737","Info","Arena",2,"Enter_Zone",3
"000:08:32.970","Info","Arena",2,"Exit_Zone",3
"000:08:32.970","Info","Arena",2,"Enter_Zone",4
"000:08:34.506","Info","Arena",2,"Exit_Zone",4
"000:08:34.506","Info","Arena",2,"Enter_Zone",1
"000:08:37.070","Info","Arena",2,"Exit_Zone",1
"000:08:37.070","Info","Arena",2,"Enter_Zone",4
"000:08:37.339","Info","Arena",2,"Exit_Zone",4
"000:08:37.339","Info","Arena",2,"Enter_Zone",3
"000:08:37.402","Info","Arena",2,"Exit_Zone",3
"000:08:37.402","Info","Arena",2,"Enter_Zone",4
"000:08:37.902","Info","Arena",2,"Exit_Zone",4
"000:08:37.902","Info","Arena",2,"Enter_Zone",1
"000:08:40.902","Info","Arena",2,"Exit_Zone",1
"000:08:40.902","Info","Arena",2,"Enter_Zone",4
"000:08:41.301","Info","Arena",2,"Exit_Zone",4
"000:08:41.301","Info","Arena",2,"Enter_Zone",3
"000:08:41.338","Info","Arena",2,"Exit_Zone",3
"000:08:41.338","Info","Arena",2,"Enter_Zone",4
"000:08:41.368","Info","Arena",2,"Exit_Zone",4
"000:08:41.368","Info","Arena",2,"Enter_Zone",3
"000:08:42.469","Info","Arena",2,"Exit_Zone",3
"000:08:42.469","Info","Arena",2,"Enter_Zone",4
"000:08:43.468","Info","Arena",2,"Exit_Zone",4
"000:08:43.468","Info","Arena",2,"Enter_Zone",2
"000:08:47.933","Info","Arena",2,"Exit_Zone",2
"000:08:47.933","Info","Arena",2,"Enter_Zone",4
"000:08:48.337","Info","Arena",2,"Exit_Zone",4
"000:08:48.337","Info","Arena",2,"Enter_Zone",1
"000:08:53.067","Info","Arena",2,"Exit_Zone",1
"000:08:53.067","Info","Arena",2,"Enter_Zone",4
"000:08:53.467","Info","Arena",2,"Exit_Zone",4
"000:08:53.467","Info","Arena",2,"Enter_Zone",3
"000:08:59.131","Info","Arena",2,"Exit_Zone",3
"000:08:59.131","Info","Arena",2,"Enter_Zone",4
"000:09:00.297","Info","Arena",2,"Exit_Zone",4
"000:09:00.297","Info","Arena",2,"Enter_Zone",1
"000:09:05.864","Info","Arena",2,"Exit_Zone",1
"000:09:05.864","Info","Arena",2,"Enter_Zone",4
"000:09:06.167","Info","Arena",2,"Exit_Zone",4
"000:09:06.167","Info","Arena",2,"Enter_Zone",3
"000:09:11.562","Info","Arena",1,"Exit_Zone",1
"000:09:11.562","Info","Arena",1,"Enter_Zone",4
"000:09:11.695","Info","Arena",1,"Exit_Zone",4
"000:09:11.695","Info","Arena",1,"Enter_Zone",1
"000:09:18.331","Info","Arena",2,"Exit_Zone",3
"000:09:18.331","Info","Arena",2,"Enter_Zone",4
"000:09:18.665","Info","Arena",2,"Exit_Zone",4
"000:09:18.665","Info","Arena",2,"Enter_Zone",2
"000:09:23.526","Info","Arena",2,"Exit_Zone",2
"000:09:23.526","Info","Arena",2,"Enter_Zone",4
"000:09:23.926","Info","Arena",2,"Exit_Zone",4
"000:09:23.926","Info","Arena",2,"Enter_Zone",1
"000:09:26.959","Info","Arena",2,"Exit_Zone",1
"000:09:26.959","Info","Arena",2,"Enter_Zone",4
"000:09:28.125","Info","Arena",2,"Exit_Zone",4
"000:09:28.125","Info","Arena",2,"Enter_Zone",1
"000:09:31.525","Info","Arena",2,"Exit_Zone",1
"000:09:31.525","Info","Arena",2,"Enter_Zone",4
"000:09:32.391","Info","Arena",2,"Exit_Zone",4
"000:09:32.391","Info","Arena",2,"Enter_Zone",3
"000:09:36.327","Info","Arena",2,"Exit_Zone",3
"000:09:36.327","Info","Arena",2,"Enter_Zone",4
"000:09:37.723","Info","Arena",2,"Exit_Zone",4
"000:09:37.723","Info","Arena",2,"Enter_Zone",1
"000:09:43.389","Info","Arena",1,"Exit_Zone",1
"000:09:43.389","Info","Arena",1,"Enter_Zone",4
"000:09:43.589","Info","Arena",1,"Exit_Zone",4
"000:09:43.589","Info","Arena",1,"Enter_Zone",3
"000:09:43.889","Info","Arena",2,"Exit_Zone",1
"000:09:43.889","Info","Arena",2,"Enter_Zone",4
"000:09:44.257","Info","Arena",2,"Exit_Zone",4
"000:09:44.257","Info","Arena",2,"Enter_Zone",2
"000:09:46.588","Info","Arena",2,"Exit_Zone",2
"000:09:46.588","Info","Arena",2,"Enter_Zone",4
"000:09:46.992","Info","Arena",1,"Exit_Zone",3
"000:09:46.992","Info","Arena",1,"Enter_Zone",4
"000:09:47.456","Info","Arena",2,"Exit_Zone",4
"000:09:47.456","Info","Arena",2,"Enter_Zone",1
"000:09:47.660","Info","Arena",1,"Exit_Zone",4
"000:09:47.660","Info","Arena",1,"Enter_Zone",3
"000:09:50.325","Info","Arena",1,"Exit_Zone",3
"000:09:50.325","Info","Arena",1,"Enter_Zone",4
"000:09:50.659","Info","Arena",1,"Exit_Zone",4
"000:09:50.659","Info","Arena",1,"Enter_Zone",1
"000:09:51.056","Info","Arena",1,"Exit_Zone",1
"000:09:51.056","Info","Arena",1,"Enter_Zone",4
"000:09:51.354","Info","Arena",1,"Exit_Zone",4
"000:09:51.354","Info","Arena",1,"Enter_Zone",3
"000:09:55.720","Info","Arena",1,"Exit_Zone",3
"000:09:55.720","Info","Arena",1,"Enter_Zone",4
"000:09:55.786","Info","Arena",1,"Exit_Zone",4
"000:09:55.786","Info","Arena",1,"Enter_Zone",3
"000:09:56.490","Info","Arena",2,"Exit_Zone",1
"000:09:56.490","Info","Arena",2,"Enter_Zone",4
"000:09:57.119","Info","Arena",2,"Exit_Zone",4
"000:09:57.119","Info","Arena",2,"Enter_Zone",3
"000:10:00.685","Info","Arena",1,"Exit_Zone",3
"000:10:00.685","Info","Arena",1,"Enter_Zone",4
"000:10:00.990","Info","Arena",1,"Exit_Zone",4
"000:10:00.990","Info","Arena",1,"Enter_Zone",1
"000:10:02.618","Info","Arena",2,"Exit_Zone",3
"000:10:02.618","Info","Arena",2,"Enter_Zone",4
"000:10:03.085","Info","Arena",2,"Exit_Zone",4
"000:10:03.085","Info","Arena",2,"Enter_Zone",1
"000:10:06.321","Info","Arena",2,"Exit_Zone",1
"000:10:06.321","Info","Arena",2,"Enter_Zone",4
"000:10:06.951","Info","Arena",2,"Exit_Zone",4
"000:10:06.951","Info","Arena",2,"Enter_Zone",2
"000:10:12.083","Info","Arena",2,"Exit_Zone",2
"000:10:12.083","Info","Arena",2,"Enter_Zone",4
"000:10:12.987","Info","Arena",2,"Exit_Zone",4
"000:10:12.987","Info","Arena",2,"Enter_Zone",1
"000:10:18.682","Info","Arena",2,"Exit_Zone",1
"000:10:18.682","Info","Arena",2,"Enter_Zone",4
"000:10:19.215","Info","Arena",2,"Exit_Zone",4
"000:10:19.215","Info","Arena",2,"Enter_Zone",2
"000:10:33.079","Info","Arena",2,"Exit_Zone",2
"000:10:33.079","Info","Arena",2,"Enter_Zone",4
"000:10:33.579","Info","Arena",2,"Exit_Zone",4
"000:10:33.579","Info","Arena",2,"Enter_Zone",3
"000:10:34.612","Info","Arena",2,"Exit_Zone",3
"000:10:34.612","Info","Arena",2,"Enter_Zone",4
"000:10:35.482","Info","Arena",2,"Exit_Zone",4
"000:10:35.482","Info","Arena",2,"Enter_Zone",2
"000:10:38.078","Info","Arena",2,"Exit_Zone",2
"000:10:38.078","Info","Arena",2,"Enter_Zone",4
"000:10:38.545","Info","Arena",2,"Exit_Zone",4
"000:10:38.545","Info","Arena",2,"Enter_Zone",2
"000:10:40.148","Info","Arena",2,"Exit_Zone",2
"000:10:40.148","Info","Arena",2,"Enter_Zone",4
"000:10:40.649","Info","Arena",2,"Exit_Zone",4
"000:10:40.649","Info","Arena",2,"Enter_Zone",1
"000:10:43.944","Info","Arena",2,"Exit_Zone",1
"000:10:43.944","Info","Arena",2,"Enter_Zone",4
"000:10:44.314","Info","Arena",2,"Exit_Zone",4
"000:10:44.314","Info","Arena",2,"Enter_Zone",3
"000:10:45.743","Info","Arena",2,"Exit_Zone",3
"000:10:45.743","Info","Arena",2,"Enter_Zone",4
"000:10:46.844","Info","Arena",2,"Exit_Zone",4
"000:10:46.844","Info","Arena",2,"Enter_Zone",2
"000:10:51.209","Info","Arena",2,"Exit_Zone",2
"000:10:51.209","Info","Arena",2,"Enter_Zone",4
"000:10:51.813","Info","Arena",2,"Exit_Zone",4
"000:10:51.813","Info","Arena",2,"Enter_Zone",1
"000:10:55.508","Info","Arena",2,"Exit_Zone",1
"000:10:55.508","Info","Arena",2,"Enter_Zone",4
"000:10:56.242","Info","Arena",2,"Exit_Zone",4
"000:10:56.242","Info","Arena",2,"Enter_Zone",2
"000:11:01.107","Info","Arena",2,"Exit_Zone",2
"000:11:01.107","Info","Arena",2,"Enter_Zone",4
"000:11:01.507","Info","Arena",2,"Exit_Zone",4
"000:11:01.507","Info","Arena",2,"Enter_Zone",3
"000:11:06.739","Info","Arena",1,"Exit_Zone",1
"000:11:06.739","Info","Arena",1,"Enter_Zone",4
"000:11:06.773","Info","Arena",1,"Exit_Zone",4
"000:11:06.773","Info","Arena",1,"Enter_Zone",1
"000:11:07.440","Info","Arena",2,"Exit_Zone",3
"000:11:07.440","Info","Arena",2,"Enter_Zone",4
"000:11:07.872","Info","Arena",2,"Exit_Zone",4
"000:11:07.872","Info","Arena",2,"Enter_Zone",3
"000:11:12.308","Info","Arena",2,"Exit_Zone",3
"000:11:12.308","Info","Arena",2,"Enter_Zone",4
"000:11:12.705","Info","Arena",2,"Exit_Zone",4
"000:11:12.705","Info","Arena",2,"Enter_Zone",2
"000:11:16.474","Info","Arena",2,"Exit_Zone",2
"000:11:16.474","Info","Arena",2,"Enter_Zone",4
"000:11:16.809","Info","Arena",2,"Exit_Zone",4
"000:11:16.809","Info","Arena",2,"Enter_Zone",3
"000:11:25.102","Info","Arena",2,"Exit_Zone",3
"000:11:25.102","Info","Arena",2,"Enter_Zone",4
"000:11:25.602","Info","Arena",2,"Exit_Zone",4
"000:11:25.602","Info","Arena",2,"Enter_Zone",2
"000:11:29.335","Info","Arena",2,"Exit_Zone",2
"000:11:29.335","Info","Arena",2,"Enter_Zone",4
"000:11:30.138","Info","Arena",2,"Exit_Zone",4
"000:11:30.138","Info","Arena",2,"Enter_Zone",3
"000:11:31.567","Info","Arena",2,"Exit_Zone",3
"000:11:31.567","Info","Arena",2,"Enter_Zone",4
"000:11:32.035","Info","Arena",2,"Exit_Zone",4
"000:11:32.035","Info","Arena",2,"Enter_Zone",1
"000:11:44.398","Info","Arena",2,"Exit_Zone",1
"000:11:44.398","Info","Arena",2,"Enter_Zone",4
"000:11:44.998","Info","Arena",2,"Exit_Zone",4
"000:11:44.998","Info","Arena",2,"Enter_Zone",3
"000:11:50.064","Info","Arena",2,"Exit_Zone",3
"000:11:50.064","Info","Arena",2,"Enter_Zone",4
"000:11:50.930","Info","Arena",2,"Exit_Zone",4
"000:11:50.930","Info","Arena",2,"Enter_Zone",1
"000:12:04.761","Info","Arena",2,"Exit_Zone",1
"000:12:04.761","Info","Arena",2,"Enter_Zone",4
"000:12:05.061","Info","Arena",2,"Exit_Zone",4
"000:12:05.061","Info","Arena",2,"Enter_Zone",3
"000:12:09.160","Info","Arena",2,"Exit_Zone",3
"000:12:09.160","Info","Arena",2,"Enter_Zone",4
"000:12:09.560","Info","Arena",2,"Exit_Zone",4
"000:12:09.560","Info","Arena",2,"Enter_Zone",1
"000:12:13.759","Info","Arena",2,"Exit_Zone",1
"000:12:13.759","Info","Arena",2,"Enter_Zone",4
"000:12:14.726","Info","Arena",2,"Exit_Zone",4
"000:12:14.726","Info","Arena",2,"Enter_Zone",2
"000:12:16.630","Info","Arena",1,"Exit_Zone",1
"000:12:16.630","Info","Arena",1,"Enter_Zone",4
"000:12:17.258","Info","Arena",1,"Exit_Zone",4
"000:12:17.258","Info","Arena",1,"Enter_Zone",2
"000:12:18.058","Info","Arena",1,"Exit_Zone",2
"000:12:18.058","Info","Arena",1,"Enter_Zone",4
"000:12:18.525","Info","Arena",1,"Exit_Zone",4
"000:12:18.525","Info","Arena",1,"Enter_Zone",3
"000:12:19.158","Info","Arena",2,"Exit_Zone",2
"000:12:19.158","Info","Arena",2,"Enter_Zone",4
"000:12:20.026","Info","Arena",2,"Exit_Zone",4
"000:12:20.026","Info","Arena",2,"Enter_Zone",1
"000:12:41.221","Info","Arena",2,"Exit_Zone",1
"000:12:41.221","Info","Arena",2,"Enter_Zone",4
"000:12:41.687","Info","Arena",2,"Exit_Zone",4
"000:12:41.687","Info","Arena",2,"Enter_Zone",3
"000:12:48.685","Info","Arena",1,"Exit_Zone",3
"000:12:48.685","Info","Arena",1,"Enter_Zone",4
"000:12:48.820","Info","Arena",1,"Exit_Zone",4
"000:12:48.820","Info","Arena",1,"Enter_Zone",2
"000:12:49.789","Info","Arena",1,"Exit_Zone",2
"000:12:49.789","Info","Arena",1,"Enter_Zone",4
"000:12:49.985","Info","Arena",1,"Exit_Zone",4
"000:12:49.985","Info","Arena",1,"Enter_Zone",1
"000:12:57.150","Info","Arena",2,"Exit_Zone",3
"000:12:57.150","Info","Arena",2,"Enter_Zone",4
"000:12:58.121","Info","Arena",2,"Exit_Zone",4
"000:12:58.121","Info","Arena",2,"Enter_Zone",2
"000:13:01.120","Info","Arena",2,"Exit_Zone",2
"000:13:01.120","Info","Arena",2,"Enter_Zone",4
"000:13:01.516","Info","Arena",2,"Exit_Zone",4
"000:13:01.516","Info","Arena",2,"Enter_Zone",3
"000:13:05.349","Info","Arena",2,"Exit_Zone",3
"000:13:05.349","Info","Arena",2,"Enter_Zone",4
"000:13:05.953","Info","Arena",2,"Exit_Zone",4
"000:13:05.953","Info","Arena",2,"Enter_Zone",2
"000:13:12.285","Info","Arena",2,"Exit_Zone",2
"000:13:12.285","Info","Arena",2,"Enter_Zone",4
"000:13:12.747","Info","Arena",2,"Exit_Zone",4
"000:13:12.747","Info","Arena",2,"Enter_Zone",3
"000:13:26.312","Info","Arena",2,"Exit_Zone",3
"000:13:26.312","Info","Arena",2,"Enter_Zone",4
"000:13:26.782","Info","Arena",2,"Exit_Zone",4
"000:13:26.782","Info","Arena",2,"Enter_Zone",1
"000:13:27.378","Info","Arena",2,"Exit_Zone",1
"000:13:27.378","Info","Arena",2,"Enter_Zone",4
"000:13:27.812","Info","Arena",2,"Exit_Zone",4
"000:13:27.812","Info","Arena",2,"Enter_Zone",3
"000:13:36.946","Info","Arena",2,"Exit_Zone",3
"000:13:36.946","Info","Arena",2,"Enter_Zone",4
"000:13:37.542","Info","Arena",2,"Exit_Zone",4
"000:13:37.542","Info","Arena",2,"Enter_Zone",2
"000:13:40.742","Info","Arena",2,"Exit_Zone",2
"000:13:40.742","Info","Arena",2,"Enter_Zone",4
"000:13:41.209","Info","Arena",2,"Exit_Zone",4
"000:13:41.209","Info","Arena",2,"Enter_Zone",3
"000:13:51.173","Info","Arena",2,"Exit_Zone",3
"000:13:51.173","Info","Arena",2,"Enter_Zone",4
"000:13:51.906","Info","Arena",2,"Exit_Zone",4
"000:13:51.906","Info","Arena",2,"Enter_Zone",2
"000:13:58.338","Info","Arena",2,"Exit_Zone",2
"000:13:58.338","Info","Arena",2,"Enter_Zone",4
"000:13:58.942","Info","Arena",2,"Exit_Zone",4
"000:13:58.942","Info","Arena",2,"Enter_Zone",3
"000:14:18.534","Info","Arena",2,"Exit_Zone",3
"000:14:18.534","Info","Arena",2,"Enter_Zone",4
"000:14:19.068","Info","Arena",2,"Exit_Zone",4
"000:14:19.068","Info","Arena",2,"Enter_Zone",2
"000:14:22.634","Info","Arena",2,"Exit_Zone",2
"000:14:22.634","Info","Arena",2,"Enter_Zone",4
"000:14:23.067","Info","Arena",2,"Exit_Zone",4
"000:14:23.067","Info","Arena",2,"Enter_Zone",3
"000:14:28.166","Info","Arena",2,"Exit_Zone",3
"000:14:28.166","Info","Arena",2,"Enter_Zone",4
"000:14:29.032","Info","Arena",2,"Exit_Zone",4
"000:14:29.032","Info","Arena",2,"Enter_Zone",2
"000:14:31.269","Info","Arena",2,"Exit_Zone",2
"000:14:31.269","Info","Arena",2,"Enter_Zone",4
"000:14:32.632","Info","Arena",2,"Exit_Zone",4
"000:14:32.632","Info","Arena",2,"Enter_Zone",1
"000:14:37.198","Info","Arena",2,"Exit_Zone",1
"000:14:37.198","Info","Arena",2,"Enter_Zone",4
"000:14:38.101","Info","Arena",2,"Exit_Zone",4
"000:14:38.101","Info","Arena",2,"Enter_Zone",2
"000:14:43.030","Info","Arena",2,"Exit_Zone",2
"000:14:43.030","Info","Arena",2,"Enter_Zone",4
"000:14:43.963","Info","Arena",2,"Exit_Zone",4
"000:14:43.963","Info","Arena",2,"Enter_Zone",1
"000:14:44.363","Info","Arena",2,"Exit_Zone",1
"000:14:44.363","Info","Arena",2,"Enter_Zone",4
"000:14:44.963","Info","Arena",2,"Exit_Zone",4
"000:14:44.963","Info","Arena",2,"Enter_Zone",2
"000:14:45.362","Info","Arena",2,"Exit_Zone",2
"000:14:45.362","Info","Arena",2,"Enter_Zone",4
"000:14:45.934","Info","Arena",2,"Exit_Zone",4
"000:14:45.934","Info","Arena",2,"Enter_Zone",1
"000:14:49.265","Info","Arena",2,"Exit_Zone",1
"000:14:49.265","Info","Arena",2,"Enter_Zone",4
"000:14:49.728","Info","Arena",2,"Exit_Zone",4
"000:14:49.728","Info","Arena",2,"Enter_Zone",3
"000:14:53.861","Info","Arena",2,"Exit_Zone",3
"000:14:53.861","Info","Arena",2,"Enter_Zone",4
"000:14:54.494","Info","Arena",2,"Exit_Zone",4
"000:14:54.494","Info","Arena",2,"Enter_Zone",2
"000:14:57.293","Info","Arena",2,"Exit_Zone",2
"000:14:57.293","Info","Arena",2,"Enter_Zone",4
"000:14:58.126","Info","Arena",2,"Exit_Zone",4
"000:14:58.126","Info","Arena",2,"Enter_Zone",1
"000:14:58.794","Info","Arena",2,"Exit_Zone",1
"000:14:58.794","Info","Arena",2,"Enter_Zone",4
"000:14:59.627","Info","Arena",2,"Exit_Zone",4
"000:14:59.627","Info","Arena",2,"Enter_Zone",3
"000:15:04.325","Info","Arena",2,"Exit_Zone",3
"000:15:04.325","Info","Arena",2,"Enter_Zone",4
"000:15:05.429","Info","Arena",2,"Exit_Zone",4
"000:15:05.429","Info","Arena",2,"Enter_Zone",2
"000:15:11.657","Info","Arena",2,"Exit_Zone",2
"000:15:11.657","Info","Arena",2,"Enter_Zone",4
"000:15:12.927","Info","Arena",2,"Exit_Zone",4
"000:15:12.927","Info","Arena",2,"Enter_Zone",1
"000:15:18.760","Info","Arena",2,"Exit_Zone",1
"000:15:18.760","Info","Arena",2,"Enter_Zone",4
"000:15:19.322","Info","Arena",2,"Exit_Zone",4
"000:15:19.322","Info","Arena",2,"Enter_Zone",2
"000:15:24.425","Info","Arena",2,"Exit_Zone",2
"000:15:24.425","Info","Arena",2,"Enter_Zone",4
"000:15:25.654","Info","Arena",2,"Exit_Zone",4
"000:15:25.654","Info","Arena",2,"Enter_Zone",3
"000:15:30.354","Info","Arena",2,"Exit_Zone",3
"000:15:30.354","Info","Arena",2,"Enter_Zone",4
"000:15:31.287","Info","Arena",2,"Exit_Zone",4
"000:15:31.287","Info","Arena",2,"Enter_Zone",2
"000:15:39.952","Info","Arena",2,"Exit_Zone",2
"000:15:39.952","Info","Arena",2,"Enter_Zone",4
"000:15:39.987","Info","Arena",2,"Exit_Zone",4
"000:15:39.987","Info","Arena",2,"Enter_Zone",2
"000:15:40.018","Info","Arena",2,"Exit_Zone",2
"000:15:40.018","Info","Arena",2,"Enter_Zone",4
"000:15:40.485","Info","Arena",2,"Exit_Zone",4
"000:15:40.485","Info","Arena",2,"Enter_Zone",3
"000:15:44.217","Info","Arena",2,"Exit_Zone",3
"000:15:44.217","Info","Arena",2,"Enter_Zone",4
"000:15:45.317","Info","Arena",2,"Exit_Zone",4
"000:15:45.317","Info","Arena",2,"Enter_Zone",2
"000:15:48.683","Info","Arena",2,"Exit_Zone",2
"000:15:48.683","Info","Arena",2,"Enter_Zone",4
"000:15:49.283","Info","Arena",2,"Exit_Zone",4
"000:15:49.283","Info","Arena",2,"Enter_Zone",3
"000:15:49.920","Info","Arena",2,"Exit_Zone",3
"000:15:49.920","Info","Arena",2,"Enter_Zone",4
"000:15:50.384","Info","Arena",2,"Exit_Zone",4
"000:15:50.384","Info","Arena",2,"Enter_Zone",1
"000:15:51.650","Info","Arena",2,"Exit_Zone",1
"000:15:51.650","Info","Arena",2,"Enter_Zone",4
"000:15:52.516","Info","Arena",2,"Exit_Zone",4
"000:15:52.516","Info","Arena",2,"Enter_Zone",3
"000:15:53.753","Info","Arena",2,"Exit_Zone",3
"000:15:53.753","Info","Arena",2,"Enter_Zone",4
"000:15:53.816","Info","Arena",2,"Exit_Zone",4
"000:15:53.816","Info","Arena",2,"Enter_Zone",3
"000:15:53.849","Info","Arena",2,"Exit_Zone",3
"000:15:53.849","Info","Arena",2,"Enter_Zone",4
"000:15:54.587","Info","Arena",2,"Exit_Zone",4
"000:15:54.587","Info","Arena",2,"Enter_Zone",3
"000:16:02.251","Info","Arena",2,"Exit_Zone",3
"000:16:02.251","Info","Arena",2,"Enter_Zone",4
"000:16:02.281","Info","Arena",2,"Exit_Zone",4
"000:16:02.281","Info","Arena",2,"Enter_Zone",3
"000:16:02.314","Info","Arena",2,"Exit_Zone",3
"000:16:02.314","Info","Arena",2,"Enter_Zone",4
"000:16:03.847","Info","Arena",2,"Exit_Zone",4
"000:16:03.847","Info","Arena",2,"Enter_Zone",2
"000:16:15.379","Info","Arena",2,"Exit_Zone",2
"000:16:15.379","Info","Arena",2,"Enter_Zone",4
"000:16:15.415","Info","Arena",2,"Exit_Zone",4
"000:16:15.415","Info","Arena",2,"Enter_Zone",2
"000:16:15.445","Info","Arena",2,"Exit_Zone",2
"000:16:15.445","Info","Arena",2,"Enter_Zone",4
"000:16:17.011","Info","Arena",2,"Exit_Zone",4
"000:16:17.011","Info","Arena",2,"Enter_Zone",1
"000:16:27.009","Info","Arena",2,"Exit_Zone",1
"000:16:27.009","Info","Arena",2,"Enter_Zone",4
"000:16:27.542","Info","Arena",2,"Exit_Zone",4
"000:16:27.542","Info","Arena",2,"Enter_Zone",3
"000:16:33.008","Info","Arena",2,"Exit_Zone",3
"000:16:33.008","Info","Arena",2,"Enter_Zone",4
"000:16:34.042","Info","Arena",2,"Exit_Zone",4
"000:16:34.042","Info","Arena",2,"Enter_Zone",1
"000:16:38.608","Info","Arena",2,"Exit_Zone",1
"000:16:38.608","Info","Arena",2,"Enter_Zone",4
"000:16:39.244","Info","Arena",2,"Exit_Zone",4
"000:16:39.244","Info","Arena",2,"Enter_Zone",3
"000:16:44.243","Info","Arena",2,"Exit_Zone",3
"000:16:44.243","Info","Arena",2,"Enter_Zone",4
"000:16:44.743","Info","Arena",2,"Exit_Zone",4
"000:16:44.743","Info","Arena",2,"Enter_Zone",1
"000:16:46.909","Info","Arena",2,"Exit_Zone",1
"000:16:46.909","Info","Arena",2,"Enter_Zone",4
"000:16:48.172","Info","Arena",2,"Exit_Zone",4
"000:16:48.172","Info","Arena",2,"Enter_Zone",2
"000:16:52.172","Info","Arena",2,"Exit_Zone",2
"000:16:52.172","Info","Arena",2,"Enter_Zone",4
"000:16:53.004","Info","Arena",2,"Exit_Zone",4
"000:16:53.004","Info","Arena",2,"Enter_Zone",1
"000:16:56.836","Info","Arena",2,"Exit_Zone",1
"000:16:56.836","Info","Arena",2,"Enter_Zone",4
"000:16:57.503","Info","Arena",2,"Exit_Zone",4
"000:16:57.503","Info","Arena",2,"Enter_Zone",3
"000:17:01.170","Info","Arena",2,"Exit_Zone",3
"000:17:01.170","Info","Arena",2,"Enter_Zone",4
"000:17:02.435","Info","Arena",2,"Exit_Zone",4
"000:17:02.435","Info","Arena",2,"Enter_Zone",1
"000:17:07.534","Info","Arena",2,"Exit_Zone",1
"000:17:07.534","Info","Arena",2,"Enter_Zone",4
"000:17:08.238","Info","Arena",2,"Exit_Zone",4
"000:17:08.238","Info","Arena",2,"Enter_Zone",3
"000:17:18.132","Info","Arena",2,"Exit_Zone",3
"000:17:18.132","Info","Arena",2,"Enter_Zone",4
"000:17:19.236","Info","Arena",2,"Exit_Zone",4
"000:17:19.236","Info","Arena",2,"Enter_Zone",2
"000:17:26.331","Info","Arena",2,"Exit_Zone",2
"000:17:26.331","Info","Arena",2,"Enter_Zone",4
"000:17:27.430","Info","Arena",2,"Exit_Zone",4
"000:17:27.430","Info","Arena",2,"Enter_Zone",1
"000:17:30.596","Info","Arena",2,"Exit_Zone",1
"000:17:30.596","Info","Arena",2,"Enter_Zone",4
"000:17:31.529","Info","Arena",2,"Exit_Zone",4
"000:17:31.529","Info","Arena",2,"Enter_Zone",2
"000:17:35.862","Info","Arena",2,"Exit_Zone",2
"000:17:35.862","Info","Arena",2,"Enter_Zone",4
"000:17:36.763","Info","Arena",2,"Exit_Zone",4
"000:17:36.763","Info","Arena",2,"Enter_Zone",3
"000:17:42.398","Info","Arena",2,"Exit_Zone",3
"000:17:42.398","Info","Arena",2,"Enter_Zone",4
"000:17:42.861","Info","Arena",2,"Exit_Zone",4
"000:17:42.861","Info","Arena",2,"Enter_Zone",1
"000:17:44.627","Info","Arena",1,"Exit_Zone",1
"000:17:44.627","Info","Arena",1,"Enter_Zone",4
"000:17:44.827","Info","Arena",1,"Exit_Zone",4
"000:17:44.827","Info","Arena",1,"Enter_Zone",3
"000:17:45.361","Info","Arena",2,"Exit_Zone",1
"000:17:45.361","Info","Arena",2,"Enter_Zone",4
"000:17:47.397","Info","Arena",2,"Exit_Zone",4
"000:17:47.397","Info","Arena",2,"Enter_Zone",3
"000:17:54.992","Info","Arena",2,"Exit_Zone",3
"000:17:54.992","Info","Arena",2,"Enter_Zone",4
"000:17:55.425","Info","Arena",2,"Exit_Zone",4
"000:17:55.425","Info","Arena",2,"Enter_Zone",1
"000:17:59.257","Info","Arena",1,"Exit_Zone",3
"000:17:59.257","Info","Arena",1,"Enter_Zone",4
"000:17:59.424","Info","Arena",1,"Exit_Zone",4
"000:17:59.424","Info","Arena",1,"Enter_Zone",3
"000:17:59.791","Info","Arena",2,"Exit_Zone",1
"000:17:59.791","Info","Arena",2,"Enter_Zone",4
"000:18:00.590","Info","Arena",2,"Exit_Zone",4
"000:18:00.590","Info","Arena",2,"Enter_Zone",2
"000:18:01.790","Info","Arena",2,"Exit_Zone",2
"000:18:01.790","Info","Arena",2,"Enter_Zone",4
"000:18:02.727","Info","Arena",2,"Exit_Zone",4
"000:18:02.727","Info","Arena",2,"Enter_Zone",1
"000:18:09.122","Info","Arena",2,"Exit_Zone",1
"000:18:09.122","Info","Arena",2,"Enter_Zone",4
"000:18:09.995","Info","Arena",2,"Exit_Zone",4
"000:18:09.995","Info","Arena",2,"Enter_Zone",3
"000:18:12.393","Info","Arena",1,"Exit_Zone",3
"000:18:12.393","Info","Arena",1,"Enter_Zone",4
"000:18:12.560","Info","Arena",1,"Exit_Zone",4
"000:18:12.560","Info","Arena",1,"Enter_Zone",1
"000:18:13.288","Info","Arena",2,"Exit_Zone",3
"000:18:13.288","Info","Arena",2,"Enter_Zone",4
"000:18:14.155","Info","Arena",2,"Exit_Zone",4
"000:18:14.155","Info","Arena",2,"Enter_Zone",1
"000:18:16.187","Info","Arena",2,"Exit_Zone",1
"000:18:16.187","Info","Arena",2,"Enter_Zone",4
"000:18:16.820","Info","Arena",2,"Exit_Zone",4
"000:18:16.820","Info","Arena",2,"Enter_Zone",3
"000:18:21.486","Info","Arena",2,"Exit_Zone",3
"000:18:21.486","Info","Arena",2,"Enter_Zone",4
"000:18:22.754","Info","Arena",2,"Exit_Zone",4
"000:18:22.754","Info","Arena",2,"Enter_Zone",2
"000:18:26.119","Info","Arena",2,"Exit_Zone",2
"000:18:26.119","Info","Arena",2,"Enter_Zone",4
"000:18:26.652","Info","Arena",2,"Exit_Zone",4
"000:18:26.652","Info","Arena",2,"Enter_Zone",3
"000:18:38.117","Info","Arena",2,"Exit_Zone",3
"000:18:38.117","Info","Arena",2,"Enter_Zone",4
"000:18:39.250","Info","Arena",2,"Exit_Zone",4
"000:18:39.250","Info","Arena",2,"Enter_Zone",1
"000:18:43.515","Info","Arena",2,"Exit_Zone",1
"000:18:43.515","Info","Arena",2,"Enter_Zone",4
"000:18:44.052","Info","Arena",2,"Exit_Zone",4
"000:18:44.052","Info","Arena",2,"Enter_Zone",3
"000:18:48.914","Info","Arena",2,"Exit_Zone",3
"000:18:48.914","Info","Arena",2,"Enter_Zone",4
"000:18:50.081","Info","Arena",2,"Exit_Zone",4
"000:18:50.081","Info","Arena",2,"Enter_Zone",2
"000:18:53.885","Info","Arena",2,"Exit_Zone",2
"000:18:53.885","Info","Arena",2,"Enter_Zone",4
"000:18:55.580","Info","Arena",2,"Exit_Zone",4
"000:18:55.580","Info","Arena",2,"Enter_Zone",3
"000:19:03.811","Info","Arena",2,"Exit_Zone",3
"000:19:03.811","Info","Arena",2,"Enter_Zone",4
"000:19:04.911","Info","Arena",2,"Exit_Zone",4
"000:19:04.911","Info","Arena",2,"Enter_Zone",2
"000:19:13.809","Info","Arena",2,"Exit_Zone",2
"000:19:13.809","Info","Arena",2,"Enter_Zone",4
"000:19:14.509","Info","Arena",2,"Exit_Zone",4
"000:19:14.509","Info","Arena",2,"Enter_Zone",1
"000:19:20.045","Info","Arena",2,"Exit_Zone",1
"000:19:20.045","Info","Arena",2,"Enter_Zone",4
"000:19:20.712","Info","Arena",2,"Exit_Zone",4
"000:19:20.712","Info","Arena",2,"Enter_Zone",2
"000:19:27.673","Info","Arena",2,"Exit_Zone",2
"000:19:27.673","Info","Arena",2,"Enter_Zone",4
"000:19:28.377","Info","Arena",2,"Exit_Zone",4
"000:19:28.377","Info","Arena",2,"Enter_Zone",1
"000:19:29.073","Info","Arena",2,"Exit_Zone",1
"000:19:29.073","Info","Arena",2,"Enter_Zone",4
"000:19:29.506","Info","Arena",2,"Exit_Zone",4
"000:19:29.506","Info","Arena",2,"Enter_Zone",2
"000:19:30.673","Info","Arena",2,"Exit_Zone",2
"000:19:30.673","Info","Arena",2,"Enter_Zone",4
"000:19:31.473","Info","Arena",2,"Exit_Zone",4
"000:19:31.473","Info","Arena",2,"Enter_Zone",1
"000:19:33.306","Info","Arena",2,"Exit_Zone",1
"000:19:33.306","Info","Arena",2,"Enter_Zone",4
"000:19:33.905","Info","Arena",2,"Exit_Zone",4
"000:19:33.905","Info","Arena",2,"Enter_Zone",2
"000:19:48.737","Info","Arena",2,"Exit_Zone",2
"000:19:48.737","Info","Arena",2,"Enter_Zone",4
"000:19:49.206","Info","Arena",2,"Exit_Zone",4
"000:19:49.206","Info","Arena",2,"Enter_Zone",1
"000:19:52.205","Info","Arena",2,"Exit_Zone",1
"000:19:52.205","Info","Arena",2,"Enter_Zone",4
"000:19:52.602","Info","Arena",2,"Exit_Zone",4
"000:19:52.602","Info","Arena",2,"Enter_Zone",2
"000:20:09.432","Info","Arena",2,"Exit_Zone",2
"000:20:09.432","Info","Arena",2,"Enter_Zone",4
"000:20:09.765","Info","Arena",2,"Exit_Zone",4
"000:20:09.765","Info","Arena",2,"Enter_Zone",1
"000:20:12.431","Info","Arena",2,"Exit_Zone",1
"000:20:12.431","Info","Arena",2,"Enter_Zone",4
"000:20:12.898","Info","Arena",2,"Exit_Zone",4
"000:20:12.898","Info","Arena",2,"Enter_Zone",2
"000:20:17.597","Info","Arena",2,"Exit_Zone",2
"000:20:17.597","Info","Arena",2,"Enter_Zone",4
"000:20:18.535","Info","Arena",2,"Exit_Zone",4
"000:20:18.535","Info","Arena",2,"Enter_Zone",1
"000:20:22.496","Info","Arena",2,"Exit_Zone",1
"000:20:22.496","Info","Arena",2,"Enter_Zone",4
"000:20:23.330","Info","Arena",2,"Exit_Zone",4
"000:20:23.330","Info","Arena",2,"Enter_Zone",2
"000:20:32.494","Info","Arena",2,"Exit_Zone",2
"000:20:32.494","Info","Arena",2,"Enter_Zone",4
"000:20:33.364","Info","Arena",2,"Exit_Zone",4
"000:20:33.364","Info","Arena",2,"Enter_Zone",1
"000:20:36.697","Info","Arena",2,"Exit_Zone",1
"000:20:36.697","Info","Arena",2,"Enter_Zone",4
"000:20:37.127","Info","Arena",2,"Exit_Zone",4
"000:20:37.127","Info","Arena",2,"Enter_Zone",2
"000:20:40.792","Info","Arena",2,"Exit_Zone",2
"000:20:40.792","Info","Arena",2,"Enter_Zone",4
"000:20:41.530","Info","Arena",2,"Exit_Zone",4
"000:20:41.530","Info","Arena",2,"Enter_Zone",1
"000:20:43.092","Info","Arena",2,"Exit_Zone",1
"000:20:43.092","Info","Arena",2,"Enter_Zone",4
"000:20:43.531","Info","Arena",2,"Exit_Zone",4
"000:20:43.531","Info","Arena",2,"Enter_Zone",2
"000:20:59.527","Info","Arena",2,"Exit_Zone",2
"000:20:59.527","Info","Arena",2,"Enter_Zone",4
"000:21:00.055","Info","Arena",2,"Exit_Zone",4
"000:21:00.055","Info","Arena",2,"Enter_Zone",1
"000:21:01.255","Info","Arena",2,"Exit_Zone",1
"000:21:01.255","Info","Arena",2,"Enter_Zone",4
"000:21:01.654","Info","Arena",2,"Exit_Zone",4
"000:21:01.654","Info","Arena",2,"Enter_Zone",2
"000:21:05.820","Info","Arena",2,"Exit_Zone",2
"000:21:05.820","Info","Arena",2,"Enter_Zone",4
"000:21:06.420","Info","Arena",2,"Exit_Zone",4
"000:21:06.420","Info","Arena",2,"Enter_Zone",1
"000:21:11.253","Info","Arena",2,"Exit_Zone",1
"000:21:11.253","Info","Arena",2,"Enter_Zone",4
"000:21:12.120","Info","Arena",2,"Exit_Zone",4
"000:21:12.120","Info","Arena",2,"Enter_Zone",2
"000:21:18.385","Info","Arena",1,"Exit_Zone",1
"000:21:18.385","Info","Arena",1,"Enter_Zone",4
"000:21:18.818","Info","Arena",1,"Exit_Zone",4
"000:21:18.818","Info","Arena",1,"Enter_Zone",2
"000:21:24.021","Info","Arena",2,"Exit_Zone",2
"000:21:24.021","Info","Arena",2,"Enter_Zone",4
"000:21:25.118","Info","Arena",2,"Exit_Zone",4
"000:21:25.118","Info","Arena",2,"Enter_Zone",1
"000:21:30.816","Info","Arena",2,"Exit_Zone",1
"000:21:30.816","Info","Arena",2,"Enter_Zone",4
"000:21:31.716","Info","Arena",2,"Exit_Zone",4
"000:21:31.716","Info","Arena",2,"Enter_Zone",3
"000:21:35.852","Info","Arena",2,"Exit_Zone",3
"000:21:35.852","Info","Arena",2,"Enter_Zone",4
"000:21:36.715","Info","Arena",2,"Exit_Zone",4
"000:21:36.715","Info","Arena",2,"Enter_Zone",2
"000:21:39.814","Info","Arena",2,"Exit_Zone",2
"000:21:39.814","Info","Arena",2,"Enter_Zone",4
"000:21:40.780","Info","Arena",2,"Exit_Zone",4
"000:21:40.780","Info","Arena",2,"Enter_Zone",3
"000:21:49.279","Info","Arena",2,"Exit_Zone",3
"000:21:49.279","Info","Arena",2,"Enter_Zone",4
"000:21:49.878","Info","Arena",2,"Exit_Zone",4
"000:21:49.878","Info","Arena",2,"Enter_Zone",1
"000:21:52.113","Info","Arena",1,"Exit_Zone",2
"000:21:52.113","Info","Arena",1,"Enter_Zone",4
"000:21:52.644","Info","Arena",1,"Exit_Zone",4
"000:21:52.644","Info","Arena",1,"Enter_Zone",3
"000:21:54.044","Info","Arena",2,"Exit_Zone",1
"000:21:54.044","Info","Arena",2,"Enter_Zone",4
"000:21:54.977","Info","Arena",2,"Exit_Zone",4
"000:21:54.977","Info","Arena",2,"Enter_Zone",2
"000:21:58.477","Info","Arena",2,"Exit_Zone",2
"000:21:58.477","Info","Arena",2,"Enter_Zone",4
"000:21:59.743","Info","Arena",2,"Exit_Zone",4
"000:21:59.743","Info","Arena",2,"Enter_Zone",3
"000:22:04.910","Info","Arena",2,"Exit_Zone",3
"000:22:04.910","Info","Arena",2,"Enter_Zone",4
"000:22:06.942","Info","Arena",2,"Exit_Zone",4
"000:22:06.942","Info","Arena",2,"Enter_Zone",1
"000:22:10.974","Info","Arena",2,"Exit_Zone",1
"000:22:10.974","Info","Arena",2,"Enter_Zone",4
"000:22:11.474","Info","Arena",2,"Exit_Zone",4
"000:22:11.474","Info","Arena",2,"Enter_Zone",3
"000:22:17.307","Info","Arena",2,"Exit_Zone",3
"000:22:17.307","Info","Arena",2,"Enter_Zone",4
"000:22:18.178","Info","Arena",2,"Exit_Zone",4
"000:22:18.178","Info","Arena",2,"Enter_Zone",2
"000:22:21.272","Info","Arena",2,"Exit_Zone",2
"000:22:21.272","Info","Arena",2,"Enter_Zone",4
"000:22:21.939","Info","Arena",2,"Exit_Zone",4
"000:22:21.939","Info","Arena",2,"Enter_Zone",1
"000:22:27.971","Info","Arena",2,"Exit_Zone",1
"000:22:27.971","Info","Arena",2,"Enter_Zone",4
"000:22:28.871","Info","Arena",2,"Exit_Zone",4
"000:22:28.871","Info","Arena",2,"Enter_Zone",3
"000:22:36.903","Info","Arena",2,"Exit_Zone",3
"000:22:36.903","Info","Arena",2,"Enter_Zone",4
"000:22:38.173","Info","Arena",2,"Exit_Zone",4
"000:22:38.173","Info","Arena",2,"Enter_Zone",2
"000:22:42.302","Info","Arena",2,"Exit_Zone",2
"000:22:42.302","Info","Arena",2,"Enter_Zone",4
"000:22:42.401","Info","Arena",2,"Exit_Zone",4
"000:22:42.401","Info","Arena",2,"Enter_Zone",2
"000:22:42.435","Info","Arena",2,"Exit_Zone",2
"000:22:42.435","Info","Arena",2,"Enter_Zone",4
"000:22:43.434","Info","Arena",1,"Exit_Zone",3
"000:22:43.434","Info","Arena",1,"Enter_Zone",4
"000:22:43.768","Info","Arena",1,"Exit_Zone",4
"000:22:43.768","Info","Arena",1,"Enter_Zone",2
"000:22:43.935","Info","Arena",2,"Exit_Zone",4
"000:22:43.935","Info","Arena",2,"Enter_Zone",3
"000:22:52.003","Info","Arena",1,"Exit_Zone",2
"000:22:52.003","Info","Arena",1,"Enter_Zone",4
"000:22:52.566","Info","Arena",1,"Exit_Zone",4
"000:22:52.566","Info","Arena",1,"Enter_Zone",3
"000:22:59.765","Info","Arena",2,"Exit_Zone",3
"000:22:59.765","Info","Arena",2,"Enter_Zone",4
"000:23:00.398","Info","Arena",2,"Exit_Zone",4
"000:23:00.398","Info","Arena",2,"Enter_Zone",1
"000:23:05.630","Info","Arena",2,"Exit_Zone",1
"000:23:05.630","Info","Arena",2,"Enter_Zone",4
"000:23:06.364","Info","Arena",2,"Exit_Zone",4
"000:23:06.364","Info","Arena",2,"Enter_Zone",3
"000:23:14.128","Info","Arena",2,"Exit_Zone",3
"000:23:14.128","Info","Arena",2,"Enter_Zone",4
"000:23:15.128","Info","Arena",2,"Exit_Zone",4
"000:23:15.128","Info","Arena",2,"Enter_Zone",2
"000:23:17.628","Info","Arena",2,"Exit_Zone",2
"000:23:17.628","Info","Arena",2,"Enter_Zone",4
"000:23:18.195","Info","Arena",2,"Exit_Zone",4
"000:23:18.195","Info","Arena",2,"Enter_Zone",3
"000:23:25.593","Info","Arena",2,"Exit_Zone",3
"000:23:25.593","Info","Arena",2,"Enter_Zone",4
"000:23:26.926","Info","Arena",2,"Exit_Zone",4
"000:23:26.926","Info","Arena",2,"Enter_Zone",2
"000:23:31.497","Info","Arena",2,"Exit_Zone",2
"000:23:31.497","Info","Arena",2,"Enter_Zone",4
"000:23:32.293","Info","Arena",2,"Exit_Zone",4
"000:23:32.293","Info","Arena",2,"Enter_Zone",3
"000:23:37.328","Info","Arena",2,"Exit_Zone",3
"000:23:37.328","Info","Arena",2,"Enter_Zone",4
"000:23:38.357","Info","Arena",2,"Exit_Zone",4
"000:23:38.357","Info","Arena",2,"Enter_Zone",2
"000:23:41.556","Info","Arena",1,"Exit_Zone",3
"000:23:41.556","Info","Arena",1,"Enter_Zone",4
"000:23:41.923","Info","Arena",1,"Exit_Zone",4
"000:23:41.923","Info","Arena",1,"Enter_Zone",2
"000:23:43.189","Info","Arena",2,"Exit_Zone",2
"000:23:43.189","Info","Arena",2,"Enter_Zone",4
"000:23:43.556","Info","Arena",1,"Exit_Zone",2
"000:23:43.556","Info","Arena",1,"Enter_Zone",4
"000:23:43.890","Info","Arena",1,"Exit_Zone",4
"000:23:43.890","Info","Arena",1,"Enter_Zone",1
"000:23:44.356","Info","Arena",2,"Exit_Zone",4
"000:23:44.356","Info","Arena",2,"Enter_Zone",3
"000:23:50.289","Info","Arena",1,"Exit_Zone",1
"000:23:50.289","Info","Arena",1,"Enter_Zone",4
"000:23:50.493","Info","Arena",2,"Exit_Zone",3
"000:23:50.493","Info","Arena",2,"Enter_Zone",4
"000:23:50.522","Info","Arena",1,"Exit_Zone",4
"000:23:50.522","Info","Arena",1,"Enter_Zone",1
"000:23:52.421","Info","Arena",2,"Exit_Zone",4
"000:23:52.421","Info","Arena",2,"Enter_Zone",1
"000:23:58.353","Info","Arena",2,"Exit_Zone",1
"000:23:58.353","Info","Arena",2,"Enter_Zone",4
"000:23:58.853","Info","Arena",2,"Exit_Zone",4
"000:23:58.853","Info","Arena",2,"Enter_Zone",3
"000:24:05.185","Info","Arena",2,"Exit_Zone",3
"000:24:05.185","Info","Arena",2,"Enter_Zone",4
"000:24:06.518","Info","Arena",2,"Exit_Zone",4
"000:24:06.518","Info","Arena",2,"Enter_Zone",1
"000:24:10.821","Info","Arena",1,"Exit_Zone",1
"000:24:10.821","Info","Arena",1,"Enter_Zone",4
"000:24:10.851","Info","Arena",1,"Exit_Zone",4
"000:24:10.851","Info","Arena",1,"Enter_Zone",1
"000:24:11.717","Info","Arena",2,"Exit_Zone",1
"000:24:11.717","Info","Arena",2,"Enter_Zone",4
"000:24:12.987","Info","Arena",2,"Exit_Zone",4
"000:24:12.987","Info","Arena",2,"Enter_Zone",2
"000:24:18.049","Info","Arena",2,"Exit_Zone",2
"000:24:18.049","Info","Arena",2,"Enter_Zone",4
"000:24:19.215","Info","Arena",2,"Exit_Zone",4
"000:24:19.215","Info","Arena",2,"Enter_Zone",3
"000:24:25.747","Info","Arena",2,"Exit_Zone",3
"000:24:25.747","Info","Arena",2,"Enter_Zone",4
"000:24:26.247","Info","Arena",2,"Exit_Zone",4
"000:24:26.247","Info","Arena",2,"Enter_Zone",1
"000:24:30.714","Info","Arena",2,"Exit_Zone",1
"000:24:30.714","Info","Arena",2,"Enter_Zone",4
"000:24:31.514","Info","Arena",2,"Exit_Zone",4
"000:24:31.514","Info","Arena",2,"Enter_Zone",3
"000:24:43.044","Info","Arena",2,"Exit_Zone",3
"000:24:43.044","Info","Arena",2,"Enter_Zone",4
"000:24:43.244","Info","Arena",2,"Exit_Zone",4
"000:24:43.244","Info","Arena",2,"Enter_Zone",3
"000:24:48.843","Info","Arena",2,"Exit_Zone",3
"000:24:48.843","Info","Arena",2,"Enter_Zone",4
"000:24:48.980","Info","Arena",2,"Exit_Zone",4
"000:24:48.980","Info","Arena",2,"Enter_Zone",3
"000:24:49.009","Info","Arena",2,"Exit_Zone",3
"000:24:49.009","Info","Arena",2,"Enter_Zone",4
"000:24:49.243","Info","Arena",2,"Exit_Zone",4
"000:24:49.243","Info","Arena",2,"Enter_Zone",3
"000:24:49.277","Info","Arena",2,"Exit_Zone",3
"000:24:49.277","Info","Arena",2,"Enter_Zone",4
"000:24:49.343","Info","Arena",2,"Exit_Zone",4
"000:24:49.343","Info","Arena",2,"Enter_Zone",3
"000:24:49.376","Info","Arena",2,"Exit_Zone",3
"000:24:49.376","Info","Arena",2,"Enter_Zone",4
"000:24:49.443","Info","Arena",2,"Exit_Zone",4
"000:24:49.443","Info","Arena",2,"Enter_Zone",3
"000:24:49.481","Info","Arena",2,"Exit_Zone",3
"000:24:49.481","Info","Arena",2,"Enter_Zone",4
"000:24:49.843","Info","Arena",2,"Exit_Zone",4
"000:24:49.843","Info","Arena",2,"Enter_Zone",3
"000:24:50.176","Info","Arena",2,"Exit_Zone",3
"000:24:50.176","Info","Arena",2,"Enter_Zone",4
"000:24:52.209","Info","Arena",2,"Exit_Zone",4
"000:24:52.209","Info","Arena",2,"Enter_Zone",3
"000:24:52.576","Info","Arena",1,"Exit_Zone",1
"000:24:52.576","Info","Arena",1,"Enter_Zone",4
"000:24:52.709","Info","Arena",1,"Exit_Zone",4
"000:24:52.709","Info","Arena",1,"Enter_Zone",2
"000:24:52.742","Info","Arena",1,"Exit_Zone",2
"000:24:52.742","Info","Arena",1,"Enter_Zone",4
"000:24:52.813","Info","Arena",1,"Exit_Zone",4
"000:24:52.813","Info","Arena",1,"Enter_Zone",1
"000:24:53.342","Info","Arena",2,"Exit_Zone",3
"000:24:53.342","Info","Arena",2,"Enter_Zone",4
"000:24:54.175","Info","Arena",2,"Exit_Zone",4
"000:24:54.175","Info","Arena",2,"Enter_Zone",3
"000:24:59.075","Info","Arena",2,"Exit_Zone",3
"000:24:59.075","Info","Arena",2,"Enter_Zone",4
"000:25:00.811","Info","Arena",2,"Exit_Zone",4
"000:25:00.811","Info","Arena",2,"Enter_Zone",1
"000:25:06.977","Info","Arena",2,"Exit_Zone",1
"000:25:06.977","Info","Arena",2,"Enter_Zone",4
"000:25:08.206","Info","Arena",2,"Exit_Zone",4
"000:25:08.206","Info","Arena",2,"Enter_Zone",2
"000:25:14.438","Info","Arena",2,"Exit_Zone",2
"000:25:14.438","Info","Arena",2,"Enter_Zone",4
"000:25:15.438","Info","Arena",2,"Exit_Zone",4
"000:25:15.438","Info","Arena",2,"Enter_Zone",1
"000:25:16.605","Info","Arena",2,"Exit_Zone",1
"000:25:16.605","Info","Arena",2,"Enter_Zone",4
"000:25:17.672","Info","Arena",2,"Exit_Zone",4
"000:25:17.672","Info","Arena",2,"Enter_Zone",2
"000:25:24.204","Info","Arena",2,"Exit_Zone",2
"000:25:24.204","Info","Arena",2,"Enter_Zone",4
"000:25:25.202","Info","Arena",2,"Exit_Zone",4
"000:25:25.202","Info","Arena",2,"Enter_Zone",3
"000:25:33.567","Info","Arena",2,"Exit_Zone",3
"000:25:33.567","Info","Arena",2,"Enter_Zone",4
"000:25:33.601","Info","Arena",2,"Exit_Zone",4
"000:25:33.601","Info","Arena",2,"Enter_Zone",3
"000:25:33.638","Info","Arena",2,"Exit_Zone",3
"000:25:33.638","Info","Arena",2,"Enter_Zone",4
"000:25:34.501","Info","Arena",2,"Exit_Zone",4
"000:25:34.501","Info","Arena",2,"Enter_Zone",2
"000:25:41.899","Info","Arena",2,"Exit_Zone",2
"000:25:41.899","Info","Arena",2,"Enter_Zone",4
"000:25:42.566","Info","Arena",2,"Exit_Zone",4
"000:25:42.566","Info","Arena",2,"Enter_Zone",3
"000:25:50.301","Info","Arena",2,"Exit_Zone",3
"000:25:50.301","Info","Arena",2,"Enter_Zone",4
"000:25:52.197","Info","Arena",2,"Exit_Zone",4
"000:25:52.197","Info","Arena",2,"Enter_Zone",1
"000:25:56.468","Info","Arena",2,"Exit_Zone",1
"000:25:56.468","Info","Arena",2,"Enter_Zone",4
"000:25:58.300","Info","Arena",2,"Exit_Zone",4
"000:25:58.300","Info","Arena",2,"Enter_Zone",3
"000:26:06.594","Info","Arena",2,"Exit_Zone",3
"000:26:06.594","Info","Arena",2,"Enter_Zone",4
"000:26:07.761","Info","Arena",2,"Exit_Zone",4
"000:26:07.761","Info","Arena",2,"Enter_Zone",1
"000:26:13.160","Info","Arena",2,"Exit_Zone",1
"000:26:13.160","Info","Arena",2,"Enter_Zone",4
"000:26:14.693","Info","Arena",2,"Exit_Zone",4
"000:26:14.693","Info","Arena",2,"Enter_Zone",2
"000:26:19.525","Info","Arena",2,"Exit_Zone",2
"000:26:19.525","Info","Arena",2,"Enter_Zone",4
"000:26:20.962","Info","Arena",2,"Exit_Zone",4
"000:26:20.962","Info","Arena",2,"Enter_Zone",1
"000:26:26.390","Info","Arena",2,"Exit_Zone",1
"000:26:26.390","Info","Arena",2,"Enter_Zone",4
"000:26:27.357","Info","Arena",2,"Exit_Zone",4
"000:26:27.357","Info","Arena",2,"Enter_Zone",3
"000:26:43.354","Info","Arena",2,"Exit_Zone",3
"000:26:43.354","Info","Arena",2,"Enter_Zone",4
"000:26:44.687","Info","Arena",2,"Exit_Zone",4
"000:26:44.687","Info","Arena",2,"Enter_Zone",2
"000:26:49.486","Info","Arena",2,"Exit_Zone",2
"000:26:49.486","Info","Arena",2,"Enter_Zone",4
"000:26:50.752","Info","Arena",2,"Exit_Zone",4
"000:26:50.752","Info","Arena",2,"Enter_Zone",1
"000:26:54.053","Info","Arena",2,"Exit_Zone",1
"000:26:54.053","Info","Arena",2,"Enter_Zone",4
"000:26:55.288","Info","Arena",2,"Exit_Zone",4
"000:26:55.288","Info","Arena",2,"Enter_Zone",3
"000:27:07.582","Info","Arena",2,"Exit_Zone",3
"000:27:07.582","Info","Arena",2,"Enter_Zone",4
"000:27:08.349","Info","Arena",2,"Exit_Zone",4
"000:27:08.349","Info","Arena",2,"Enter_Zone",2
"000:27:14.014","Info","Arena",2,"Exit_Zone",2
"000:27:14.014","Info","Arena",2,"Enter_Zone",4
"000:27:15.314","Info","Arena",2,"Exit_Zone",4
"000:27:15.314","Info","Arena",2,"Enter_Zone",1
"000:27:19.414","Info","Arena",2,"Exit_Zone",1
"000:27:19.414","Info","Arena",2,"Enter_Zone",4
"000:27:22.283","Info","Arena",2,"Exit_Zone",4
"000:27:22.283","Info","Arena",2,"Enter_Zone",3
"000:27:27.811","Info","Arena",2,"Exit_Zone",3
"000:27:27.811","Info","Arena",2,"Enter_Zone",4
"000:27:30.344","Info","Arena",2,"Exit_Zone",4
"000:27:30.344","Info","Arena",2,"Enter_Zone",1
"000:27:34.077","Info","Arena",2,"Exit_Zone",1
"000:27:34.077","Info","Arena",2,"Enter_Zone",4
"000:27:36.077","Info","Arena",2,"Exit_Zone",4
"000:27:36.077","Info","Arena",2,"Enter_Zone",2
"000:27:42.975","Info","Arena",2,"Exit_Zone",2
"000:27:42.975","Info","Arena",2,"Enter_Zone",4
"000:27:44.008","Info","Arena",2,"Exit_Zone",4
"000:27:44.008","Info","Arena",2,"Enter_Zone",3
"000:27:55.110","Info","Arena",2,"Exit_Zone",3
"000:27:55.110","Info","Arena",2,"Enter_Zone",4
"000:27:56.444","Info","Arena",2,"Exit_Zone",4
"000:27:56.444","Info","Arena",2,"Enter_Zone",1
"000:28:00.338","Info","Arena",2,"Exit_Zone",1
"000:28:00.338","Info","Arena",2,"Enter_Zone",4
"000:28:02.871","Info","Arena",2,"Exit_Zone",4
"000:28:02.871","Info","Arena",2,"Enter_Zone",3
"000:28:08.570","Info","Arena",2,"Exit_Zone",3
"000:28:08.570","Info","Arena",2,"Enter_Zone",4
"000:28:09.838","Info","Arena",2,"Exit_Zone",4
"000:28:09.838","Info","Arena",2,"Enter_Zone",2
"000:28:18.236","Info","Arena",2,"Exit_Zone",2
"000:28:18.236","Info","Arena",2,"Enter_Zone",4
"000:28:19.968","Info","Arena",2,"Exit_Zone",4
"000:28:19.968","Info","Arena",2,"Enter_Zone",3
"000:28:34.033","Info","Arena",2,"Exit_Zone",3
"000:28:34.033","Info","Arena",2,"Enter_Zone",4
"000:28:35.233","Info","Arena",2,"Exit_Zone",4
"000:28:35.233","Info","Arena",2,"Enter_Zone",2
"000:28:39.664","Info","Arena",2,"Exit_Zone",2
"000:28:39.664","Info","Arena",2,"Enter_Zone",4
"000:28:40.364","Info","Arena",2,"Exit_Zone",4
"000:28:40.364","Info","Arena",2,"Enter_Zone",3
"000:28:47.296","Info","Arena",2,"Exit_Zone",3
"000:28:47.296","Info","Arena",2,"Enter_Zone",4
"000:28:48.562","Info","Arena",2,"Exit_Zone",4
"000:28:48.562","Info","Arena",2,"Enter_Zone",2
"000:28:52.395","Info","Arena",2,"Exit_Zone",2
"000:28:52.395","Info","Arena",2,"Enter_Zone",4
"000:28:53.229","Info","Arena",2,"Exit_Zone",4
"000:28:53.229","Info","Arena",2,"Enter_Zone",3
"000:28:58.060","Info","Arena",2,"Exit_Zone",3
"000:28:58.060","Info","Arena",2,"Enter_Zone",4
"000:28:59.060","Info","Arena",2,"Exit_Zone",4
"000:28:59.060","Info","Arena",2,"Enter_Zone",2
"000:29:03.526","Info","Arena",2,"Exit_Zone",2
"000:29:03.526","Info","Arena",2,"Enter_Zone",4
"000:29:04.460","Info","Arena",2,"Exit_Zone",4
"000:29:04.460","Info","Arena",2,"Enter_Zone",3
"000:29:16.124","Info","Arena",2,"Exit_Zone",3
"000:29:16.124","Info","Arena",2,"Enter_Zone",4
"000:29:17.156","Info","Arena",2,"Exit_Zone",4
"000:29:17.156","Info","Arena",2,"Enter_Zone",1
"000:29:20.789","Info","Arena",2,"Exit_Zone",1
"000:29:20.789","Info","Arena",2,"Enter_Zone",4
"000:29:21.656","Info","Arena",2,"Exit_Zone",4
"000:29:21.656","Info","Arena",2,"Enter_Zone",3
"000:29:49.184","Info","Arena",2,"Exit_Zone",3
"000:29:49.184","Info","Arena",2,"Enter_Zone",4
"000:29:49.284","Info","Arena",2,"Exit_Zone",4
"000:29:49.284","Info","Arena",2,"Enter_Zone",3
"000:29:49.317","Info","Arena",2,"Exit_Zone",3
"000:29:49.317","Info","Arena",2,"Enter_Zone",4
"000:29:50.183","Info","Arena",2,"Exit_Zone",4
"000:29:50.183","Info","Arena",2,"Enter_Zone",1
"000:29:55.217","Info","Arena",2,"Exit_Zone",1
"000:29:55.217","Info","Arena",2,"Enter_Zone",4
"000:29:57.282","Info","Arena",2,"Exit_Zone",4
"000:29:57.282","Info","Arena",2,"Enter_Zone",3
"000:29:57.315","Info","Arena",2,"Exit_Zone",3
"000:29:57.315","Info","Arena",2,"Enter_Zone",4
"000:29:57.382","Info","Arena",2,"Exit_Zone",4
"000:29:57.382","Info","Arena",2,"Enter_Zone",3
"000:30:33.912","Info","Arena",2,"Exit_Zone",3
"000:30:33.912","Info","Arena",2,"Enter_Zone",4
"000:30:37.809","Info","Arena",2,"Exit_Zone",4
"000:30:37.809","Info","Arena",2,"Enter_Zone",1
"000:30:42.674","Info","Arena",2,"Exit_Zone",1
"000:30:42.674","Info","Arena",2,"Enter_Zone",4
"000:30:45.207","Info","Arena",2,"Exit_Zone",4
"000:30:45.207","Info","Arena",2,"Enter_Zone",2
"000:30:52.409","Info","Arena",2,"Exit_Zone",2
"000:30:52.409","Info","Arena",2,"Enter_Zone",4
"000:30:52.438","Info","Arena",2,"Exit_Zone",4
"000:30:52.438","Info","Arena",2,"Enter_Zone",2
"000:30:52.471","Info","Arena",2,"Exit_Zone",2
"000:30:52.471","Info","Arena",2,"Enter_Zone",4
"000:30:52.505","Info","Arena",2,"Exit_Zone",4
"000:30:52.505","Info","Arena",2,"Enter_Zone",2
"000:30:52.538","Info","Arena",2,"Exit_Zone",2
"000:30:52.538","Info","Arena",2,"Enter_Zone",4
"000:30:53.006","Info","Arena",2,"Exit_Zone",4
"000:30:53.006","Info","Arena",2,"Enter_Zone",2
"000:30:53.075","Info","Arena",2,"Exit_Zone",2
"000:30:53.075","Info","Arena",2,"Enter_Zone",4
"000:30:54.409","Info","Arena",2,"Exit_Zone",4
"000:30:54.409","Info","Arena",2,"Enter_Zone",3
"000:31:06.036","Info","Arena",2,"Exit_Zone",3
"000:31:06.036","Info","Arena",2,"Enter_Zone",4
"000:31:07.239","Info","Arena",2,"Exit_Zone",4
"000:31:07.239","Info","Arena",2,"Enter_Zone",2
"000:31:16.534","Info","Arena",2,"Exit_Zone",2
"000:31:16.534","Info","Arena",2,"Enter_Zone",4
"000:31:16.966","Info","Arena",2,"Exit_Zone",4
"000:31:16.966","Info","Arena",2,"Enter_Zone",3
"000:31:39.928","Info","Arena",2,"Exit_Zone",3
"000:31:39.928","Info","Arena",2,"Enter_Zone",4
"000:31:40.400","Info","Arena",2,"Exit_Zone",4
"000:31:40.400","Info","Arena",2,"Enter_Zone",1
"000:31:45.327","Info","Arena",2,"Exit_Zone",1
"000:31:45.327","Info","Arena",2,"Enter_Zone",4
"000:31:46.327","Info","Arena",2,"Exit_Zone",4
"000:31:46.327","Info","Arena",2,"Enter_Zone",3
"000:31:49.564","Info","Arena",2,"Exit_Zone",3
"000:31:49.564","Info","Arena",2,"Enter_Zone",4
"000:31:49.960","Info","Arena",2,"Exit_Zone",4
"000:31:49.960","Info","Arena",2,"Enter_Zone",2
"000:32:03.290","Info","Arena",2,"Exit_Zone",2
"000:32:03.290","Info","Arena",2,"Enter_Zone",4
"000:32:03.357","Info","Arena",2,"Exit_Zone",4
"000:32:03.357","Info","Arena",2,"Enter_Zone",2
"000:32:03.524","Info","Arena",2,"Exit_Zone",2
"000:32:03.524","Info","Arena",2,"Enter_Zone",4
"000:32:03.791","Info","Arena",2,"Exit_Zone",4
"000:32:03.791","Info","Arena",2,"Enter_Zone",2
"000:32:03.824","Info","Arena",2,"Exit_Zone",2
"000:32:03.824","Info","Arena",2,"Enter_Zone",4
"000:32:06.157","Info","Arena",2,"Exit_Zone",4
"000:32:06.157","Info","Arena",2,"Enter_Zone",3
"000:32:09.726","Info","Arena",2,"Exit_Zone",3
"000:32:09.726","Info","Arena",2,"Enter_Zone",4
"000:32:10.394","Info","Arena",2,"Exit_Zone",4
"000:32:10.394","Info","Arena",2,"Enter_Zone",1
"000:32:11.489","Info","Arena",2,"Exit_Zone",1
"000:32:11.489","Info","Arena",2,"Enter_Zone",4
"000:32:11.855","Info","Arena",2,"Exit_Zone",4
"000:32:11.855","Info","Arena",2,"Enter_Zone",3
"000:32:18.354","Info","Arena",2,"Exit_Zone",3
"000:32:18.354","Info","Arena",2,"Enter_Zone",4
"000:32:19.891","Info","Arena",2,"Exit_Zone",4
"000:32:19.891","Info","Arena",2,"Enter_Zone",1
"000:32:24.224","Info","Arena",2,"Exit_Zone",1
"000:32:24.224","Info","Arena",2,"Enter_Zone",4
"000:32:25.419","Info","Arena",2,"Exit_Zone",4
"000:32:25.419","Info","Arena",2,"Enter_Zone",2
"000:32:33.723","Info","Arena",2,"Exit_Zone",2
"000:32:33.723","Info","Arena",2,"Enter_Zone",4
"000:32:39.417","Info","Arena",2,"Exit_Zone",4
"000:32:39.417","Info","Arena",2,"Enter_Zone",2
"000:33:00.912","Info","Arena",2,"Exit_Zone",2
"000:33:00.912","Info","Arena",2,"Enter_Zone",4
"000:33:02.780","Info","Arena",2,"Exit_Zone",4
"000:33:02.780","Info","Arena",2,"Enter_Zone",3
"000:33:11.810","Info","Arena",2,"Exit_Zone",3
"000:33:11.810","Info","Arena",2,"Enter_Zone",4
"000:33:19.212","Info","Arena",2,"Exit_Zone",4
"000:33:19.212","Info","Arena",2,"Enter_Zone",2
"000:33:29.044","Info","Arena",2,"Exit_Zone",2
"000:33:29.044","Info","Arena",2,"Enter_Zone",4
"000:33:29.140","Info","Arena",2,"Exit_Zone",4
"000:33:29.140","Info","Arena",2,"Enter_Zone",2
"000:33:30.340","Info","Arena",2,"Exit_Zone",2
"000:33:30.340","Info","Arena",2,"Enter_Zone",4
"000:33:32.210","Info","Arena",2,"Exit_Zone",4
"000:33:32.210","Info","Arena",2,"Enter_Zone",3
"000:33:56.735","Info","Arena",2,"Exit_Zone",3
"000:33:56.735","Info","Arena",2,"Enter_Zone",4
"000:33:57.435","Info","Arena",2,"Exit_Zone",4
"000:33:57.435","Info","Arena",2,"Enter_Zone",1
"000:34:02.600","Info","Arena",2,"Exit_Zone",1
"000:34:02.600","Info","Arena",2,"Enter_Zone",4
"000:34:04.100","Info","Arena",2,"Exit_Zone",4
"000:34:04.100","Info","Arena",2,"Enter_Zone",3
"000:34:18.097","Info","Arena",2,"Exit_Zone",3
"000:34:18.097","Info","Arena",2,"Enter_Zone",4
"000:34:18.766","Info","Arena",2,"Exit_Zone",4
"000:34:18.766","Info","Arena",2,"Enter_Zone",1
"000:34:27.033","Info","Arena",2,"Exit_Zone",1
"000:34:27.033","Info","Arena",2,"Enter_Zone",4
"000:34:29.628","Info","Arena",2,"Exit_Zone",4
"000:34:29.628","Info","Arena",2,"Enter_Zone",3
"000:34:48.258","Info","Arena",2,"Exit_Zone",3
"000:34:48.258","Info","Arena",2,"Enter_Zone",4
"000:34:51.924","Info","Arena",2,"Exit_Zone",4
"000:34:51.924","Info","Arena",2,"Enter_Zone",1
"000:35:06.192","Info","Arena",2,"Exit_Zone",1
"000:35:06.192","Info","Arena",2,"Enter_Zone",4
"000:35:06.788","Info","Arena",2,"Exit_Zone",4
"000:35:06.788","Info","Arena",2,"Enter_Zone",3
"000:35:22.358","Info","Arena",2,"Exit_Zone",3
"000:35:22.358","Info","Arena",2,"Enter_Zone",4
"000:35:23.585","Info","Arena",2,"Exit_Zone",4
"000:35:23.585","Info","Arena",2,"Enter_Zone",2
"000:35:33.649","Info","Arena",2,"Exit_Zone",2
"000:35:33.649","Info","Arena",2,"Enter_Zone",4
"000:35:35.482","Info","Arena",2,"Exit_Zone",4
"000:35:35.482","Info","Arena",2,"Enter_Zone",1
"000:35:39.282","Info","Arena",2,"Exit_Zone",1
"000:35:39.282","Info","Arena",2,"Enter_Zone",4
"000:35:41.684","Info","Arena",2,"Exit_Zone",4
"000:35:41.684","Info","Arena",2,"Enter_Zone",3
"000:35:48.916","Info","Arena",2,"Exit_Zone",3
"000:35:48.916","Info","Arena",2,"Enter_Zone",4
"000:35:50.946","Info","Arena",2,"Exit_Zone",4
"000:35:50.946","Info","Arena",2,"Enter_Zone",1
"000:35:58.077","Info","Arena",2,"Exit_Zone",1
"000:35:58.077","Info","Arena",2,"Enter_Zone",4
"000:35:58.181","Info","Arena",2,"Exit_Zone",4
"000:35:58.181","Info","Arena",2,"Enter_Zone",1
"000:35:58.444","Info","Arena",2,"Exit_Zone",1
"000:35:58.444","Info","Arena",2,"Enter_Zone",4
"000:36:00.145","Info","Arena",2,"Exit_Zone",4
"000:36:00.145","Info","Arena",2,"Enter_Zone",2
"000:36:07.475","Info","Arena",2,"Exit_Zone",2
"000:36:07.475","Info","Arena",2,"Enter_Zone",4
"000:36:08.512","Info","Arena",2,"Exit_Zone",4
"000:36:08.512","Info","Arena",2,"Enter_Zone",3
"000:36:31.138","Info","Arena",2,"Exit_Zone",3
"000:36:31.138","Info","Arena",2,"Enter_Zone",4
"000:36:32.238","Info","Arena",2,"Exit_Zone",4
"000:36:32.238","Info","Arena",2,"Enter_Zone",1
"000:36:43.868","Info","Arena",2,"Exit_Zone",1
"000:36:43.868","Info","Arena",2,"Enter_Zone",4
"000:36:45.468","Info","Arena",2,"Exit_Zone",4
"000:36:45.468","Info","Arena",2,"Enter_Zone",3
"000:37:02.231","Info","Arena",2,"Exit_Zone",3
"000:37:02.231","Info","Arena",2,"Enter_Zone",4
"000:37:02.865","Info","Arena",2,"Exit_Zone",4
"000:37:02.865","Info","Arena",2,"Enter_Zone",1
"000:37:05.566","Info","Arena",2,"Exit_Zone",1
"000:37:05.566","Info","Arena",2,"Enter_Zone",4
"000:37:06.132","Info","Arena",2,"Exit_Zone",4
"000:37:06.132","Info","Arena",2,"Enter_Zone",3
"000:37:09.396","Info","Arena",2,"Exit_Zone",3
"000:37:09.396","Info","Arena",2,"Enter_Zone",4
"000:37:10.167","Info","Arena",2,"Exit_Zone",4
"000:37:10.167","Info","Arena",2,"Enter_Zone",1
"000:37:13.666","Info","Arena",2,"Exit_Zone",1
"000:37:13.666","Info","Arena",2,"Enter_Zone",4
"000:37:15.696","Info","Arena",2,"Exit_Zone",4
"000:37:15.696","Info","Arena",2,"Enter_Zone",3
"000:37:38.424","Info","Arena",2,"Exit_Zone",3
"000:37:38.424","Info","Arena",2,"Enter_Zone",4
"000:37:39.191","Info","Arena",2,"Exit_Zone",4
"000:37:39.191","Info","Arena",2,"Enter_Zone",1
"000:37:49.255","Info","Arena",2,"Exit_Zone",1
"000:37:49.255","Info","Arena",2,"Enter_Zone",4
"000:37:51.022","Info","Arena",2,"Exit_Zone",4
"000:37:51.022","Info","Arena",2,"Enter_Zone",2
"000:37:57.554","Info","Arena",2,"Exit_Zone",2
"000:37:57.554","Info","Arena",2,"Enter_Zone",4
"000:37:58.824","Info","Arena",2,"Exit_Zone",4
"000:37:58.824","Info","Arena",2,"Enter_Zone",3
"000:37:58.854","Info","Arena",2,"Exit_Zone",3
"000:37:58.854","Info","Arena",2,"Enter_Zone",4
"000:37:58.887","Info","Arena",2,"Exit_Zone",4
"000:37:58.887","Info","Arena",2,"Enter_Zone",3
"000:38:03.990","Info","Arena",2,"Exit_Zone",3
"000:38:03.990","Info","Arena",2,"Enter_Zone",4
"000:38:04.686","Info","Arena",2,"Exit_Zone",4
"000:38:04.686","Info","Arena",2,"Enter_Zone",1
"000:38:06.055","Info","Arena",2,"Exit_Zone",1
"000:38:06.055","Info","Arena",2,"Enter_Zone",4
"000:38:08.418","Info","Arena",2,"Exit_Zone",4
"000:38:08.418","Info","Arena",2,"Enter_Zone",2
"000:38:19.616","Info","Arena",2,"Exit_Zone",2
"000:38:19.616","Info","Arena",2,"Enter_Zone",4
"000:38:20.283","Info","Arena",2,"Exit_Zone",4
"000:38:20.283","Info","Arena",2,"Enter_Zone",3
"000:38:35.484","Info","Arena",2,"Exit_Zone",3
"000:38:35.484","Info","Arena",2,"Enter_Zone",4
"000:38:36.246","Info","Arena",2,"Exit_Zone",4
"000:38:36.246","Info","Arena",2,"Enter_Zone",1
"000:38:37.613","Info","Arena",2,"Exit_Zone",1
"000:38:37.613","Info","Arena",2,"Enter_Zone",4
"000:38:38.446","Info","Arena",2,"Exit_Zone",4
"000:38:38.446","Info","Arena",2,"Enter_Zone",3
"000:39:01.008","Info","Arena",2,"Exit_Zone",3
"000:39:01.008","Info","Arena",2,"Enter_Zone",4
"000:39:02.575","Info","Arena",2,"Exit_Zone",4
"000:39:02.575","Info","Arena",2,"Enter_Zone",2
"000:39:08.273","Info","Arena",2,"Exit_Zone",2
"000:39:08.273","Info","Arena",2,"Enter_Zone",4
"000:39:08.874","Info","Arena",2,"Exit_Zone",4
"000:39:08.874","Info","Arena",2,"Enter_Zone",3
"000:39:10.839","Info","Arena",2,"Exit_Zone",3
"000:39:10.839","Info","Arena",2,"Enter_Zone",4
"000:39:12.039","Info","Arena",2,"Exit_Zone",4
"000:39:12.039","Info","Arena",2,"Enter_Zone",2
"000:39:18.405","Info","Arena",2,"Exit_Zone",2
"000:39:18.405","Info","Arena",2,"Enter_Zone",4
"000:39:19.974","Info","Arena",2,"Exit_Zone",4
"000:39:19.974","Info","Arena",2,"Enter_Zone",1
"000:39:28.236","Info","Arena",2,"Exit_Zone",1
"000:39:28.236","Info","Arena",2,"Enter_Zone",4
"000:39:30.806","Info","Arena",2,"Exit_Zone",4
"000:39:30.806","Info","Arena",2,"Enter_Zone",3
"000:39:35.602","Info","Arena",2,"Exit_Zone",3
"000:39:35.602","Info","Arena",2,"Enter_Zone",4
"000:39:36.102","Info","Arena",2,"Exit_Zone",4
"000:39:36.102","Info","Arena",2,"Enter_Zone",1
"000:39:39.137","Info","Arena",2,"Exit_Zone",1
"000:39:39.137","Info","Arena",2,"Enter_Zone",4
"000:39:39.567","Info","Arena",2,"Exit_Zone",4
"000:39:39.567","Info","Arena",2,"Enter_Zone",3
"000:40:04.829","Info","Arena",2,"Exit_Zone",3
"000:40:04.829","Info","Arena",2,"Enter_Zone",4
"000:40:05.696","Info","Arena",2,"Exit_Zone",4
"000:40:05.696","Info","Arena",2,"Enter_Zone",1
"000:40:13.131","Info","Arena",2,"Exit_Zone",1
"000:40:13.131","Info","Arena",2,"Enter_Zone",4
"000:40:14.094","Info","Arena",2,"Exit_Zone",4
"000:40:14.094","Info","Arena",2,"Enter_Zone",2
"000:40:22.297","Info","Arena",2,"Exit_Zone",2
"000:40:22.297","Info","Arena",2,"Enter_Zone",4
"000:40:23.225","Info","Arena",2,"Exit_Zone",4
"000:40:23.225","Info","Arena",2,"Enter_Zone",3
"000:40:32.423","Info","Arena",2,"Exit_Zone",3
"000:40:32.423","Info","Arena",2,"Enter_Zone",4
"000:40:32.491","Info","Arena",2,"Exit_Zone",4
"000:40:32.491","Info","Arena",2,"Enter_Zone",3
"000:40:32.524","Info","Arena",2,"Exit_Zone",3
"000:40:32.524","Info","Arena",2,"Enter_Zone",4
"000:40:34.128","Info","Arena",2,"Exit_Zone",4
"000:40:34.128","Info","Arena",2,"Enter_Zone",2
"000:40:41.089","Info","Arena",2,"Exit_Zone",2
"000:40:41.089","Info","Arena",2,"Enter_Zone",4
"000:40:41.255","Info","Arena",2,"Exit_Zone",4
"000:40:41.255","Info","Arena",2,"Enter_Zone",2
"000:40:41.293","Info","Arena",2,"Exit_Zone",2
"000:40:41.293","Info","Arena",2,"Enter_Zone",4
"000:40:43.155","Info","Arena",2,"Exit_Zone",4
"000:40:43.155","Info","Arena",2,"Enter_Zone",1
"000:40:48.088","Info","Arena",2,"Exit_Zone",1
"000:40:48.088","Info","Arena",2,"Enter_Zone",4
"000:40:49.520","Info","Arena",2,"Exit_Zone",4
"000:40:49.520","Info","Arena",2,"Enter_Zone",3
"000:40:53.319","Info","Arena",2,"Exit_Zone",3
"000:40:53.319","Info","Arena",2,"Enter_Zone",4
"000:40:54.290","Info","Arena",2,"Exit_Zone",4
"000:40:54.290","Info","Arena",2,"Enter_Zone",2
"000:40:58.351","Info","Arena",2,"Exit_Zone",2
"000:40:58.351","Info","Arena",2,"Enter_Zone",4
"000:41:00.351","Info","Arena",2,"Exit_Zone",4
"000:41:00.351","Info","Arena",2,"Enter_Zone",1
"000:41:09.183","Info","Arena",2,"Exit_Zone",1
"000:41:09.183","Info","Arena",2,"Enter_Zone",4
"000:41:10.183","Info","Arena",2,"Exit_Zone",4
"000:41:10.183","Info","Arena",2,"Enter_Zone",3
"000:41:26.146","Info","Arena",2,"Exit_Zone",3
"000:41:26.146","Info","Arena",2,"Enter_Zone",4
"000:41:27.512","Info","Arena",2,"Exit_Zone",4
"000:41:27.512","Info","Arena",2,"Enter_Zone",2
"000:41:29.979","Info","Arena",2,"Exit_Zone",2
"000:41:29.979","Info","Arena",2,"Enter_Zone",4
"000:41:30.012","Info","Arena",2,"Exit_Zone",4
"000:41:30.012","Info","Arena",2,"Enter_Zone",2
"000:41:30.045","Info","Arena",2,"Exit_Zone",2
"000:41:30.045","Info","Arena",2,"Enter_Zone",4
"000:41:30.079","Info","Arena",2,"Exit_Zone",4
"000:41:30.079","Info","Arena",2,"Enter_Zone",2
"000:41:30.212","Info","Arena",2,"Exit_Zone",2
"000:41:30.212","Info","Arena",2,"Enter_Zone",4
"000:41:31.511","Info","Arena",2,"Exit_Zone",4
"000:41:31.511","Info","Arena",2,"Enter_Zone",3
"000:41:40.377","Info","Arena",2,"Exit_Zone",3
"000:41:40.377","Info","Arena",2,"Enter_Zone",4
"000:41:42.310","Info","Arena",2,"Exit_Zone",4
"000:41:42.310","Info","Arena",2,"Enter_Zone",1
"000:41:54.540","Info","Arena",2,"Exit_Zone",1
"000:41:54.540","Info","Arena",2,"Enter_Zone",4
"000:41:55.807","Info","Arena",2,"Exit_Zone",4
"000:41:55.807","Info","Arena",2,"Enter_Zone",3
"000:42:10.737","Info","Arena",2,"Exit_Zone",3
"000:42:10.737","Info","Arena",2,"Enter_Zone",4
"000:42:11.637","Info","Arena",2,"Exit_Zone",4
"000:42:11.637","Info","Arena",2,"Enter_Zone",2
"000:42:15.870","Info","Arena",2,"Exit_Zone",2
"000:42:15.870","Info","Arena",2,"Enter_Zone",4
"000:42:17.369","Info","Arena",2,"Exit_Zone",4
"000:42:17.369","Info","Arena",2,"Enter_Zone",3
"000:42:19.402","Info","Arena",2,"Exit_Zone",3
"000:42:19.402","Info","Arena",2,"Enter_Zone",4
"000:42:20.202","Info","Arena",2,"Exit_Zone",4
"000:42:20.202","Info","Arena",2,"Enter_Zone",1
"000:42:23.501","Info","Arena",2,"Exit_Zone",1
"000:42:23.501","Info","Arena",2,"Enter_Zone",4
"000:42:23.772","Info","Arena",2,"Exit_Zone",4
"000:42:23.772","Info","Arena",2,"Enter_Zone",3
"000:42:24.534","Info","Arena",2,"Exit_Zone",3
"000:42:24.534","Info","Arena",2,"Enter_Zone",4
"000:42:25.234","Info","Arena",2,"Exit_Zone",4
"000:42:25.234","Info","Arena",2,"Enter_Zone",1
"000:42:29.604","Info","Arena",2,"Exit_Zone",1
"000:42:29.604","Info","Arena",2,"Enter_Zone",4
"000:42:29.633","Info","Arena",2,"Exit_Zone",4
"000:42:29.633","Info","Arena",2,"Enter_Zone",1
"000:42:29.668","Info","Arena",2,"Exit_Zone",1
"000:42:29.668","Info","Arena",2,"Enter_Zone",4
"000:42:30.033","Info","Arena",2,"Exit_Zone",4
"000:42:30.033","Info","Arena",2,"Enter_Zone",3
"000:42:32.733","Info","Arena",2,"Exit_Zone",3
"000:42:32.733","Info","Arena",2,"Enter_Zone",4
"000:42:33.300","Info","Arena",2,"Exit_Zone",4
"000:42:33.300","Info","Arena",2,"Enter_Zone",1
"000:42:34.900","Info","Arena",2,"Exit_Zone",1
"000:42:34.900","Info","Arena",2,"Enter_Zone",4
"000:42:35.833","Info","Arena",2,"Exit_Zone",4
"000:42:35.833","Info","Arena",2,"Enter_Zone",3
"000:42:41.397","Info","Arena",2,"Exit_Zone",3
"000:42:41.397","Info","Arena",2,"Enter_Zone",4
"000:42:42.397","Info","Arena",2,"Exit_Zone",4
"000:42:42.397","Info","Arena",2,"Enter_Zone",1
"000:42:47.064","Info","Arena",2,"Exit_Zone",1
"000:42:47.064","Info","Arena",2,"Enter_Zone",4
"000:42:47.767","Info","Arena",2,"Exit_Zone",4
"000:42:47.767","Info","Arena",2,"Enter_Zone",3
"000:42:50.196","Info","Arena",2,"Exit_Zone",3
"000:42:50.196","Info","Arena",2,"Enter_Zone",4
"000:42:50.696","Info","Arena",2,"Exit_Zone",4
"000:42:50.696","Info","Arena",2,"Enter_Zone",1
"000:42:59.462","Info","Arena",2,"Exit_Zone",1
"000:42:59.462","Info","Arena",2,"Enter_Zone",4
"000:43:01.527","Info","Arena",2,"Exit_Zone",4
"000:43:01.527","Info","Arena",2,"Enter_Zone",3
"000:43:05.693","Info","Arena",2,"Exit_Zone",3
"000:43:05.693","Info","Arena",2,"Enter_Zone",4
"000:43:06.461","Info","Arena",2,"Exit_Zone",4
"000:43:06.461","Info","Arena",2,"Enter_Zone",2
"000:43:10.526","Info","Arena",2,"Exit_Zone",2
"000:43:10.526","Info","Arena",2,"Enter_Zone",4
"000:43:10.859","Info","Arena",2,"Exit_Zone",4
"000:43:10.859","Info","Arena",2,"Enter_Zone",3
"000:43:30.355","Info","Arena",2,"Exit_Zone",3
"000:43:30.355","Info","Arena",2,"Enter_Zone",4
"000:43:31.055","Info","Arena",2,"Exit_Zone",4
"000:43:31.055","Info","Arena",2,"Enter_Zone",2
"000:43:33.856","Info","Arena",2,"Exit_Zone",2
"000:43:33.856","Info","Arena",2,"Enter_Zone",4
"000:43:34.120","Info","Arena",2,"Exit_Zone",4
"000:43:34.120","Info","Arena",2,"Enter_Zone",3
"000:44:45.274","Info","Arena",2,"Exit_Zone",3
"000:44:45.274","Info","Arena",2,"Enter_Zone",4
"000:44:45.577","Info","Arena",2,"Exit_Zone",4
"000:44:45.577","Info","Arena",2,"Enter_Zone",1
"000:45:03.603","Info","Arena",2,"Exit_Zone",1
"000:45:03.603","Info","Arena",2,"Enter_Zone",4
"000:45:04.303","Info","Arena",2,"Exit_Zone",4
"000:45:04.303","Info","Arena",2,"Enter_Zone",2
"000:45:08.968","Info","Arena",2,"Exit_Zone",2
"000:45:08.968","Info","Arena",2,"Enter_Zone",4
"000:45:10.203","Info","Arena",2,"Exit_Zone",4
"000:45:10.203","Info","Arena",2,"Enter_Zone",3
"000:45:21.499","Info","Arena",2,"Exit_Zone",3
"000:45:21.499","Info","Arena",2,"Enter_Zone",4
"000:45:22.736","Info","Arena",2,"Exit_Zone",4
"000:45:22.736","Info","Arena",2,"Enter_Zone",1
"000:45:38.529","Info","Arena",2,"Exit_Zone",1
"000:45:38.529","Info","Arena",2,"Enter_Zone",4
"000:45:39.329","Info","Arena",2,"Exit_Zone",4
"000:45:39.329","Info","Arena",2,"Enter_Zone",3
"000:45:46.661","Info","Arena",2,"Exit_Zone",3
"000:45:46.661","Info","Arena",2,"Enter_Zone",4
"000:45:47.630","Info","Arena",2,"Exit_Zone",4
"000:45:47.630","Info","Arena",2,"Enter_Zone",2
"000:45:52.493","Info","Arena",2,"Exit_Zone",2
"000:45:52.493","Info","Arena",2,"Enter_Zone",4
"000:45:52.527","Info","Arena",2,"Exit_Zone",4
"000:45:52.527","Info","Arena",2,"Enter_Zone",2
"000:45:52.564","Info","Arena",2,"Exit_Zone",2
"000:45:52.564","Info","Arena",2,"Enter_Zone",4
"000:45:53.793","Info","Arena",2,"Exit_Zone",4
"000:45:53.793","Info","Arena",2,"Enter_Zone",3
"000:46:03.191","Info","Arena",2,"Exit_Zone",3
"000:46:03.191","Info","Arena",2,"Enter_Zone",4
"000:46:04.791","Info","Arena",2,"Exit_Zone",4
"000:46:04.791","Info","Arena",2,"Enter_Zone",1
"000:46:08.625","Info","Arena",2,"Exit_Zone",1
"000:46:08.625","Info","Arena",2,"Enter_Zone",4
"000:46:08.990","Info","Arena",2,"Exit_Zone",4
"000:46:08.990","Info","Arena",2,"Enter_Zone",2
"000:46:23.354","Info","Arena",2,"Exit_Zone",2
"000:46:23.354","Info","Arena",2,"Enter_Zone",4
"000:46:24.254","Info","Arena",2,"Exit_Zone",4
"000:46:24.254","Info","Arena",2,"Enter_Zone",3
"000:46:52.053","Info","Arena",2,"Exit_Zone",3
"000:46:52.053","Info","Arena",2,"Enter_Zone",4
"000:46:52.948","Info","Arena",2,"Exit_Zone",4
"000:46:52.948","Info","Arena",2,"Enter_Zone",2
"000:46:59.847","Info","Arena",1,"Exit_Zone",1
"000:46:59.847","Info","Arena",1,"Enter_Zone",4
"000:46:59.947","Info","Arena",1,"Exit_Zone",4
"000:46:59.947","Info","Arena",1,"Enter_Zone",1
"000:47:16.943","Info","Arena",2,"Exit_Zone",2
"000:47:16.943","Info","Arena",2,"Enter_Zone",4
"000:47:18.216","Info","Arena",2,"Exit_Zone",4
"000:47:18.216","Info","Arena",2,"Enter_Zone",2
"000:47:19.176","Info","Arena",2,"Exit_Zone",2
"000:47:19.176","Info","Arena",2,"Enter_Zone",4
"000:47:19.576","Info","Arena",2,"Exit_Zone",4
"000:47:19.576","Info","Arena",2,"Enter_Zone",3
"000:47:48.104","Info","Arena",2,"Exit_Zone",3
"000:47:48.104","Info","Arena",2,"Enter_Zone",4
"000:47:49.338","Info","Arena",2,"Exit_Zone",4
"000:47:49.338","Info","Arena",2,"Enter_Zone",2
"000:47:52.604","Info","Arena",2,"Exit_Zone",2
"000:47:52.604","Info","Arena",2,"Enter_Zone",4
"000:47:52.636","Info","Arena",2,"Exit_Zone",4
"000:47:52.636","Info","Arena",2,"Enter_Zone",2
"000:47:52.669","Info","Arena",2,"Exit_Zone",2
"000:47:52.669","Info","Arena",2,"Enter_Zone",4
"000:47:52.707","Info","Arena",2,"Exit_Zone",4
"000:47:52.707","Info","Arena",2,"Enter_Zone",2
"000:47:52.736","Info","Arena",2,"Exit_Zone",2
"000:47:52.736","Info","Arena",2,"Enter_Zone",4
"000:47:57.169","Info","Arena",2,"Exit_Zone",4
"000:47:57.169","Info","Arena",2,"Enter_Zone",2
"000:48:02.334","Info","Arena",2,"Exit_Zone",2
"000:48:02.334","Info","Arena",2,"Enter_Zone",4
"000:48:02.434","Info","Arena",2,"Exit_Zone",4
"000:48:02.434","Info","Arena",2,"Enter_Zone",2
"000:48:02.467","Info","Arena",2,"Exit_Zone",2
"000:48:02.467","Info","Arena",2,"Enter_Zone",4
"000:48:02.602","Info","Arena",2,"Exit_Zone",4
"000:48:02.602","Info","Arena",2,"Enter_Zone",2
"000:48:02.667","Info","Arena",2,"Exit_Zone",2
"000:48:02.667","Info","Arena",2,"Enter_Zone",4
"000:48:04.067","Info","Arena",2,"Exit_Zone",4
"000:48:04.067","Info","Arena",2,"Enter_Zone",1
"000:48:13.466","Info","Arena",2,"Exit_Zone",1
"000:48:13.466","Info","Arena",2,"Enter_Zone",4
"000:48:14.665","Info","Arena",2,"Exit_Zone",4
"000:48:14.665","Info","Arena",2,"Enter_Zone",3
"000:49:19.023","Info","Arena",2,"Exit_Zone",3
"000:49:19.023","Info","Arena",2,"Enter_Zone",4
"000:49:19.486","Info","Arena",2,"Exit_Zone",4
"000:49:19.486","Info","Arena",2,"Enter_Zone",2
"000:49:34.950","Info","Arena",2,"Exit_Zone",2
"000:49:34.950","Info","Arena",2,"Enter_Zone",4
"000:49:38.352","Info","Arena",2,"Exit_Zone",4
"000:49:38.352","Info","Arena",2,"Enter_Zone",3
"000:49:50.246","Info","Arena",2,"Exit_Zone",3
"000:49:50.246","Info","Arena",2,"Enter_Zone",4
"000:49:53.079","Info","Arena",2,"Exit_Zone",4
"000:49:53.079","Info","Arena",2,"Enter_Zone",1
"000:50:00.848","Info","Arena",2,"Exit_Zone",1
"000:50:00.848","Info","Arena",2,"Enter_Zone",4
"000:50:04.578","Info","Arena",2,"Exit_Zone",4
"000:50:04.578","Info","Arena",2,"Enter_Zone",2
"000:50:07.777","Info","Arena",2,"Exit_Zone",2
"000:50:07.777","Info","Arena",2,"Enter_Zone",4
"000:50:09.543","Info","Arena",2,"Exit_Zone",4
"000:50:09.543","Info","Arena",2,"Enter_Zone",3
"000:50:31.738","Info","Arena",2,"Exit_Zone",3
"000:50:31.738","Info","Arena",2,"Enter_Zone",4
"000:50:33.072","Info","Arena",2,"Exit_Zone",4
"000:50:33.072","Info","Arena",2,"Enter_Zone",1
"000:50:35.874","Info","Arena",2,"Exit_Zone",1
"000:50:35.874","Info","Arena",2,"Enter_Zone",4
"000:50:37.766","Info","Arena",2,"Exit_Zone",4
"000:50:37.766","Info","Arena",2,"Enter_Zone",3
"000:51:04.766","Info","Arena",2,"Exit_Zone",3
"000:51:04.766","Info","Arena",2,"Enter_Zone",4
"000:51:05.631","Info","Arena",2,"Exit_Zone",4
"000:51:05.631","Info","Arena",2,"Enter_Zone",2
"000:51:06.598","Info","Arena",2,"Exit_Zone",2
"000:51:06.598","Info","Arena",2,"Enter_Zone",4
"000:51:06.864","Info","Arena",2,"Exit_Zone",4
"000:51:06.864","Info","Arena",2,"Enter_Zone",3
"000:51:46.690","Info","Arena",2,"Exit_Zone",3
"000:51:46.690","Info","Arena",2,"Enter_Zone",4
"000:51:47.256","Info","Arena",2,"Exit_Zone",4
"000:51:47.256","Info","Arena",2,"Enter_Zone",1
"000:51:57.421","Info","Arena",2,"Exit_Zone",1
"000:51:57.421","Info","Arena",2,"Enter_Zone",4
"000:51:58.121","Info","Arena",2,"Exit_Zone",4
"000:51:58.121","Info","Arena",2,"Enter_Zone",3
"000:52:31.614","Info","Arena",2,"Exit_Zone",3
"000:52:31.614","Info","Arena",2,"Enter_Zone",4
"000:52:32.614","Info","Arena",2,"Exit_Zone",4
"000:52:32.614","Info","Arena",2,"Enter_Zone",2
"000:52:34.317","Info","Arena",2,"Exit_Zone",2
"000:52:34.317","Info","Arena",2,"Enter_Zone",4
"000:52:34.880","Info","Arena",2,"Exit_Zone",4
"000:52:34.880","Info","Arena",2,"Enter_Zone",3
"000:52:39.379","Info","Arena",2,"Exit_Zone",3
"000:52:39.379","Info","Arena",2,"Enter_Zone",4
"000:52:40.316","Info","Arena",2,"Exit_Zone",4
"000:52:40.316","Info","Arena",2,"Enter_Zone",1
"000:52:47.279","Info","Arena",2,"Exit_Zone",1
"000:52:47.279","Info","Arena",2,"Enter_Zone",4
"000:52:47.444","Info","Arena",2,"Exit_Zone",4
"000:52:47.444","Info","Arena",2,"Enter_Zone",1
"000:52:54.843","Info","Arena",2,"Exit_Zone",1
"000:52:54.843","Info","Arena",2,"Enter_Zone",4
"000:52:55.313","Info","Arena",2,"Exit_Zone",4
"000:52:55.313","Info","Arena",2,"Enter_Zone",1
"000:52:55.443","Info","Arena",2,"Exit_Zone",1
"000:52:55.443","Info","Arena",2,"Enter_Zone",4
"000:52:55.480","Info","Arena",2,"Exit_Zone",4
"000:52:55.480","Info","Arena",2,"Enter_Zone",1
"000:52:56.410","Info","Arena",2,"Exit_Zone",1
"000:52:56.410","Info","Arena",2,"Enter_Zone",4
"000:52:56.611","Info","Arena",2,"Exit_Zone",4
"000:52:56.611","Info","Arena",2,"Enter_Zone",1
"000:52:56.646","Info","Arena",2,"Exit_Zone",1
"000:52:56.646","Info","Arena",2,"Enter_Zone",4
"000:53:00.009","Info","Arena",2,"Exit_Zone",4
"000:53:00.009","Info","Arena",2,"Enter_Zone",3
"000:53:09.174","Info","Arena",2,"Exit_Zone",3
"000:53:09.174","Info","Arena",2,"Enter_Zone",4
"000:53:09.907","Info","Arena",2,"Exit_Zone",4
"000:53:09.907","Info","Arena",2,"Enter_Zone",2
"000:53:13.810","Info","Arena",2,"Exit_Zone",2
"000:53:13.810","Info","Arena",2,"Enter_Zone",4
"000:53:14.106","Info","Arena",2,"Exit_Zone",4
"000:53:14.106","Info","Arena",2,"Enter_Zone",3
"000:53:29.070","Info","Arena",2,"Exit_Zone",3
"000:53:29.070","Info","Arena",2,"Enter_Zone",4
"000:53:29.474","Info","Arena",2,"Exit_Zone",4
"000:53:29.474","Info","Arena",2,"Enter_Zone",2
"000:54:52.820","Info","Arena",2,"Exit_Zone",2
"000:54:52.820","Info","Arena",2,"Enter_Zone",4
"000:54:53.386","Info","Arena",2,"Exit_Zone",4
"000:54:53.386","Info","Arena",2,"Enter_Zone",3
"000:54:54.921","Info","Arena",2,"Exit_Zone",3
"000:54:54.921","Info","Arena",2,"Enter_Zone",4
"000:54:55.459","Info","Arena",2,"Exit_Zone",4
"000:54:55.459","Info","Arena",2,"Enter_Zone",2
"000:55:06.884","Info","Arena",2,"Exit_Zone",2
"000:55:06.884","Info","Arena",2,"Enter_Zone",4
"000:55:07.350","Info","Arena",2,"Exit_Zone",4
"000:55:07.350","Info","Arena",2,"Enter_Zone",3
"000:55:09.454","Info","Arena",2,"Exit_Zone",3
"000:55:09.454","Info","Arena",2,"Enter_Zone",4
"000:55:10.216","Info","Arena",2,"Exit_Zone",4
"000:55:10.216","Info","Arena",2,"Enter_Zone",2
"000:55:14.517","Info","Arena",2,"Exit_Zone",2
"000:55:14.517","Info","Arena",2,"Enter_Zone",4
"000:55:15.149","Info","Arena",2,"Exit_Zone",4
"000:55:15.149","Info","Arena",2,"Enter_Zone",3
"000:55:17.181","Info","Arena",2,"Exit_Zone",3
"000:55:17.181","Info","Arena",2,"Enter_Zone",4
"000:55:18.248","Info","Arena",2,"Exit_Zone",4
"000:55:18.248","Info","Arena",2,"Enter_Zone",2
"000:55:20.119","Info","Arena",2,"Exit_Zone",2
"000:55:20.119","Info","Arena",2,"Enter_Zone",4
"000:55:20.785","Info","Arena",2,"Exit_Zone",4
"000:55:20.785","Info","Arena",2,"Enter_Zone",1
"000:55:38.577","Info","Arena",2,"Exit_Zone",1
"000:55:38.577","Info","Arena",2,"Enter_Zone",4
"000:55:39.244","Info","Arena",2,"Exit_Zone",4
"000:55:39.244","Info","Arena",2,"Enter_Zone",3
"000:55:41.447","Info","Arena",2,"Exit_Zone",3
"000:55:41.447","Info","Arena",2,"Enter_Zone",4
"000:55:42.377","Info","Arena",2,"Exit_Zone",4
"000:55:42.377","Info","Arena",2,"Enter_Zone",2
"000:55:44.911","Info","Arena",2,"Exit_Zone",2
"000:55:44.911","Info","Arena",2,"Enter_Zone",4
"000:55:46.279","Info","Arena",2,"Exit_Zone",4
"000:55:46.279","Info","Arena",2,"Enter_Zone",1
"000:56:06.307","Info","Arena",2,"Exit_Zone",1
"000:56:06.307","Info","Arena",2,"Enter_Zone",4
"000:56:07.307","Info","Arena",2,"Exit_Zone",4
"000:56:07.307","Info","Arena",2,"Enter_Zone",2
"000:56:21.504","Info","Arena",2,"Exit_Zone",2
"000:56:21.504","Info","Arena",2,"Enter_Zone",4
"000:56:22.535","Info","Arena",2,"Exit_Zone",4
"000:56:22.535","Info","Arena",2,"Enter_Zone",3
"000:56:41.032","Info","Arena",2,"Exit_Zone",3
"000:56:41.032","Info","Arena",2,"Enter_Zone",4
"000:56:42.768","Info","Arena",2,"Exit_Zone",4
"000:56:42.768","Info","Arena",2,"Enter_Zone",2
"000:56:45.397","Info","Arena",2,"Exit_Zone",2
"000:56:45.397","Info","Arena",2,"Enter_Zone",4
"000:56:48.197","Info","Arena",2,"Exit_Zone",4
"000:56:48.197","Info","Arena",2,"Enter_Zone",1
"000:57:07.337","Info","Arena",2,"Exit_Zone",1
"000:57:07.337","Info","Arena",2,"Enter_Zone",4
"000:57:07.366","Info","Arena",2,"Exit_Zone",4
"000:57:07.366","Info","Arena",2,"Enter_Zone",1
"000:57:07.394","Info","Arena",2,"Exit_Zone",1
"000:57:07.394","Info","Arena",2,"Enter_Zone",4
"000:57:07.494","Info","Arena",2,"Exit_Zone",4
"000:57:07.494","Info","Arena",2,"Enter_Zone",1
"000:57:07.660","Info","Arena",2,"Exit_Zone",1
"000:57:07.660","Info","Arena",2,"Enter_Zone",4
"000:57:07.726","Info","Arena",2,"Exit_Zone",4
"000:57:07.726","Info","Arena",2,"Enter_Zone",1
"000:57:07.793","Info","Arena",2,"Exit_Zone",1
"000:57:07.793","Info","Arena",2,"Enter_Zone",4
"000:57:08.766","Info","Arena",2,"Exit_Zone",4
"000:57:08.766","Info","Arena",2,"Enter_Zone",3
"000:57:11.859","Info","Arena",2,"Exit_Zone",3
"000:57:11.859","Info","Arena",2,"Enter_Zone",4
"000:57:13.026","Info","Arena",2,"Exit_Zone",4
"000:57:13.026","Info","Arena",2,"Enter_Zone",1
"000:57:17.391","Info","Arena",2,"Exit_Zone",1
"000:57:17.391","Info","Arena",2,"Enter_Zone",4
"000:57:17.958","Info","Arena",2,"Exit_Zone",4
"000:57:17.958","Info","Arena",2,"Enter_Zone",2
"000:57:42.757","Info","Arena",2,"Exit_Zone",2
"000:57:42.757","Info","Arena",2,"Enter_Zone",4
"000:57:45.325","Info","Arena",2,"Exit_Zone",4
"000:57:45.325","Info","Arena",2,"Enter_Zone",3
"000:57:48.019","Info","Arena",2,"Exit_Zone",3
"000:57:48.019","Info","Arena",2,"Enter_Zone",4
"000:57:48.886","Info","Arena",2,"Exit_Zone",4
"000:57:48.886","Info","Arena",2,"Enter_Zone",1
"000:58:02.949","Info","Arena",2,"Exit_Zone",1
"000:58:02.949","Info","Arena",2,"Enter_Zone",4
"000:58:04.348","Info","Arena",2,"Exit_Zone",4
"000:58:04.348","Info","Arena",2,"Enter_Zone",3
"000:58:07.086","Info","Arena",2,"Exit_Zone",3
"000:58:07.086","Info","Arena",2,"Enter_Zone",4
"000:58:07.781","Info","Arena",2,"Exit_Zone",4
"000:58:07.781","Info","Arena",2,"Enter_Zone",2
"000:58:19.112","Info","Arena",2,"Exit_Zone",2
"000:58:19.112","Info","Arena",2,"Enter_Zone",4
"000:58:20.212","Info","Arena",2,"Exit_Zone",4
"000:58:20.212","Info","Arena",2,"Enter_Zone",3
"000:58:25.044","Info","Arena",2,"Exit_Zone",3
"000:58:25.044","Info","Arena",2,"Enter_Zone",4
"000:58:26.144","Info","Arena",2,"Exit_Zone",4
"000:58:26.144","Info","Arena",2,"Enter_Zone",3
"000:58:50.078","Info","Arena",2,"Exit_Zone",3
"000:58:50.078","Info","Arena",2,"Enter_Zone",4
"000:58:50.743","Info","Arena",2,"Exit_Zone",4
"000:58:50.743","Info","Arena",2,"Enter_Zone",2
"000:58:52.873","Info","Arena",2,"Exit_Zone",2
"000:58:52.873","Info","Arena",2,"Enter_Zone",4
"000:59:00.076","Info","Arena",2,"Exit_Zone",4
"000:59:00.076","Info","Arena",2,"Enter_Zone",3
"000:59:07.670","Info","Arena",2,"Exit_Zone",3
"000:59:07.670","Info","Arena",2,"Enter_Zone",4
"000:59:09.702","Info","Arena",2,"Exit_Zone",4
"000:59:09.702","Info","Arena",2,"Enter_Zone",2
"000:59:17.034","Info","Arena",2,"Exit_Zone",2
"000:59:17.034","Info","Arena",2,"Enter_Zone",4
"000:59:17.101","Info","Arena",2,"Exit_Zone",4
"000:59:17.101","Info","Arena",2,"Enter_Zone",2
"000:59:17.201","Info","Arena",2,"Exit_Zone",2
"000:59:17.201","Info","Arena",2,"Enter_Zone",4
"000:59:18.238","Info","Arena",2,"Exit_Zone",4
"000:59:18.238","Info","Arena",2,"Enter_Zone",3
"000:59:24.736","Info","Arena",2,"Exit_Zone",3
"000:59:24.736","Info","Arena",2,"Enter_Zone",4
"000:59:26.816","Info","Arena",2,"Exit_Zone",4
"000:59:26.816","Info","Arena",2,"Enter_Zone",1
"000:59:40.568","Info","Arena",2,"Exit_Zone",1
"000:59:40.568","Info","Arena",2,"Enter_Zone",4
"000:59:42.400","Info","Arena",2,"Exit_Zone",4
"000:59:42.400","Info","Arena",2,"Enter_Zone",3
"000:59:45.628","Info","Arena",2,"Exit_Zone",3
"000:59:45.628","Info","Arena",2,"Enter_Zone",4
"000:59:46.362","Info","Arena",2,"Exit_Zone",4
"000:59:46.362","Info","Arena",2,"Enter_Zone",1
"000:59:59.626","Info","Arena",2,"Exit_Zone",1
"000:59:59.626","Info","Arena",2,"Enter_Zone",4
"001:00:01.026","Info","Arena",2,"Exit_Zone",4
"001:00:01.026","Info","Arena",2,"Enter_Zone",2
"001:00:09.291","Info","Arena",2,"Exit_Zone",2
"001:00:09.291","Info","Arena",2,"Enter_Zone",4
"001:00:13.356","Info","Arena",2,"Exit_Zone",4
"001:00:13.356","Info","Arena",2,"Enter_Zone",3
"001:00:20.088","Info","Arena",2,"Exit_Zone",3
"001:00:20.088","Info","Arena",2,"Enter_Zone",4
"001:00:20.755","Info","Arena",2,"Exit_Zone",4
"001:00:20.755","Info","Arena",2,"Enter_Zone",2
"001:00:26.421","Info","Arena",2,"Exit_Zone",2
"001:00:26.421","Info","Arena",2,"Enter_Zone",4
"001:00:27.154","Info","Arena",2,"Exit_Zone",4
"001:00:27.154","Info","Arena",2,"Enter_Zone",1
"001:00:30.714","Info","2022-01-06 06:35:00","Service 'qwer_large_detect_vid' : Execution end"
